Trial,Person1,Person2,Person3,Person4,Person5,Person6,Person7,Person8
1,0.65,7.62,7.51,1.68,5.77,4.79,1.06,10.92
2,8.95,6.13,5.22,0.44,3.12,7.46,7.66,1.02
3,3.3,1.15,4.77,4.33,1.74,7.32,3.96,13.43
4,3.84,9.86,1.28,1.4,1.28,8.83,10.52,2.99
5,0.7,7.39,6.34,5.69,6.67,6.15,2.97,4.09
6,5.37,8.7,2.92,2.89,5.18,1.31,3.56,10.07
7,2.34,3.52,1.6,2.5,3.92,12.35,10.2,3.57
8,2.37,9.6,1.31,6.46,7.9,5.86,3.96,2.54
9,5.48,9.69,1.26,1.03,9.87,7.33,4.07,1.27
10,3.75,6.55,2.23,10.89,3.81,5.37,6.85,0.55
11,5.32,6.95,8.86,2.47,4.62,4.46,5.34,1.98
12,4.89,4.92,1.14,2.2,12.68,4.67,5.61,3.89
13,4.57,6.9,1.72,1.05,4.8,10.9,3.07,6.99
14,2.75,3.39,1.85,5.09,5.35,6.73,7.15,7.69
15,5.74,3.63,4.89,5.64,2.53,8.27,9.19,0.11
16,4.93,3.94,7.88,7.8,5.0,6.68,0.55,3.22
17,7.78,8.16,5.47,1.86,4.41,7.11,3.18,2.03
18,1.89,10.08,4.93,4.0,6.32,4.48,5.09,3.21
19,1.83,4.7,1.64,9.69,1.11,4.74,14.66,1.63
20,5.52,4.49,4.31,5.72,2.66,5.05,7.22,5.03
21,1.69,5.4,2.83,9.49,9.66,1.58,1.06,8.29
22,9.54,5.08,2.67,5.12,4.21,3.52,3.96,5.9
23,7.06,4.12,5.15,5.64,4.81,6.45,3.55,3.22
24,8.48,8.88,2.29,5.46,4.17,4.86,4.99,0.87
25,5.95,1.1,4.61,5.77,2.57,9.15,6.78,4.07
26,2.99,8.75,6.95,6.32,6.74,2.28,2.32,3.65
27,8.63,7.32,1.79,5.19,5.31,0.84,0.78,10.14
28,7.04,1.1,0.64,12.41,5.39,4.4,5.9,3.12
29,7.29,8.97,3.83,5.22,3.88,5.72,4.71,0.38
30,6.52,2.17,7.39,1.51,7.11,0.7,11.02,3.58
31,5.11,8.89,5.14,7.24,5.31,4.65,2.39,1.27
32,0.83,1.14,5.59,5.87,10.61,8.7,3.98,3.28
33,3.47,3.85,8.55,6.94,0.5,8.75,1.6,6.34
34,5.21,9.84,0.54,9.21,3.38,4.11,5.25,2.46
35,9.54,4.29,5.87,7.91,4.19,1.11,2.74,4.35
36,1.15,5.07,5.54,11.15,3.29,0.76,5.18,7.86
37,0.74,5.23,7.99,0.88,12.29,2.85,8.67,1.35
38,3.21,9.85,8.77,0.41,3.98,6.23,1.87,5.68
39,3.58,3.44,0.58,3.2,1.99,16.72,9.57,0.92
40,8.22,7.15,1.72,0.9,6.1,8.25,4.6,3.06
41,3.37,2.75,8.86,2.92,9.39,6.45,2.39,3.87
42,2.66,4.93,5.0,6.9,1.02,12.77,5.74,0.98
43,7.3,1.34,10.08,6.84,2.31,4.89,2.53,4.71
44,5.06,3.62,4.05,6.41,6.47,4.18,6.74,3.47
45,3.04,6.57,9.22,3.02,3.19,4.47,9.82,0.67
46,6.85,1.33,8.79,4.11,7.55,4.82,1.73,4.82
47,0.59,1.34,8.07,6.0,6.52,1.09,12.32,4.07
48,7.46,3.98,6.03,7.03,5.22,0.89,7.2,2.19
49,2.2,7.9,2.76,10.53,4.91,4.23,1.24,6.23
50,5.65,8.62,2.59,7.25,6.45,2.75,5.65,1.04
51,4.0,4.29,8.61,2.87,5.36,1.82,4.82,8.23
52,6.39,3.4,9.47,0.65,0.56,6.92,8.87,3.74
53,0.51,1.17,9.0,2.45,9.98,1.72,8.59,6.58
54,3.97,5.1,3.93,4.91,4.57,2.19,11.94,3.39
55,6.08,9.5,6.55,0.69,4.42,1.75,3.91,7.1
56,5.6,0.69,5.99,2.8,6.58,4.22,6.15,7.97
57,3.14,10.03,5.82,1.26,9.16,6.64,1.18,2.77
58,3.5,5.03,9.58,7.82,0.53,1.19,2.86,9.49
59,3.69,9.69,2.92,5.12,3.89,7.92,2.82,3.95
60,7.22,0.69,7.14,7.52,8.02,0.84,3.78,4.79
61,8.42,4.44,1.67,7.38,8.16,1.33,6.39,2.21
62,7.64,4.9,1.19,3.08,7.47,1.35,2.11,12.26
63,8.89,1.24,5.49,9.47,4.47,4.62,1.59,4.23
64,6.11,2.36,5.93,7.29,2.67,6.5,5.29,3.85
65,2.82,7.25,7.73,4.47,8.12,6.4,0.79,2.42
66,6.57,9.31,0.72,7.22,7.94,2.48,1.52,4.24
67,6.75,0.81,9.06,7.84,7.07,0.54,4.48,3.45
68,1.75,7.74,9.0,4.56,1.55,7.06,3.15,5.19
69,3.32,8.97,1.32,5.84,1.78,10.34,8.13,0.3
70,9.65,5.84,7.18,6.65,2.3,3.54,3.97,0.87
71,7.86,7.59,6.44,6.77,2.62,5.69,1.62,1.41
72,1.3,4.17,8.76,1.3,8.85,2.29,1.95,11.38
73,3.07,3.91,6.63,9.91,2.39,3.86,5.87,4.36
74,1.85,5.84,3.54,8.11,1.35,3.73,15.24,0.34
75,6.73,4.54,9.05,2.87,1.43,2.74,6.9,5.74
76,5.16,9.28,6.0,1.85,0.76,7.01,5.26,4.68
77,5.48,4.3,9.17,1.97,5.07,1.07,4.36,8.58
78,6.35,1.94,9.56,1.44,2.68,6.88,7.64,3.51
79,9.41,0.58,9.58,4.73,3.15,4.3,2.52,5.73
80,2.0,3.36,3.18,0.96,11.51,7.23,9.62,2.14
81,4.34,6.01,4.91,0.93,2.89,3.28,9.77,7.87
82,6.02,2.06,7.96,6.55,3.61,3.83,9.56,0.41
83,8.69,7.42,4.56,3.95,4.6,4.62,1.71,4.45
84,3.93,8.03,1.62,4.12,2.22,5.71,4.91,9.46
85,6.11,4.21,8.43,7.73,4.06,4.59,2.46,2.41
86,0.51,5.76,7.15,9.3,0.65,2.94,1.6,12.09
87,1.87,2.95,1.27,4.59,8.44,6.05,13.43,1.4
88,3.26,2.9,1.67,2.31,10.44,6.47,3.03,9.92
89,3.86,5.73,6.14,1.19,5.25,8.75,7.98,1.1
90,9.26,7.36,4.22,4.96,3.3,5.93,3.89,1.08
91,5.45,8.71,2.46,1.04,7.86,4.37,2.54,7.57
92,4.3,8.17,8.53,5.12,3.5,1.48,2.54,6.36
93,9.99,1.46,4.14,7.64,4.28,7.78,2.31,2.4
94,6.65,6.41,6.68,4.27,1.45,9.48,4.31,0.75
95,9.73,6.89,7.29,5.67,4.71,1.26,3.56,0.89
96,5.91,2.17,5.8,9.63,0.66,3.54,7.93,4.36
97,6.51,5.25,3.62,3.25,2.98,6.55,6.71,5.13
98,5.65,9.3,2.84,4.78,5.75,6.78,0.77,4.13
99,3.92,1.86,3.11,0.89,12.63,9.05,0.9,7.64
100,8.14,3.07,4.44,1.11,2.79,12.08,4.2,4.17
101,4.21,4.35,5.8,7.96,2.28,1.96,4.38,9.06
102,5.1,6.6,7.13,6.33,3.91,1.79,0.9,8.24
103,7.52,0.76,1.63,8.24,7.18,4.47,5.57,4.63
104,3.9,1.08,2.67,1.02,4.37,3.55,2.41,21.0
105,4.66,4.83,1.48,0.78,3.18,11.9,12.21,0.96
106,7.03,1.31,6.12,1.51,2.22,7.82,11.36,2.63
107,1.68,4.66,6.3,4.76,4.06,1.01,7.93,9.6
108,2.29,1.67,2.37,1.61,3.88,17.15,4.9,6.13
109,9.81,0.77,5.77,1.5,6.28,1.85,10.91,3.11
110,9.52,4.27,7.73,5.44,3.4,4.15,2.22,3.27
111,5.19,8.77,5.32,0.58,7.85,2.72,0.96,8.61
112,7.93,2.41,4.08,4.63,4.33,10.2,0.46,5.96
113,9.16,7.33,4.22,6.58,4.07,1.41,6.08,1.15
114,7.69,5.88,0.47,10.27,4.65,2.79,4.11,4.14
115,9.58,8.47,6.76,2.44,0.59,2.76,2.64,6.76
116,6.74,2.16,3.92,10.45,6.65,5.2,2.82,2.06
117,8.32,8.69,5.98,2.49,1.46,0.78,4.67,7.61
118,3.97,3.09,4.96,8.89,8.03,7.14,0.93,2.99
119,1.69,0.58,3.09,2.42,4.77,12.08,8.5,6.87
120,1.73,9.94,2.06,7.08,7.05,6.43,4.63,1.08
121,4.36,4.88,6.82,4.37,6.4,1.59,1.01,10.57
122,5.27,9.61,7.79,6.93,3.79,0.57,2.96,3.08
123,6.33,8.65,5.61,2.73,1.65,1.79,3.09,10.15
124,3.38,4.01,6.36,6.78,4.48,7.72,3.59,3.68
125,9.62,3.91,2.82,3.05,6.1,6.58,4.48,3.44
126,6.3,2.9,0.67,1.69,7.69,12.45,5.17,3.13
127,3.58,9.44,8.72,3.91,0.98,8.29,2.18,2.9
128,7.4,1.39,6.66,6.97,0.45,9.38,1.53,6.22
129,3.11,3.65,1.83,9.25,3.79,11.97,2.24,4.16
130,0.64,10.06,2.14,4.63,1.83,9.01,11.16,0.53
131,9.57,6.42,7.05,4.97,4.28,0.86,0.86,5.99
132,5.17,1.64,3.13,3.05,7.13,8.15,1.37,10.36
133,7.39,1.49,10.12,6.01,1.69,2.77,6.65,3.88
134,7.68,8.48,6.67,1.94,6.92,1.53,4.45,2.33
135,7.13,0.69,5.75,9.26,0.55,9.84,5.03,1.75
136,0.64,8.2,5.73,5.31,7.48,5.26,0.43,6.95
137,2.15,10.74,7.66,3.59,7.58,2.67,2.46,3.15
138,7.58,4.57,5.23,4.95,2.65,1.68,11.56,1.78
139,5.92,8.55,7.21,1.8,3.46,6.3,1.2,5.56
140,7.84,5.84,3.96,1.27,6.35,3.94,3.39,7.41
141,9.34,6.16,1.85,2.45,0.63,7.94,1.48,10.15
142,5.12,3.9,3.58,5.69,9.28,2.38,6.19,3.86
143,6.02,1.55,1.58,5.91,9.14,1.52,10.06,4.22
144,7.69,1.82,3.04,2.12,4.67,10.25,2.99,7.42
145,8.28,2.14,2.19,5.81,1.46,12.55,2.06,5.51
146,7.88,2.62,9.18,4.8,3.06,3.64,4.31,4.51
147,4.62,5.4,3.14,2.61,10.49,7.16,1.97,4.61
148,6.28,6.45,7.45,7.91,1.79,0.39,3.8,5.93
149,8.7,2.25,4.02,6.37,0.68,10.79,5.55,1.64
150,4.17,8.83,6.28,2.18,3.4,7.88,5.36,1.9
151,0.81,9.56,4.34,1.35,11.67,2.72,1.37,8.18
152,3.24,8.95,5.45,5.56,3.6,3.37,3.03,6.8
153,8.19,4.75,5.45,5.36,5.98,5.86,0.57,3.84
154,0.86,5.4,7.69,5.58,1.89,7.0,6.66,4.92
155,3.04,9.28,7.96,6.42,2.54,3.4,0.77,6.59
156,1.99,4.96,3.85,4.84,4.8,10.0,1.51,8.05
157,2.17,2.18,2.25,5.75,8.53,0.78,3.98,14.36
158,9.63,7.6,0.43,5.97,1.72,2.79,8.44,3.42
159,0.68,10.02,4.93,9.48,6.23,1.55,4.36,2.75
160,1.65,9.11,9.56,5.22,2.91,4.22,2.17,5.16
161,2.62,9.3,7.8,3.87,4.84,1.29,0.63,9.65
162,2.93,7.94,8.06,8.42,2.69,1.22,4.89,3.85
163,3.89,3.75,4.56,1.8,9.25,11.15,2.01,3.59
164,5.62,7.61,1.41,9.87,2.47,2.62,5.33,5.07
165,4.72,7.04,7.95,1.31,8.51,2.09,7.93,0.45
166,1.71,5.66,7.11,9.86,5.54,6.58,1.63,1.91
167,3.88,2.55,5.85,2.55,6.18,11.51,1.79,5.69
168,9.84,2.93,6.93,3.92,5.38,1.11,1.68,8.21
169,9.92,2.88,8.9,0.46,6.96,7.22,2.63,1.03
170,6.44,3.56,9.01,5.74,7.21,0.66,1.12,6.26
171,2.52,7.72,5.31,4.05,8.43,1.57,1.91,8.49
172,4.92,1.97,8.67,8.66,1.94,4.35,5.6,3.89
173,7.4,9.19,3.89,6.85,2.23,2.35,1.29,6.8
174,1.7,10.89,2.78,4.76,4.32,4.85,10.21,0.49
175,2.9,4.59,9.54,3.26,5.13,8.11,1.25,5.22
176,2.4,7.83,2.57,8.75,4.3,8.72,4.08,1.35
177,6.25,1.46,9.12,8.08,0.45,2.55,2.86,9.23
178,3.62,5.24,10.13,6.02,2.06,5.08,2.93,4.92
179,3.5,6.16,4.5,5.67,5.45,6.5,1.7,6.52
180,9.45,0.69,9.66,3.54,2.02,3.41,4.98,6.25
181,6.89,1.39,6.3,4.48,4.24,0.58,12.7,3.42
182,5.47,2.33,8.93,8.98,5.91,3.96,4.02,0.4
183,1.13,11.05,6.53,3.94,6.95,2.24,7.45,0.71
184,6.47,4.49,0.91,6.87,3.91,7.72,9.1,0.53
185,6.95,6.09,8.22,1.51,2.43,7.54,7.11,0.15
186,8.97,8.47,4.61,0.6,6.14,5.07,1.78,4.36
187,6.39,1.73,1.93,4.49,11.89,1.85,5.97,5.75
188,2.72,0.81,5.68,5.52,0.75,5.21,18.15,1.16
189,0.58,8.81,8.03,3.81,2.06,9.22,6.27,1.22
190,1.72,0.7,9.35,5.11,6.53,5.98,3.6,7.01
191,4.66,2.14,5.78,1.85,0.78,9.87,7.73,7.19
192,1.2,8.97,8.5,3.71,7.29,4.2,4.77,1.36
193,4.36,5.5,4.25,9.05,1.69,8.42,2.64,4.09
194,2.58,8.71,9.16,4.2,6.99,4.09,1.5,2.77
195,2.38,3.04,4.4,3.0,7.18,1.9,7.23,10.87
196,4.22,8.04,0.99,5.74,3.76,7.08,1.93,8.24
197,9.14,1.5,4.52,5.09,8.06,2.52,7.97,1.2
198,0.69,4.69,7.83,5.56,4.42,3.64,3.42,9.75
199,4.72,2.69,2.94,2.09,9.09,5.43,12.76,0.28
200,1.64,6.73,5.28,6.85,4.71,3.27,8.78,2.74
201,8.4,4.03,2.42,8.75,1.39,1.11,11.15,2.75
202,0.97,6.03,5.79,0.59,4.96,7.53,7.61,6.52
203,0.71,8.44,0.69,2.63,8.34,10.37,0.47,8.35
204,2.32,4.01,3.89,3.56,10.15,9.29,4.69,2.09
205,9.78,0.9,9.5,2.02,2.25,8.94,2.37,4.24
206,5.77,8.8,5.19,1.11,4.89,7.79,2.43,4.02
207,9.36,1.59,8.64,6.23,5.5,1.0,0.39,7.29
208,4.85,2.52,7.97,7.93,2.18,2.57,9.32,2.66
209,0.53,2.72,0.92,7.88,10.71,11.07,3.44,2.73
210,3.93,6.24,5.78,0.95,1.24,9.05,6.68,6.13
211,9.74,4.23,3.23,2.82,4.96,1.88,5.48,7.66
212,5.9,3.04,3.86,5.22,6.73,10.04,2.5,2.71
213,4.41,5.8,3.83,1.4,7.93,11.04,4.5,1.09
214,9.76,4.41,2.37,6.43,6.02,6.73,0.6,3.68
215,0.53,6.46,10.12,7.17,3.6,1.78,6.21,4.13
216,7.7,3.46,4.95,5.56,1.96,7.39,4.56,4.42
217,8.6,0.82,0.79,9.0,7.71,1.47,11.11,0.5
218,9.54,0.77,3.95,3.67,3.62,7.11,3.95,7.39
219,7.09,8.9,2.8,4.04,2.95,5.54,5.52,3.16
220,8.66,2.9,7.06,6.72,5.18,4.87,3.81,0.8
221,3.91,6.41,7.25,8.44,4.23,2.37,5.9,1.49
222,5.74,8.08,3.18,4.22,7.65,2.96,5.84,2.33
223,6.6,6.26,1.62,8.44,2.74,6.59,4.15,3.6
224,9.65,5.41,5.42,6.33,6.21,2.72,0.32,3.94
225,9.06,5.24,0.79,5.32,3.42,6.99,3.93,5.25
226,6.45,6.73,4.49,2.09,2.23,1.33,12.59,4.09
227,7.73,7.9,5.39,4.47,0.58,2.27,9.75,1.91
228,2.59,4.29,3.91,0.7,13.17,5.64,9.03,0.67
229,3.34,6.73,4.28,2.02,1.85,8.29,7.08,6.41
230,2.09,4.11,2.09,6.48,8.83,4.46,7.08,4.86
231,5.87,0.92,9.76,5.2,4.88,4.68,2.94,5.75
232,7.0,1.84,9.73,0.6,3.41,2.78,12.2,2.44
233,7.85,7.14,7.71,3.79,6.2,4.8,1.35,1.16
234,5.5,7.66,2.03,3.77,5.56,10.03,4.26,1.19
235,8.53,2.87,5.16,3.32,8.45,6.21,2.33,3.13
236,3.26,9.97,7.48,1.62,3.02,9.27,1.01,4.37
237,3.94,3.09,8.5,8.32,2.29,3.68,1.48,8.7
238,2.38,2.86,4.02,2.29,11.62,5.87,9.13,1.83
239,4.89,3.0,1.98,3.5,13.09,8.25,3.64,1.65
240,7.9,5.91,2.15,8.8,4.72,2.23,7.69,0.6
241,7.99,4.11,1.7,1.86,9.62,5.98,2.37,6.37
242,9.74,1.45,0.79,9.62,1.06,11.04,4.3,2.0
243,2.42,3.25,3.5,12.18,3.52,0.84,13.36,0.93
244,6.76,4.02,5.11,1.48,2.75,3.27,13.79,2.82
245,0.6,10.15,1.82,2.41,5.64,2.25,2.97,14.16
246,2.68,6.73,9.41,5.43,7.07,0.79,7.42,0.47
247,6.59,6.02,4.94,1.57,8.67,7.54,1.49,3.18
248,6.47,1.13,2.69,4.6,10.4,1.65,4.64,8.42
249,2.91,9.57,5.58,0.68,1.28,10.47,8.23,1.28
250,1.62,2.57,1.27,6.46,4.29,14.49,4.62,4.68
251,7.87,7.77,6.16,5.77,3.08,2.93,2.82,3.6
252,5.91,4.14,1.02,10.27,4.01,3.37,2.75,8.53
253,5.64,1.63,3.83,7.2,5.15,0.94,1.88,13.73
254,1.28,3.68,8.56,3.78,9.75,1.19,0.65,11.11
255,1.58,5.76,9.97,4.95,5.8,0.4,4.28,7.26
256,2.67,1.87,3.2,7.19,10.76,5.38,6.77,2.16
257,8.46,6.38,8.23,4.92,1.04,1.82,2.01,7.14
258,4.5,6.91,4.69,6.12,6.49,2.19,3.47,5.63
259,6.3,1.64,9.09,3.91,1.78,4.23,0.7,12.35
260,9.78,3.3,4.89,1.0,8.65,7.64,3.06,1.68
261,9.14,2.41,2.09,3.0,4.28,8.92,6.73,3.43
262,6.66,1.44,6.01,6.56,6.37,2.73,4.24,5.99
263,3.98,2.39,10.93,7.85,6.32,1.46,4.14,2.93
264,6.66,6.65,4.64,8.73,6.26,1.77,1.45,3.84
265,0.97,2.87,1.04,4.05,6.01,2.54,2.94,19.58
266,4.35,3.12,5.51,5.9,4.43,8.27,7.1,1.32
267,4.31,6.41,8.87,6.48,0.42,5.81,6.83,0.87
268,5.47,6.46,2.84,0.75,8.41,1.28,7.35,7.44
269,2.1,1.23,11.92,2.58,5.18,0.95,4.88,11.16
270,3.31,0.54,10.82,8.67,5.39,0.68,10.24,0.35
271,3.42,9.99,3.21,7.75,2.35,4.67,2.4,6.21
272,2.25,1.0,4.38,4.94,8.47,7.77,4.12,7.07
273,1.85,9.81,7.82,4.23,7.48,3.55,1.76,3.5
274,5.56,4.73,8.64,3.4,4.43,2.12,3.96,7.16
275,1.75,2.06,8.53,8.22,6.33,2.84,5.53,4.74
276,1.38,3.3,1.7,12.29,8.08,1.07,5.12,7.06
277,9.67,3.68,1.61,3.28,2.76,9.15,5.5,4.35
278,8.16,0.56,5.55,1.21,6.43,0.71,10.41,6.97
279,9.74,2.18,5.57,3.19,7.99,1.79,8.31,1.23
280,4.3,0.71,6.11,1.4,9.92,11.33,4.64,1.59
281,9.54,5.79,3.84,6.22,6.3,1.22,4.46,2.63
282,8.43,6.78,5.62,7.29,3.36,4.83,1.78,1.91
283,0.7,10.61,4.2,1.28,3.26,7.59,3.91,8.45
284,4.15,6.85,7.59,6.14,5.11,5.94,0.92,3.3
285,7.54,3.67,1.2,5.05,4.4,7.58,10.43,0.13
286,4.78,4.25,9.12,2.64,5.95,1.97,1.02,10.27
287,4.58,7.96,7.8,4.79,4.98,5.38,1.39,3.12
288,2.54,3.94,1.79,10.27,2.53,11.31,3.0,4.62
289,9.71,6.27,4.86,1.1,1.15,5.68,7.81,3.42
290,0.51,1.67,5.58,1.47,10.36,6.36,9.65,4.4
291,0.61,9.8,3.7,4.63,5.69,3.35,9.29,2.93
292,4.05,1.97,1.94,3.94,9.66,2.77,14.3,1.37
293,8.27,1.04,6.88,2.49,9.9,2.71,6.74,1.97
294,0.84,0.97,3.9,10.52,11.54,7.24,4.94,0.05
295,2.73,2.3,7.39,8.84,0.93,2.03,7.1,8.68
296,4.17,2.49,7.85,3.69,3.74,3.56,4.42,10.08
297,0.71,10.1,1.1,7.18,6.69,6.42,5.19,2.61
298,3.83,0.6,11.66,3.81,8.75,1.4,2.52,7.43
299,8.41,1.56,9.51,2.01,7.03,4.81,5.42,1.25
300,1.91,2.04,5.83,1.12,10.59,6.23,4.5,7.78
301,7.94,2.88,5.01,5.75,1.97,3.88,11.08,1.49
302,8.88,7.13,7.64,2.97,1.23,7.65,3.44,1.06
303,9.86,3.89,2.68,8.8,3.42,6.12,4.35,0.88
304,8.75,1.75,7.27,7.87,5.96,0.88,4.84,2.68
305,3.59,3.12,8.6,1.05,8.43,9.74,1.46,4.01
306,7.9,5.98,5.44,5.64,2.71,3.01,9.28,0.04
307,6.37,4.81,7.25,4.12,8.26,4.22,4.0,0.97
308,8.24,6.13,7.8,1.03,3.47,5.47,2.12,5.74
309,9.84,2.2,0.96,5.22,2.82,6.3,12.35,0.31
310,2.62,5.98,9.37,2.33,8.05,7.6,0.84,3.21
311,7.41,1.38,5.42,0.8,5.51,9.56,6.25,3.67
312,6.79,1.78,1.49,6.63,6.7,0.83,14.0,1.78
313,5.87,4.71,7.84,6.6,4.5,4.48,2.86,3.14
314,4.01,1.67,1.47,12.17,0.76,9.85,9.15,0.92
315,1.85,4.71,3.75,6.98,0.8,7.08,1.14,13.69
316,8.91,3.43,2.57,1.25,1.08,4.41,12.77,5.58
317,5.64,3.18,1.86,6.78,6.63,4.99,1.47,9.45
318,5.35,5.05,8.05,6.45,3.54,0.98,9.71,0.87
319,4.22,5.77,4.49,8.84,0.95,1.7,1.88,12.15
320,9.71,2.08,4.36,8.52,4.2,1.78,2.62,6.73
321,6.73,6.76,5.65,2.64,8.52,2.45,0.53,6.72
322,8.36,3.96,5.18,8.7,6.32,4.98,1.68,0.82
323,6.8,3.55,2.96,1.19,2.18,3.27,2.71,17.34
324,0.89,10.04,7.83,1.04,4.69,1.25,10.93,3.33
325,7.35,5.36,7.03,5.27,6.8,3.06,3.04,2.09
326,9.6,4.07,4.2,1.84,4.13,1.9,4.76,9.5
327,4.71,5.38,8.86,6.25,3.25,1.55,6.93,3.07
328,2.04,5.78,4.89,1.62,3.52,8.09,12.98,1.08
329,2.74,10.62,5.65,5.77,7.4,4.11,0.19,3.52
330,9.17,5.8,4.31,2.01,4.41,8.6,5.4,0.3
331,7.31,0.56,4.82,4.66,6.42,2.75,12.9,0.58
332,0.99,2.99,6.26,1.06,10.03,11.2,1.18,6.29
333,7.63,8.16,5.68,6.53,0.47,3.17,1.12,7.24
334,5.7,4.24,0.56,10.89,6.06,2.73,1.33,8.49
335,6.3,9.26,7.69,5.38,4.52,2.69,4.0,0.16
336,4.86,1.79,2.44,3.84,0.71,7.52,2.62,16.22
337,6.75,2.29,6.36,8.97,0.83,8.75,5.5,0.55
338,3.03,6.65,6.64,6.48,2.21,3.55,5.97,5.47
339,9.23,5.43,6.13,2.27,6.98,1.88,3.94,4.14
340,3.99,9.7,6.9,1.88,4.48,2.05,10.43,0.57
341,1.79,4.12,8.41,8.74,4.08,7.05,1.92,3.89
342,5.2,6.65,8.75,0.89,6.69,6.42,4.64,0.76
343,6.71,1.32,3.62,3.08,2.89,9.7,8.71,3.97
344,1.78,0.76,2.77,13.85,3.57,4.3,7.79,5.18
345,3.62,6.77,6.56,4.65,2.96,4.92,1.03,9.49
346,6.99,1.0,4.89,3.86,5.41,2.18,7.61,8.06
347,7.31,4.87,0.96,2.05,7.23,8.3,9.25,0.03
348,7.36,5.3,7.11,1.54,3.05,3.74,3.59,8.31
349,2.03,1.56,2.87,6.69,11.49,5.26,1.19,8.91
350,3.39,3.65,7.44,8.83,7.03,3.68,2.45,3.53
351,0.69,3.53,3.34,7.7,1.12,11.0,9.86,2.76
352,4.66,1.43,7.43,8.58,5.76,2.68,3.39,6.07
353,5.44,2.39,5.03,6.26,8.91,6.82,3.38,1.77
354,2.26,2.93,6.83,3.23,11.74,1.51,10.7,0.8
355,4.62,2.53,4.7,10.54,3.08,9.66,0.6,4.27
356,4.88,8.88,4.07,7.77,0.96,1.43,6.66,5.35
357,4.23,4.05,0.98,2.41,3.95,11.12,9.64,3.62
358,2.84,6.82,3.18,7.7,5.31,4.25,3.86,6.04
359,8.5,4.11,5.53,6.87,7.45,3.24,1.39,2.91
360,6.01,4.46,8.97,3.37,7.11,2.38,1.89,5.81
361,5.69,9.67,2.44,7.72,0.77,5.9,1.28,6.53
362,4.34,4.32,2.66,7.08,9.23,7.26,4.77,0.34
363,4.58,2.97,5.0,7.61,1.69,4.83,6.94,6.38
364,1.66,10.64,4.22,7.55,4.63,6.01,1.69,3.6
365,3.18,8.84,3.33,9.42,1.43,8.68,1.82,3.3
366,7.38,6.72,7.44,2.46,1.84,7.02,6.09,1.05
367,2.95,2.91,2.87,7.69,3.72,10.15,9.52,0.19
368,9.76,4.79,2.31,3.16,9.09,1.1,9.05,0.74
369,2.97,8.36,5.08,2.01,6.24,9.91,4.82,0.61
370,6.35,5.29,1.82,10.4,1.28,6.62,7.26,0.98
371,1.75,2.07,9.76,3.55,4.29,7.93,10.01,0.64
372,6.47,8.37,6.45,1.35,8.16,4.25,1.4,3.55
373,6.09,8.51,7.35,4.93,0.56,4.39,6.07,2.1
374,5.56,4.59,7.13,4.4,7.9,5.21,2.48,2.73
375,4.1,5.04,9.11,7.2,4.13,6.35,2.55,1.52
376,1.53,3.35,3.56,3.78,3.54,14.91,3.38,5.95
377,7.58,6.3,6.47,4.11,0.87,9.5,0.73,4.44
378,6.74,4.36,2.67,0.97,1.93,8.77,13.38,1.18
379,3.44,6.89,0.67,9.42,9.68,3.15,4.89,1.86
380,1.25,3.07,9.97,10.02,0.59,2.5,11.38,1.22
381,6.6,9.1,8.09,1.23,1.55,0.91,1.11,11.41
382,3.77,6.33,1.51,6.17,1.4,2.59,15.28,2.95
383,8.74,4.26,4.49,2.16,1.63,7.5,9.73,1.49
384,9.15,5.27,6.77,1.96,7.54,6.2,0.32,2.79
385,0.77,4.9,9.5,3.86,9.86,1.81,1.52,7.78
386,9.62,8.55,3.4,1.79,3.59,4.25,8.1,0.7
387,5.05,5.05,3.16,2.11,5.48,3.69,10.35,5.11
388,7.48,1.56,3.7,3.75,7.81,7.64,1.09,6.97
389,3.03,3.54,3.49,7.67,10.34,1.24,0.64,10.05
390,2.63,7.14,8.49,2.35,5.26,6.89,3.65,3.59
391,2.3,0.76,5.27,1.7,6.34,5.3,17.22,1.11
392,1.88,6.6,5.09,3.16,9.32,1.43,4.22,8.3
393,8.06,8.06,0.54,7.26,3.0,2.77,6.09,4.22
394,0.76,5.43,4.79,9.83,3.82,4.13,0.91,10.33
395,0.64,8.1,3.29,4.66,1.24,4.12,15.43,2.52
396,7.93,5.95,7.57,6.55,1.9,1.2,7.52,1.38
397,9.85,2.98,0.54,8.25,4.12,8.36,3.8,2.1
398,3.5,2.65,4.68,6.0,6.81,2.44,11.89,2.03
399,4.21,4.34,5.0,7.36,7.49,6.11,4.33,1.16
400,9.2,0.8,1.08,10.23,2.05,4.22,5.53,6.89
401,9.58,1.37,4.59,9.63,6.54,1.72,3.82,2.75
402,9.36,7.46,1.14,3.59,8.68,5.83,0.86,3.08
403,3.93,4.56,4.06,8.88,0.92,11.24,3.21,3.2
404,9.63,3.38,6.53,2.49,7.05,0.81,5.14,4.97
405,2.38,3.14,6.71,8.14,4.61,6.89,3.2,4.93
406,6.83,5.57,1.79,1.68,11.44,4.08,6.96,1.65
407,2.29,6.5,5.36,9.04,7.18,2.55,5.27,1.81
408,2.0,2.79,10.79,5.99,6.7,0.53,9.14,2.06
409,3.57,7.97,7.8,8.01,2.64,0.84,6.27,2.9
410,3.91,2.17,9.23,8.15,1.66,4.95,3.34,6.59
411,6.85,8.5,3.13,4.07,5.36,2.33,4.07,5.69
412,2.46,0.6,8.63,11.09,6.63,2.45,5.37,2.77
413,4.95,2.75,3.81,10.78,3.77,3.78,5.73,4.43
414,3.57,8.21,5.12,1.35,5.14,3.45,4.77,8.39
415,4.72,5.1,8.18,5.45,6.07,4.64,1.72,4.12
416,2.5,2.95,5.31,10.32,2.9,4.99,0.72,10.31
417,8.26,6.84,5.69,3.58,3.46,1.42,7.53,3.22
418,7.8,0.51,8.4,0.56,1.4,13.79,1.09,6.45
419,8.21,8.15,0.83,5.85,0.54,8.4,0.51,7.51
420,9.02,3.89,5.94,3.54,8.07,5.12,4.3,0.12
421,5.83,8.37,8.16,0.57,7.65,1.31,7.57,0.54
422,5.73,6.61,4.01,1.69,10.72,1.33,1.41,8.5
423,8.41,3.81,4.33,1.07,3.37,4.59,14.1,0.32
424,2.63,8.28,3.8,3.04,4.21,3.3,10.12,4.62
425,2.79,0.91,4.14,6.45,7.86,4.5,1.99,11.36
426,7.13,8.97,4.99,0.56,3.97,4.33,1.3,8.75
427,9.07,4.53,7.28,4.09,5.08,6.01,2.71,1.23
428,9.97,7.8,2.01,5.97,1.14,5.57,1.03,6.51
429,1.12,3.04,5.61,1.03,12.34,8.85,6.66,1.35
430,3.45,10.17,4.03,1.68,3.49,6.39,4.58,6.21
431,6.94,1.39,4.23,1.44,1.57,14.93,0.97,8.53
432,1.4,6.0,9.95,1.47,8.77,5.04,0.85,6.52
433,7.4,3.33,7.53,5.34,1.97,7.06,4.7,2.67
434,4.91,9.17,6.35,7.57,2.07,3.06,5.53,1.34
435,6.87,4.09,6.37,3.53,3.49,0.77,12.09,2.79
436,0.52,9.03,3.28,4.25,6.27,6.19,3.96,6.5
437,6.87,6.49,4.72,6.19,4.52,2.24,8.57,0.4
438,7.96,6.81,0.59,8.1,6.27,3.43,0.82,6.02
439,2.42,6.04,1.02,8.66,8.36,7.32,4.93,1.25
440,2.13,8.1,2.45,4.7,9.94,4.31,1.45,6.92
441,1.15,4.16,7.76,10.43,0.95,1.1,1.74,12.71
442,5.91,4.41,1.35,5.46,1.15,6.04,2.36,13.32
443,3.53,2.07,4.63,9.61,3.03,10.55,6.33,0.25
444,5.05,4.09,7.94,7.03,7.23,0.55,6.64,1.47
445,6.84,7.08,0.63,3.76,3.35,8.64,2.53,7.17
446,7.32,7.97,1.64,8.76,7.08,3.53,1.54,2.16
447,0.88,6.11,3.86,6.94,10.45,2.48,3.37,5.91
448,9.05,6.52,3.49,8.3,3.68,4.05,1.88,3.03
449,9.16,2.53,5.95,1.83,1.14,8.66,4.19,6.54
450,6.17,7.31,0.59,8.4,6.11,1.19,8.94,1.29
451,6.4,8.88,4.75,0.84,8.33,2.96,3.02,4.82
452,4.87,9.59,2.27,8.72,1.96,4.42,4.73,3.44
453,2.56,9.9,0.83,8.27,0.87,6.13,10.73,0.71
454,1.57,9.05,0.71,9.83,3.44,3.17,7.01,5.22
455,0.68,4.84,1.13,10.97,8.89,7.91,4.02,1.56
456,1.36,8.28,9.29,6.81,6.49,0.88,5.82,1.07
457,8.01,3.51,4.79,7.19,4.56,7.09,2.02,2.83
458,7.24,2.16,5.58,3.19,1.17,7.47,8.21,4.98
459,3.69,7.44,2.28,4.93,7.79,4.89,3.31,5.67
460,1.15,10.92,1.45,2.7,1.19,2.18,7.57,12.84
461,3.4,5.36,2.17,9.24,7.63,7.32,2.85,2.03
462,2.06,5.6,3.09,7.15,3.33,1.34,4.26,13.17
463,9.58,7.81,3.05,6.4,2.79,0.72,3.98,5.67
464,9.41,3.82,5.74,2.6,4.86,5.11,7.84,0.62
465,3.26,9.39,8.8,5.63,1.16,6.64,3.96,1.16
466,7.91,3.99,4.68,0.82,2.92,3.54,8.0,8.14
467,4.56,0.76,3.53,7.99,6.07,2.76,10.88,3.45
468,8.97,3.7,4.12,2.41,1.67,9.66,0.96,8.51
469,7.08,0.59,3.18,0.6,11.16,3.22,1.73,12.44
470,4.22,6.3,1.95,9.94,8.45,3.41,4.48,1.25
471,1.97,8.78,6.97,2.18,3.32,8.79,7.92,0.07
472,5.64,0.54,4.6,7.51,5.8,5.57,7.0,3.34
473,6.08,3.81,4.97,7.28,8.67,1.69,2.32,5.18
474,8.76,6.14,4.56,6.26,6.11,5.12,2.7,0.35
475,4.82,7.65,5.09,7.58,4.48,5.63,3.35,1.4
476,0.85,7.94,2.8,6.95,5.5,6.73,9.04,0.19
477,6.03,1.18,2.46,9.34,4.92,9.38,1.58,5.11
478,5.92,1.59,5.05,1.71,1.28,8.59,0.97,14.89
479,0.87,3.59,7.83,7.21,7.92,7.27,0.34,4.97
480,2.54,3.39,4.35,6.2,7.15,5.18,4.52,6.67
481,1.33,10.15,7.5,4.45,6.59,2.65,5.66,1.67
482,4.54,5.39,5.96,6.72,5.56,2.33,4.69,4.81
483,1.92,6.18,1.43,9.33,10.55,5.85,2.18,2.56
484,4.45,0.65,3.0,2.63,1.83,13.81,7.06,6.57
485,7.36,2.97,5.7,5.15,1.41,8.47,3.79,5.15
486,2.11,6.54,9.52,1.94,3.67,4.48,9.79,1.95
487,6.17,8.84,6.82,6.44,0.64,2.56,1.29,7.24
488,3.98,6.82,9.24,2.12,4.38,0.56,6.17,6.73
489,6.47,3.47,8.17,3.47,5.72,5.49,3.45,3.76
490,5.3,5.24,8.15,1.77,1.63,7.42,7.61,2.88
491,4.47,3.32,9.64,0.72,8.89,0.52,6.37,6.07
492,6.13,2.85,9.19,2.83,6.67,4.77,2.66,4.9
493,9.53,3.66,0.89,8.27,6.95,4.73,1.34,4.63
494,3.11,10.38,2.16,8.72,4.06,6.47,3.98,1.12
495,2.58,1.79,9.19,8.06,6.29,7.8,3.24,1.05
496,2.63,7.67,5.65,6.77,0.86,8.41,7.38,0.63
497,9.78,2.52,0.77,4.44,5.61,8.34,5.78,2.76
498,6.23,9.35,5.45,3.54,5.18,1.85,3.66,4.74
499,2.25,1.5,10.57,7.68,6.11,1.05,8.65,2.19
500,4.75,3.27,5.56,5.83,3.7,8.89,7.07,0.93
501,9.68,8.62,4.26,6.45,1.96,4.64,2.34,2.05
502,4.37,8.05,8.51,2.3,8.01,3.57,3.72,1.47
503,5.02,1.45,10.74,6.33,6.37,5.57,2.7,1.82
504,1.6,10.3,5.36,8.57,0.54,7.55,2.75,3.33
505,4.17,5.88,4.32,7.47,3.51,3.02,2.57,9.06
506,1.83,1.06,8.46,2.27,1.08,7.76,10.62,6.92
507,8.79,7.64,1.5,2.98,3.96,7.54,6.02,1.57
508,1.86,7.33,5.09,5.69,4.94,9.26,4.8,1.03
509,5.98,9.29,0.8,4.63,6.65,8.26,2.68,1.71
510,8.67,7.87,4.18,2.68,3.48,6.21,5.17,1.74
511,7.46,4.81,7.15,6.41,5.73,5.38,0.29,2.77
512,8.93,8.31,4.12,4.36,5.99,0.36,7.56,0.37
513,7.1,3.98,1.95,0.76,11.94,8.82,1.42,4.03
514,3.73,4.21,9.26,2.41,3.92,10.11,4.73,1.63
515,6.63,7.23,1.83,8.65,6.33,2.54,6.02,0.77
516,8.45,6.55,1.32,1.36,0.73,5.06,3.21,13.32
517,3.57,8.95,6.43,2.27,0.72,10.1,5.11,2.85
518,3.68,10.0,4.61,5.87,0.97,8.92,3.81,2.14
519,1.77,5.2,9.95,7.72,1.01,6.12,2.11,6.12
520,9.27,3.9,6.39,6.74,5.9,1.89,0.68,5.23
521,3.75,4.43,2.7,6.34,8.56,9.26,1.35,3.61
522,4.97,7.38,4.59,3.88,5.04,0.71,12.29,1.14
523,10.0,6.43,7.03,0.58,6.66,1.82,3.44,4.04
524,7.34,5.36,1.71,7.24,3.56,1.08,1.36,12.35
525,6.91,1.02,1.23,6.56,8.43,5.01,7.26,3.58
526,9.51,6.25,6.02,6.53,2.36,0.78,2.16,6.39
527,2.73,0.64,10.23,5.5,9.11,1.81,5.97,4.01
528,3.92,6.98,4.49,3.9,5.96,4.95,4.39,5.41
529,6.76,3.55,1.74,10.68,3.33,5.39,7.96,0.59
530,7.57,6.31,4.87,2.13,5.78,4.46,0.77,8.11
531,9.39,1.55,7.79,6.06,3.38,4.56,2.8,4.47
532,9.73,7.07,2.0,2.11,6.23,7.71,1.97,3.18
533,7.56,8.45,2.95,7.69,5.17,2.9,4.5,0.78
534,4.86,2.75,1.35,3.97,1.92,2.06,3.46,19.63
535,8.46,2.98,3.81,5.6,8.06,5.58,1.41,4.1
536,4.83,6.75,4.23,4.94,8.4,6.09,4.47,0.29
537,8.35,8.07,5.5,7.13,1.91,5.45,3.1,0.49
538,8.48,4.8,5.23,7.1,3.25,2.94,2.13,6.07
539,3.48,6.52,4.2,3.93,4.21,6.25,4.54,6.87
540,1.79,10.88,1.33,8.53,2.71,5.65,3.53,5.58
541,0.67,5.11,5.62,2.29,11.46,4.87,8.18,1.8
542,4.6,7.17,0.65,8.89,3.05,9.54,5.19,0.91
543,5.76,3.49,4.41,0.82,9.03,7.8,1.4,7.29
544,0.54,1.53,5.28,12.97,6.65,1.23,1.84,9.96
545,0.67,9.99,9.37,5.05,5.97,1.25,4.35,3.35
546,4.19,9.66,4.3,6.23,3.59,2.13,7.95,1.95
547,5.74,0.99,8.06,9.5,4.13,0.96,1.03,9.59
548,6.93,3.66,4.21,8.82,4.46,1.83,3.08,7.01
549,4.25,7.78,4.34,6.38,0.95,2.79,0.78,12.73
550,5.76,3.78,9.18,7.07,5.06,1.41,6.08,1.66
551,4.66,1.62,4.08,11.55,1.08,2.9,4.79,9.32
552,3.91,8.49,7.66,6.62,2.9,6.85,2.81,0.76
553,4.81,9.05,7.83,3.37,6.09,1.42,3.65,3.78
554,2.97,5.31,6.74,5.17,8.52,6.26,3.97,1.06
555,8.02,5.66,6.14,6.85,4.86,5.01,1.25,2.21
556,4.02,7.17,4.0,3.44,9.14,5.68,4.11,2.44
557,9.91,8.42,2.07,1.32,2.86,3.15,0.78,11.49
558,5.31,5.4,3.11,8.17,4.72,5.13,3.05,5.11
559,1.44,4.72,9.5,7.2,4.62,5.51,2.78,4.23
560,8.95,3.21,5.3,6.9,1.08,8.99,4.13,1.44
561,3.76,9.13,4.02,1.3,1.5,10.91,0.47,8.91
562,4.21,3.22,9.71,7.66,4.74,1.04,6.19,3.23
563,5.73,9.71,3.99,3.61,3.61,3.81,1.09,8.45
564,9.34,1.04,6.5,5.56,6.62,5.87,4.82,0.25
565,5.03,5.09,8.93,2.18,4.02,2.66,3.61,8.48
566,8.63,1.93,2.93,10.03,0.8,8.28,0.77,6.63
567,7.38,7.21,1.46,5.11,7.06,1.72,4.05,6.01
568,8.55,5.89,4.21,7.72,0.63,4.93,3.65,4.42
569,6.23,7.18,5.08,7.6,3.48,1.38,4.48,4.57
570,8.59,4.54,7.94,2.08,6.95,3.12,2.75,4.03
571,8.89,4.81,6.81,3.14,4.7,1.25,4.33,6.07
572,0.99,5.6,10.74,7.56,3.19,5.03,1.14,5.75
573,9.38,7.02,6.9,2.16,6.05,4.93,2.26,1.3
574,1.09,3.53,4.1,9.49,7.26,9.26,0.28,4.99
575,5.86,2.46,5.86,9.69,5.18,3.89,4.09,2.97
576,9.92,8.58,3.71,2.69,5.72,3.01,2.71,3.66
577,2.48,9.73,2.71,5.2,8.72,3.87,7.14,0.15
578,1.1,10.72,6.75,8.07,0.82,1.26,5.68,5.6
579,8.08,4.08,7.48,5.85,1.27,2.9,7.33,3.01
580,9.16,7.36,6.85,6.22,4.97,1.29,3.78,0.37
581,1.27,6.22,2.29,3.01,9.79,2.82,13.96,0.64
582,5.79,1.74,8.21,8.78,7.48,1.57,4.55,1.88
583,4.73,1.81,4.97,10.74,0.64,9.87,1.38,5.86
584,2.94,7.24,4.94,3.91,8.7,3.67,0.7,7.9
585,8.54,3.46,1.1,8.82,5.67,6.7,1.88,3.83
586,9.92,5.59,0.46,6.85,2.73,4.24,4.05,6.16
587,8.11,6.38,3.7,4.93,3.76,6.99,2.68,3.45
588,9.85,1.08,0.94,4.41,3.83,9.78,0.54,9.57
589,5.2,8.54,2.31,0.61,2.25,8.9,10.68,1.51
590,1.2,6.1,2.84,7.53,10.42,2.58,4.35,4.98
591,9.07,2.49,0.49,2.42,10.17,4.33,4.44,6.59
592,7.85,5.66,3.58,3.02,5.61,8.92,2.19,3.17
593,1.15,3.53,9.98,1.7,1.2,8.27,6.92,7.25
594,2.31,3.09,8.41,8.66,7.61,1.06,8.27,0.59
595,5.26,6.07,5.1,6.01,3.16,9.2,3.35,1.85
596,8.6,8.09,6.12,1.05,6.66,4.2,0.94,4.34
597,0.77,10.87,5.67,7.92,5.18,1.36,5.49,2.74
598,2.51,7.43,1.4,7.13,7.09,8.65,3.41,2.38
599,8.32,1.53,7.24,0.85,7.28,1.79,10.05,2.94
600,7.63,7.56,5.99,5.94,3.53,0.55,5.03,3.77
601,2.17,3.42,3.58,7.94,6.02,6.58,7.75,2.54
602,4.68,3.66,7.69,1.31,9.27,5.4,5.03,2.96
603,9.74,6.46,1.53,8.24,5.33,3.15,3.28,2.27
604,8.6,0.81,5.15,6.44,0.71,8.51,3.31,6.47
605,1.97,9.13,8.56,3.22,0.88,7.05,4.17,5.02
606,6.84,8.58,0.94,2.29,8.41,2.68,8.97,1.29
607,6.41,5.32,5.58,5.99,7.22,0.37,5.99,3.12
608,4.33,4.65,7.38,4.76,4.06,9.07,3.59,2.16
609,2.55,10.26,8.51,3.98,7.08,4.31,2.69,0.62
610,9.95,6.44,1.26,1.99,6.19,0.75,0.96,12.46
611,6.24,5.85,1.47,4.43,7.39,6.8,3.55,4.27
612,1.45,3.57,9.24,6.34,4.21,7.66,0.76,6.77
613,2.49,4.87,5.02,1.76,7.29,3.33,8.61,6.63
614,8.65,6.44,4.71,7.31,2.89,0.56,1.04,8.4
615,3.1,6.76,4.29,5.58,9.63,4.28,1.23,5.13
616,6.92,2.31,6.93,9.33,6.03,1.88,5.22,1.38
617,1.89,0.95,11.69,6.13,0.99,2.6,10.77,4.98
618,7.92,0.58,9.17,0.55,9.63,4.65,4.42,3.08
619,7.82,6.54,8.06,3.2,5.55,3.75,3.77,1.31
620,7.9,7.97,4.42,2.35,5.08,2.77,7.65,1.86
621,0.92,2.97,8.94,4.59,3.9,4.7,6.93,7.05
622,5.65,4.05,5.9,3.78,6.02,5.49,3.88,5.23
623,6.87,4.68,9.28,6.56,5.73,3.2,2.84,0.84
624,5.59,3.68,8.63,4.08,7.68,0.67,8.92,0.75
625,5.84,2.88,5.49,2.63,0.98,2.72,2.53,16.93
626,6.46,1.97,8.6,8.41,3.24,7.35,1.03,2.94
627,9.81,4.99,2.23,8.69,6.94,4.15,2.07,1.12
628,1.71,1.53,11.21,0.55,3.52,0.75,17.0,3.73
629,4.07,8.1,8.73,6.27,3.61,4.08,0.71,4.43
630,9.44,3.78,2.34,9.1,7.39,4.04,1.29,2.62
631,3.75,7.06,6.36,5.73,5.31,2.12,5.22,4.45
632,5.33,9.26,4.67,7.53,2.77,4.39,0.52,5.53
633,1.29,3.29,6.85,10.4,7.71,2.38,3.19,4.89
634,9.96,6.92,5.68,3.19,5.39,5.56,0.76,2.54
635,1.97,7.28,4.73,3.8,7.94,5.0,1.65,7.63
636,9.93,3.04,8.15,2.05,1.02,8.87,4.84,2.1
637,4.37,3.47,4.49,10.85,6.14,4.78,0.77,5.13
638,1.92,3.33,5.99,4.76,9.44,3.11,10.34,1.11
639,5.34,4.45,2.02,10.24,2.6,9.84,2.97,2.54
640,5.19,5.87,6.61,7.41,2.25,6.53,2.65,3.49
641,1.3,9.69,9.25,4.64,2.78,6.42,4.58,1.34
642,7.71,5.49,2.49,9.12,4.47,5.84,0.81,4.07
643,2.53,2.27,2.01,5.48,6.84,2.09,9.1,9.68
644,3.44,6.65,5.52,6.03,6.08,6.98,1.56,3.74
645,1.79,0.89,1.57,6.14,8.01,4.9,3.5,13.2
646,1.17,7.18,9.5,7.98,2.28,6.33,1.79,3.77
647,4.37,5.72,5.87,4.43,5.0,1.08,7.37,6.16
648,2.57,2.97,8.79,9.48,0.58,7.3,5.17,3.14
649,1.54,3.02,0.9,8.81,2.34,3.47,2.62,17.3
650,5.64,8.63,4.51,0.74,9.47,6.37,0.4,4.24
651,3.9,8.3,5.75,1.45,3.43,4.81,8.25,4.11
652,2.86,9.58,5.78,6.78,3.13,1.33,5.4,5.14
653,6.41,0.91,2.23,11.42,4.18,3.71,6.42,4.72
654,7.09,3.72,7.02,7.27,2.33,1.67,10.03,0.87
655,3.16,3.35,3.21,7.19,5.93,8.21,1.75,7.2
656,6.46,0.78,1.21,10.92,6.53,6.41,3.71,3.98
657,7.57,5.31,6.84,3.93,2.89,4.29,7.97,1.2
658,5.6,5.13,1.42,10.89,3.58,3.33,6.96,3.09
659,8.08,8.65,5.51,2.71,0.8,3.94,6.64,3.67
660,4.89,4.95,9.7,4.42,5.1,3.03,5.49,2.42
661,2.1,5.66,3.87,4.26,1.83,4.41,6.34,11.53
662,9.98,8.05,3.12,4.16,5.52,1.83,2.25,5.09
663,8.26,3.08,8.74,1.6,8.88,4.52,3.23,1.69
664,7.83,7.27,6.39,3.78,3.47,4.74,5.19,1.33
665,6.11,1.76,4.57,5.82,3.27,10.17,1.97,6.33
666,6.41,2.18,6.21,9.62,1.52,1.53,12.05,0.48
667,9.92,6.13,1.81,2.28,6.35,0.99,11.73,0.79
668,9.61,5.29,6.13,0.43,5.73,3.77,5.64,3.4
669,2.94,6.69,7.52,3.85,6.4,3.09,9.21,0.3
670,7.54,4.39,6.79,3.21,4.16,2.84,1.54,9.53
671,6.12,8.73,3.56,5.89,3.45,1.71,3.34,7.2
672,6.42,0.77,6.65,2.41,10.0,2.02,0.98,10.75
673,4.65,1.75,5.97,2.25,3.24,3.75,15.05,3.34
674,8.01,1.78,4.45,5.11,6.64,0.48,11.65,1.88
675,5.13,1.1,10.71,4.79,2.04,8.87,1.3,6.06
676,8.7,3.15,6.57,2.11,3.53,8.93,2.21,4.8
677,6.8,2.17,6.57,5.61,8.43,5.33,0.32,4.77
678,4.75,9.06,3.41,1.32,2.11,8.23,3.54,7.58
679,9.33,2.4,3.8,2.49,9.55,5.3,6.34,0.79
680,3.33,4.63,2.46,1.08,1.32,12.21,2.59,12.38
681,2.98,1.74,1.94,4.25,5.67,2.04,20.47,0.91
682,1.62,1.92,1.82,3.11,10.96,10.73,1.23,8.61
683,5.3,2.43,8.6,9.29,0.65,2.37,5.01,6.35
684,5.06,6.05,2.84,6.77,7.19,6.74,3.76,1.59
685,7.15,9.24,4.56,2.44,0.89,3.75,11.93,0.04
686,5.25,1.92,7.8,0.55,10.69,7.01,6.11,0.67
687,1.55,8.72,6.49,3.65,0.55,8.48,6.9,3.66
688,7.17,8.43,5.67,6.28,4.24,0.49,6.54,1.18
689,1.37,6.71,3.43,7.7,0.61,1.7,8.3,10.18
690,6.57,8.65,5.89,1.97,6.56,5.72,1.3,3.34
691,3.56,6.13,7.83,8.94,3.65,4.42,1.96,3.51
692,1.94,2.16,1.44,6.43,1.1,4.63,12.7,9.6
693,5.26,9.82,2.53,1.16,8.49,8.45,0.76,3.53
694,3.54,6.6,0.86,11.03,5.99,1.63,0.86,9.49
695,5.04,9.98,4.08,3.98,4.88,2.4,3.13,6.51
696,1.93,5.38,5.55,0.96,7.94,2.58,14.61,1.05
697,5.53,3.52,7.27,5.76,5.52,0.47,7.12,4.81
698,4.78,3.38,1.87,0.82,12.07,5.78,10.82,0.48
699,2.2,6.77,2.16,5.06,11.48,7.27,4.55,0.51
700,7.13,1.66,0.71,10.69,8.52,1.69,1.83,7.77
701,5.75,9.78,1.8,7.51,1.61,7.9,2.43,3.22
702,1.96,0.85,1.94,5.0,11.91,0.71,7.1,10.53
703,2.92,5.64,9.11,3.06,0.69,3.85,1.37,13.36
704,2.82,8.91,2.65,3.88,3.79,1.27,5.95,10.73
705,5.19,5.05,3.3,5.1,6.84,4.84,1.22,8.46
706,3.26,6.01,8.67,7.21,6.25,3.07,2.03,3.5
707,5.46,8.32,0.62,1.06,2.45,1.83,14.74,5.52
708,6.89,1.06,8.91,3.55,8.38,5.73,0.82,4.66
709,2.22,5.13,2.1,10.92,9.46,0.49,3.95,5.73
710,2.6,4.95,10.53,6.52,1.9,6.94,4.28,2.28
711,9.86,7.9,2.99,1.88,5.82,3.35,5.64,2.56
712,5.0,2.67,5.49,10.34,1.82,7.34,5.79,1.55
713,3.78,7.66,2.22,2.52,6.71,1.61,10.79,4.71
714,7.44,1.21,2.55,2.18,2.93,8.62,4.54,10.53
715,9.53,4.52,7.73,6.71,5.73,1.88,1.01,2.89
716,5.45,8.19,8.67,3.63,2.78,5.5,2.33,3.45
717,8.12,8.59,1.95,3.55,6.82,5.04,5.3,0.63
718,7.12,8.47,3.54,5.32,0.58,3.66,3.44,7.87
719,1.64,4.79,3.39,9.99,7.44,1.15,1.87,9.73
720,3.35,7.07,2.22,2.46,2.51,10.09,11.05,1.25
721,1.6,7.92,6.26,4.32,4.38,0.57,13.02,1.93
722,1.82,1.7,11.16,4.34,4.41,3.59,9.39,3.59
723,7.82,4.08,3.62,4.86,1.72,4.04,8.88,4.98
724,4.19,7.74,7.5,3.61,3.45,2.98,10.15,0.38
725,8.23,4.08,7.76,7.76,5.81,2.01,1.43,2.92
726,6.95,5.26,1.16,9.0,5.88,4.88,5.68,1.19
727,6.03,3.91,3.06,9.76,3.24,6.42,6.29,1.29
728,0.62,1.17,7.17,7.33,6.69,10.6,3.12,3.3
729,8.16,6.59,4.14,3.96,2.34,4.53,6.81,3.47
730,2.42,3.6,8.95,3.1,2.17,9.14,6.75,3.87
731,7.47,5.09,5.35,5.54,6.69,1.29,2.23,6.34
732,0.74,4.22,3.64,1.01,10.26,11.89,6.23,2.01
733,9.17,2.87,8.4,2.34,2.8,3.31,4.96,6.15
734,9.7,8.25,5.45,5.99,0.42,1.08,0.55,8.56
735,0.75,10.47,6.16,6.96,1.59,5.44,2.64,5.99
736,7.69,3.62,2.4,2.58,9.55,0.85,7.3,6.01
737,2.86,7.69,5.25,3.27,1.65,4.98,11.74,2.56
738,3.49,5.14,0.66,2.71,13.14,9.18,4.52,1.16
739,1.69,1.01,10.57,5.32,2.74,7.03,8.49,3.15
740,9.9,6.33,1.91,4.76,0.47,10.12,0.79,5.72
741,9.08,3.79,4.55,5.32,7.77,3.07,2.43,3.99
742,8.0,8.59,6.84,5.27,2.72,3.97,3.9,0.71
743,7.31,3.38,4.91,2.59,3.16,3.55,11.89,3.21
744,4.3,2.72,8.11,7.45,5.73,7.47,1.58,2.64
745,5.1,1.03,7.4,4.59,2.84,3.47,3.39,12.18
746,5.66,7.98,5.98,7.24,0.62,5.99,3.92,2.61
747,4.13,7.35,5.28,4.48,0.74,3.41,11.38,3.23
748,3.68,7.85,3.84,6.23,5.35,2.86,8.21,1.98
749,4.63,5.57,6.4,6.28,8.0,2.79,1.12,5.21
750,6.48,8.12,7.29,5.46,4.37,3.34,1.97,2.97
751,5.74,3.81,1.3,9.91,8.16,6.67,3.77,0.64
752,3.46,8.29,2.01,5.77,5.23,8.39,5.17,1.68
753,9.86,4.77,0.64,1.46,9.8,5.01,5.48,2.98
754,1.87,2.75,11.58,0.96,3.53,7.21,1.39,10.71
755,7.3,5.93,1.28,3.53,10.82,4.98,4.23,1.93
756,6.04,5.68,3.1,2.6,5.05,10.79,1.3,5.44
757,4.6,6.23,3.36,9.89,3.83,3.86,1.14,7.09
758,1.88,4.52,5.97,3.06,3.25,12.39,1.25,7.68
759,2.22,2.95,3.92,1.48,13.46,6.29,0.63,9.05
760,6.04,5.32,7.19,7.57,6.65,2.4,4.12,0.71
761,7.44,7.43,3.24,7.05,2.4,2.2,2.83,7.41
762,2.14,10.69,7.99,4.31,3.93,4.27,4.07,2.6
763,9.97,1.58,8.69,1.57,5.92,0.95,10.27,1.05
764,4.81,9.27,7.44,4.48,6.38,5.0,2.44,0.18
765,9.3,8.35,6.82,1.71,1.57,2.28,0.76,9.21
766,2.44,2.3,5.88,5.46,1.15,14.77,7.98,0.02
767,5.88,9.1,3.26,3.03,1.44,10.51,2.99,3.79
768,6.48,4.86,1.8,9.16,8.16,5.88,2.68,0.98
769,5.83,5.55,6.61,1.88,3.49,0.57,15.01,1.06
770,7.04,7.05,4.24,3.64,5.46,2.98,0.62,8.97
771,2.79,7.78,8.48,8.16,5.42,3.83,1.18,2.36
772,8.24,3.12,7.12,0.86,3.99,5.49,7.56,3.62
773,8.84,6.46,2.05,5.11,1.21,4.86,0.96,10.51
774,5.31,9.55,4.69,1.76,4.94,0.94,7.32,5.49
775,9.0,1.3,2.25,7.46,4.81,5.77,8.8,0.61
776,6.07,1.68,1.46,3.59,10.88,1.22,8.07,7.03
777,0.69,1.25,8.65,5.65,5.59,3.12,9.16,5.89
778,6.82,7.22,6.82,2.71,8.1,3.21,4.11,1.01
779,7.04,3.78,2.08,5.36,2.69,9.92,7.61,1.52
780,6.65,5.77,0.55,8.78,7.29,4.08,5.24,1.64
781,7.21,4.22,5.36,3.39,1.26,8.09,9.89,0.58
782,6.94,1.97,9.31,4.98,3.85,5.64,2.69,4.62
783,3.38,9.72,3.91,7.96,4.95,0.62,7.46,2.0
784,4.06,2.53,4.11,6.78,10.58,1.22,8.74,1.98
785,3.04,7.46,7.78,5.44,4.18,7.55,3.85,0.7
786,9.92,5.92,7.42,1.62,1.73,7.11,2.3,3.98
787,5.52,4.12,5.82,6.67,6.48,5.12,5.89,0.38
788,5.8,1.98,1.62,10.29,3.25,8.07,5.95,3.04
789,5.47,3.25,4.29,2.47,7.01,3.65,4.39,9.47
790,1.58,6.97,1.78,7.82,7.02,2.43,6.35,6.05
791,1.53,5.69,8.85,5.8,7.64,2.72,4.52,3.25
792,0.81,10.85,0.69,5.42,0.72,14.07,7.24,0.2
793,4.87,1.69,5.42,7.96,6.42,4.07,9.36,0.21
794,4.42,5.83,4.81,9.4,6.21,0.54,7.41,1.38
795,8.29,3.85,9.25,6.31,3.17,4.73,3.72,0.68
796,0.65,9.05,2.18,6.83,6.82,5.59,4.79,4.09
797,8.51,0.64,9.07,6.11,6.02,4.04,3.64,1.97
798,2.51,7.38,5.84,4.7,4.73,1.01,6.33,7.5
799,2.09,0.72,12.09,9.85,4.2,4.96,2.97,3.12
800,9.6,3.03,2.63,6.04,2.5,7.16,1.82,7.22
801,4.35,4.84,1.69,9.25,4.5,0.87,7.51,6.99
802,1.73,7.68,9.01,1.63,1.98,6.19,0.8,10.98
803,5.16,1.93,7.57,6.68,9.17,4.62,0.54,4.33
804,4.62,4.32,8.89,8.85,5.08,4.56,2.65,1.03
805,3.23,6.21,2.67,4.77,2.13,13.78,4.64,2.57
806,3.83,2.35,1.45,10.47,6.03,6.31,7.95,1.61
807,7.04,7.54,5.53,3.59,1.6,8.34,5.55,0.81
808,8.43,8.41,4.27,2.83,6.94,1.36,7.56,0.2
809,6.4,4.36,4.38,8.27,1.53,1.19,6.65,7.22
810,8.09,0.61,1.21,4.57,4.85,6.25,10.79,3.63
811,4.6,3.05,7.25,1.11,8.34,8.27,6.4,0.98
812,5.78,5.12,5.33,8.15,6.72,0.95,7.24,0.71
813,7.12,5.27,2.23,4.83,0.8,7.21,1.65,10.89
814,1.27,10.19,5.94,6.42,4.26,7.15,2.25,2.52
815,9.94,4.42,6.43,4.89,6.54,3.86,2.89,1.03
816,9.89,1.8,4.53,5.04,5.92,7.98,1.03,3.81
817,8.41,5.59,5.52,2.27,4.04,1.01,5.9,7.26
818,2.62,6.22,7.24,3.27,8.67,4.68,5.27,2.03
819,3.09,6.35,5.49,4.49,8.58,3.32,6.43,2.25
820,0.54,4.66,9.08,5.72,2.96,7.18,1.89,7.97
821,9.21,2.38,7.32,1.17,8.29,7.02,0.24,4.37
822,6.38,1.46,1.31,4.08,3.54,1.16,15.96,6.11
823,0.55,6.41,9.43,6.71,4.43,6.62,1.2,4.65
824,0.93,1.93,1.81,1.06,15.48,11.23,4.53,3.03
825,9.77,7.88,4.1,1.95,8.09,2.32,2.15,3.74
826,5.9,2.81,0.67,9.59,6.68,7.21,3.9,3.24
827,8.28,2.85,2.61,7.0,8.27,1.22,2.31,7.46
828,8.92,1.05,6.85,4.08,2.0,2.07,8.41,6.62
829,8.81,6.53,5.78,1.75,5.88,1.49,6.79,2.97
830,1.83,8.33,2.99,1.35,9.9,4.64,6.98,3.98
831,1.6,4.74,7.92,4.25,10.3,3.79,1.85,5.55
832,2.6,2.17,5.06,2.7,5.31,10.89,2.78,8.49
833,0.58,7.08,2.12,4.95,0.76,15.5,4.94,4.07
834,0.75,3.13,11.63,7.37,7.19,2.3,6.26,1.37
835,8.43,8.08,5.64,5.76,1.27,2.51,1.93,6.38
836,6.06,5.42,2.09,3.22,4.14,10.74,5.87,2.46
837,7.86,5.89,3.37,0.91,4.99,5.2,5.82,5.96
838,5.81,2.62,1.38,7.41,4.21,9.36,0.78,8.43
839,4.55,4.12,6.93,1.43,7.33,2.21,12.4,1.03
840,4.62,10.1,6.7,4.96,2.39,2.53,5.3,3.4
841,3.11,9.39,1.52,9.9,4.01,1.92,8.72,1.43
842,4.13,6.68,4.36,9.58,7.33,3.3,1.97,2.65
843,1.35,2.51,8.07,8.64,1.88,2.61,2.59,12.35
844,7.51,1.57,1.02,6.64,1.07,2.48,15.57,4.14
845,5.57,8.42,3.99,8.0,2.39,6.83,0.7,4.1
846,2.06,10.08,7.94,5.32,1.54,4.18,1.61,7.27
847,6.37,2.72,8.48,1.14,5.06,4.72,7.13,4.38
848,3.52,6.24,7.76,6.04,6.09,4.02,4.43,1.9
849,8.96,0.5,9.29,3.24,3.43,4.37,9.7,0.51
850,2.14,2.07,8.38,10.73,4.55,6.16,1.81,4.16
851,7.39,4.63,9.06,4.67,1.1,7.62,4.4,1.13
852,5.12,4.67,5.12,6.26,1.64,0.98,4.01,12.2
853,2.16,8.27,5.16,0.91,10.23,1.98,11.22,0.07
854,0.73,1.6,6.18,2.02,12.44,2.61,2.19,12.23
855,5.84,5.04,8.67,2.67,8.34,3.07,1.71,4.66
856,4.93,6.82,2.55,9.42,6.82,4.56,3.75,1.15
857,1.08,1.07,9.98,10.13,0.54,3.42,12.87,0.91
858,3.09,4.66,8.82,2.0,3.92,8.89,3.74,4.88
859,5.94,1.66,7.13,0.73,7.66,3.24,0.91,12.73
860,7.12,5.66,7.79,2.6,5.03,0.87,0.72,10.21
861,4.65,2.19,5.91,10.74,8.17,2.13,1.25,4.96
862,1.5,7.07,0.93,4.83,5.88,7.73,10.27,1.79
863,1.21,3.73,5.13,6.4,10.66,4.84,7.17,0.86
864,6.92,2.01,1.31,2.96,5.9,11.34,2.74,6.82
865,1.72,6.31,1.14,7.36,8.53,9.25,5.58,0.11
866,7.0,7.26,5.21,3.32,5.85,5.42,3.57,2.37
867,2.19,5.97,2.09,6.82,9.7,8.48,2.73,2.02
868,0.95,10.26,2.13,8.79,8.89,2.84,2.98,3.16
869,6.34,1.9,7.68,7.07,7.87,2.42,6.32,0.4
870,1.01,7.6,10.2,3.5,4.41,4.75,4.45,4.08
871,1.54,8.89,8.38,5.74,2.28,6.63,6.39,0.15
872,2.66,2.59,10.55,0.77,6.84,8.51,0.96,7.12
873,1.34,6.27,4.06,3.8,5.11,6.74,6.17,6.51
874,8.49,2.9,8.15,4.36,2.73,7.57,5.78,0.02
875,4.68,5.75,9.2,5.24,0.86,6.69,6.59,0.99
876,8.02,6.94,1.63,1.73,6.71,7.78,4.97,2.22
877,9.13,4.9,0.85,2.52,1.82,11.33,4.94,4.51
878,4.63,0.55,0.7,6.42,6.0,12.1,1.15,8.45
879,2.98,1.13,11.69,2.5,4.33,7.59,1.74,8.04
880,6.84,3.74,6.6,3.5,7.1,3.09,1.1,8.03
881,8.3,6.15,2.85,1.67,10.37,3.89,1.59,5.18
882,4.89,2.91,6.34,9.99,3.11,6.23,0.52,6.01
883,7.82,8.74,4.32,4.19,1.1,6.74,6.32,0.77
884,8.17,9.07,6.66,4.42,5.69,1.67,3.61,0.71
885,1.42,8.77,2.03,3.28,7.5,7.33,0.93,8.74
886,3.56,5.7,8.4,1.88,8.59,0.98,1.31,9.58
887,8.19,5.87,6.69,4.42,3.76,1.73,7.0,2.34
888,1.99,6.96,3.09,2.81,6.32,4.58,8.92,5.33
889,5.96,3.3,4.48,2.14,1.43,10.5,3.01,9.18
890,1.46,4.0,7.17,7.36,7.69,6.0,3.72,2.6
891,6.82,3.48,2.69,4.71,6.12,3.78,6.06,6.34
892,5.09,5.69,2.87,8.04,1.17,2.99,4.25,9.9
893,2.55,4.32,6.44,10.33,3.37,1.35,5.73,5.91
894,7.3,8.8,6.9,1.67,1.77,5.31,0.9,7.35
895,5.67,6.45,2.43,2.45,0.68,14.05,6.17,2.1
896,7.11,5.73,7.03,3.96,3.37,6.15,4.32,2.33
897,4.61,8.32,6.76,3.65,5.35,5.91,4.01,1.39
898,8.71,2.12,1.48,8.05,1.81,4.95,9.6,3.28
899,1.5,10.01,5.3,3.55,1.94,5.16,10.46,2.08
900,0.83,3.23,10.36,5.84,0.75,6.4,6.03,6.56
901,3.87,3.82,2.37,2.29,6.56,5.06,13.62,2.41
902,1.15,5.25,5.17,11.28,5.77,5.69,1.91,3.78
903,4.41,8.75,4.13,1.98,6.8,8.39,2.18,3.36
904,0.73,9.56,2.87,2.42,1.95,12.45,1.72,8.3
905,0.55,10.26,7.54,2.34,4.8,4.48,6.14,3.89
906,0.53,4.26,11.55,7.27,1.78,6.4,6.19,2.02
907,6.08,4.44,2.31,9.58,8.1,3.09,5.22,1.18
908,1.38,5.51,2.62,9.19,9.03,6.97,4.91,0.39
909,9.36,8.34,2.04,3.73,4.1,1.75,1.17,9.51
910,8.77,6.35,0.66,8.09,1.28,8.26,5.5,1.09
911,4.26,7.35,1.8,4.25,1.18,9.39,1.63,10.14
912,2.05,3.72,3.48,9.18,9.23,6.43,4.12,1.79
913,5.9,2.15,3.86,1.08,2.2,13.57,10.06,1.18
914,1.33,2.56,3.49,8.66,11.44,6.19,0.77,5.56
915,3.65,7.68,7.64,1.36,5.7,0.95,1.85,11.17
916,7.92,3.87,4.49,5.22,8.25,3.0,2.58,4.67
917,4.31,4.12,5.54,1.1,11.83,2.8,6.81,3.49
918,6.71,7.86,1.28,1.67,3.38,6.85,4.59,7.66
919,1.06,3.57,5.94,4.13,1.41,8.78,8.73,6.38
920,9.11,4.84,3.59,6.51,3.61,5.24,0.7,6.4
921,4.37,9.12,7.3,6.37,3.99,5.29,1.05,2.51
922,2.91,7.45,4.46,4.0,4.07,2.94,4.62,9.55
923,4.23,1.38,8.89,1.18,6.72,3.82,9.62,4.16
924,3.69,5.21,1.51,8.43,5.25,3.14,1.61,11.16
925,4.67,2.37,8.35,0.81,2.55,13.26,2.51,5.48
926,6.78,2.05,5.26,1.51,1.62,5.82,16.76,0.2
927,3.1,4.24,2.75,10.3,8.71,0.83,1.6,8.47
928,6.19,1.25,3.23,2.32,0.9,6.77,9.8,9.54
929,3.3,4.02,8.14,3.43,9.02,6.16,1.92,4.01
930,7.61,4.57,0.52,7.52,9.19,2.99,6.42,1.18
931,4.65,8.04,4.16,5.37,1.57,8.72,5.19,2.3
932,1.93,9.42,0.64,5.65,4.43,7.87,4.19,5.87
933,6.43,4.2,1.02,8.34,6.1,3.53,3.6,6.78
934,0.54,5.03,10.55,9.4,2.84,1.44,7.85,2.35
935,5.56,3.86,8.55,0.59,6.34,7.42,3.85,3.83
936,3.65,8.62,4.25,1.71,1.05,1.67,8.97,10.08
937,3.51,3.01,7.14,1.6,0.63,4.36,4.66,15.09
938,6.58,7.92,5.79,7.55,4.26,3.85,1.65,2.4
939,2.29,4.95,1.94,5.83,10.4,2.65,1.82,10.12
940,4.59,9.67,6.39,0.41,1.3,8.88,2.87,5.89
941,6.69,6.3,6.04,3.9,0.82,5.83,1.43,8.99
942,9.17,6.69,4.17,7.37,2.68,5.87,3.53,0.52
943,8.98,6.76,3.21,2.46,2.37,10.5,2.75,2.97
944,5.43,8.33,5.48,1.55,8.41,2.11,7.87,0.82
945,2.95,2.51,11.05,6.29,1.48,1.5,5.43,8.79
946,1.51,6.92,8.01,6.75,3.98,3.77,6.18,2.88
947,0.74,7.66,8.22,4.83,7.33,3.34,4.73,3.15
948,9.23,1.57,1.66,5.55,1.48,8.42,10.35,1.74
949,4.83,9.0,2.36,1.88,9.83,2.08,8.37,1.65
950,6.69,7.37,0.58,9.75,3.43,0.66,5.73,5.79
951,3.91,2.2,9.72,9.22,0.51,2.76,2.08,9.6
952,5.45,8.97,1.69,7.35,3.58,8.55,0.59,3.82
953,7.11,6.62,5.79,5.25,3.03,1.84,2.53,7.83
954,7.03,4.67,8.9,6.9,3.74,2.16,3.52,3.08
955,3.59,1.82,3.25,6.93,3.28,9.34,11.45,0.34
956,5.83,4.4,6.6,0.76,4.17,1.49,4.13,12.62
957,3.81,7.87,5.61,4.86,5.82,4.09,3.47,4.47
958,0.59,1.18,7.42,3.21,5.81,4.15,10.92,6.72
959,7.26,0.93,0.62,11.6,1.33,9.49,8.37,0.4
960,3.33,0.61,0.78,7.59,7.3,12.95,7.06,0.38
961,5.47,8.09,3.94,3.25,1.06,5.71,9.57,2.91
962,4.74,5.71,8.26,5.91,6.42,3.5,1.65,3.81
963,7.96,0.61,6.63,4.64,6.4,2.77,2.92,8.07
964,4.24,9.55,8.31,6.29,0.49,4.07,5.36,1.69
965,9.1,1.18,8.43,1.29,3.67,1.0,10.17,5.16
966,1.89,7.05,9.69,4.83,6.93,4.22,1.85,3.54
967,2.49,5.39,8.31,3.18,9.72,3.79,5.63,1.49
968,0.91,3.15,5.83,9.78,2.36,5.63,1.44,10.9
969,6.95,1.08,5.71,5.98,4.02,10.4,0.47,5.39
970,6.64,1.07,8.87,8.04,4.24,6.39,2.8,1.95
971,2.36,9.01,3.84,5.22,5.34,2.29,7.21,4.73
972,3.07,6.3,7.36,1.54,3.47,3.03,14.46,0.77
973,2.92,6.48,9.61,5.69,6.44,2.92,4.02,1.92
974,4.1,4.21,6.7,8.75,0.87,5.7,6.94,2.73
975,6.75,5.59,4.08,7.38,1.98,2.25,1.79,10.18
976,9.45,7.0,1.85,5.19,7.0,2.52,4.53,2.46
977,7.98,3.0,8.08,7.62,4.31,2.61,2.91,3.49
978,2.07,3.63,1.71,9.11,6.06,5.57,8.58,3.27
979,9.27,7.89,1.88,4.56,5.72,3.03,5.52,2.13
980,6.01,0.52,5.45,4.39,10.32,7.4,3.8,2.11
981,2.03,9.83,4.25,4.96,2.21,2.74,12.79,1.19
982,9.1,4.84,1.69,5.71,6.34,4.27,5.47,2.58
983,7.4,3.85,3.65,3.6,6.83,4.57,7.47,2.63
984,7.72,0.63,8.47,5.78,3.44,7.86,1.08,5.02
985,2.27,5.19,8.75,1.24,11.05,4.18,1.14,6.18
986,1.95,9.51,4.96,6.11,2.78,2.84,10.73,1.12
987,0.6,11.07,5.24,7.08,2.53,7.9,4.8,0.78
988,8.97,7.55,4.22,2.1,2.13,3.96,5.6,5.47
989,1.27,7.39,8.53,4.85,3.81,8.41,4.37,1.37
990,4.39,0.74,2.75,12.63,9.62,4.69,2.28,2.9
991,1.93,9.22,7.32,8.1,0.87,5.08,4.86,2.62
992,8.86,6.41,7.83,3.3,6.12,0.99,2.98,3.51
993,4.52,8.06,4.67,1.44,3.09,0.65,5.07,12.5
994,3.94,6.4,0.6,4.07,10.26,7.09,1.67,5.97
995,1.03,9.89,4.68,8.8,1.7,0.96,9.45,3.49
996,2.08,9.53,7.13,8.38,1.55,6.34,3.75,1.24
997,7.97,6.01,4.37,4.17,7.0,2.49,7.24,0.75
998,6.16,9.59,4.67,7.76,2.56,4.74,1.85,2.67
999,2.53,3.78,9.99,5.16,4.5,1.0,2.1,10.94
1000,1.52,7.07,6.8,7.9,7.8,3.0,0.77,5.14
1001,7.64,3.07,6.62,4.07,3.94,7.32,5.98,1.36
1002,9.99,6.83,2.35,1.97,1.72,0.82,6.92,9.4
1003,3.74,5.25,2.39,1.81,4.49,6.14,6.44,9.74
1004,5.59,9.33,3.23,8.35,5.02,1.43,5.47,1.58
1005,9.01,0.96,5.25,4.58,5.71,2.75,3.32,8.42
1006,4.28,5.0,0.62,4.0,3.43,5.82,16.13,0.72
1007,6.85,3.73,2.65,6.71,2.2,9.38,1.39,7.09
1008,2.09,6.55,6.19,2.86,8.75,6.43,3.12,4.01
1009,1.56,8.44,3.08,4.87,10.69,6.3,2.92,2.14
1010,3.91,2.45,4.82,5.12,8.83,5.81,4.78,4.28
1011,1.2,7.51,9.11,4.5,6.68,4.69,1.65,4.66
1012,6.87,5.0,5.57,7.56,2.76,3.01,4.51,4.72
1013,5.44,3.31,3.98,3.57,9.55,1.79,6.4,5.96
1014,1.46,8.94,8.86,7.89,3.4,5.96,2.6,0.89
1015,4.88,3.63,10.48,1.35,2.82,3.92,8.87,4.05
1016,8.0,3.64,5.17,6.11,5.87,0.88,3.04,7.29
1017,1.16,6.37,9.01,8.17,6.04,0.93,2.18,6.14
1018,8.98,8.22,7.55,6.06,4.44,0.94,2.32,1.49
1019,6.09,9.68,7.09,6.85,2.52,2.4,1.6,3.77
1020,3.94,7.54,2.73,1.2,3.2,13.23,6.87,1.29
1021,9.59,6.87,5.78,1.79,0.68,5.04,4.08,6.17
1022,10.0,8.12,4.54,5.35,2.86,3.03,0.94,5.16
1023,3.31,1.54,9.51,8.76,7.57,2.41,6.28,0.62
1024,5.89,3.13,9.31,2.37,6.82,6.66,5.17,0.65
1025,7.39,2.04,2.16,5.31,7.04,5.52,4.36,6.18
1026,7.79,6.96,6.8,4.67,4.74,0.48,5.71,2.85
1027,3.45,1.35,8.79,3.34,5.37,11.52,5.85,0.33
1028,5.76,6.38,6.31,7.58,3.33,3.89,1.82,4.93
1029,4.2,7.09,1.32,9.62,3.48,9.35,0.74,4.2
1030,1.92,3.6,3.17,5.45,5.36,8.09,8.44,3.97
1031,6.58,4.76,1.52,5.21,0.76,12.19,6.28,2.7
1032,9.26,2.75,2.72,3.64,10.09,0.97,4.88,5.69
1033,2.57,7.52,3.02,10.41,3.62,6.55,6.19,0.12
1034,6.09,4.9,4.04,2.09,8.71,4.54,2.38,7.25
1035,8.88,2.99,4.48,8.83,3.68,7.41,3.08,0.65
1036,8.91,1.31,9.74,2.82,7.96,4.98,0.94,3.34
1037,5.97,8.18,6.24,3.6,3.33,1.19,8.3,3.19
1038,7.66,3.36,4.01,4.43,3.72,5.98,7.75,3.09
1039,2.84,7.31,9.34,3.78,4.3,0.85,3.58,8.0
1040,2.52,2.8,4.53,9.01,4.46,1.47,14.76,0.45
1041,5.16,4.85,9.99,1.39,6.89,1.43,4.7,5.59
1042,6.41,6.0,7.48,6.76,0.45,7.54,1.66,3.7
1043,1.86,1.21,5.39,4.74,6.58,10.96,0.7,8.56
1044,4.06,1.95,8.44,5.07,2.28,1.7,9.01,7.49
1045,3.09,8.69,2.4,5.93,2.19,2.24,6.34,9.12
1046,9.72,1.54,0.68,8.21,9.67,1.56,0.92,7.7
1047,7.16,6.07,6.56,5.05,7.27,3.15,2.84,1.9
1048,4.34,3.49,6.88,0.7,6.18,9.8,0.97,7.64
1049,3.78,4.39,3.37,6.6,8.0,6.64,1.14,6.08
1050,1.3,9.78,9.3,7.09,1.55,4.7,3.54,2.74
1051,5.4,0.98,1.97,4.52,3.56,10.37,6.29,6.91
1052,8.83,3.17,2.57,5.52,6.2,1.77,3.88,8.06
1053,8.84,6.31,2.53,4.09,7.42,2.32,2.05,6.44
1054,2.13,7.2,1.31,11.67,3.06,1.7,4.1,8.83
1055,3.3,7.45,3.38,6.44,1.17,7.44,4.49,6.33
1056,5.46,4.88,7.24,4.71,5.95,2.2,8.08,1.48
1057,1.82,2.55,2.48,1.35,11.71,12.99,6.47,0.63
1058,4.15,8.75,5.77,6.67,1.59,4.05,1.81,7.21
1059,2.99,4.27,9.91,5.61,2.72,9.45,2.02,3.03
1060,9.95,5.6,2.95,5.38,3.01,7.18,5.06,0.87
1061,9.02,0.82,8.63,6.6,5.06,4.66,0.63,4.58
1062,0.98,7.85,9.65,1.05,5.24,7.68,3.04,4.51
1063,3.08,0.55,8.24,2.71,3.29,0.99,14.51,6.63
1064,1.84,10.49,1.91,7.83,3.9,7.29,3.65,3.09
1065,3.52,2.89,3.61,4.16,1.81,10.17,6.79,7.05
1066,6.84,8.99,4.31,0.77,1.47,6.41,7.67,3.54
1067,7.36,1.03,7.74,6.15,1.05,1.93,12.91,1.83
1068,3.33,6.35,5.12,2.81,9.78,0.47,3.18,8.96
1069,8.2,7.4,3.48,5.34,1.77,1.84,11.25,0.72
1070,9.96,5.48,4.07,1.12,6.39,8.17,2.65,2.16
1071,5.2,4.56,4.24,8.31,2.53,5.02,3.9,6.24
1072,9.01,0.78,5.85,9.35,3.45,7.06,2.34,2.16
1073,3.58,2.74,2.78,8.69,3.15,10.96,6.99,1.11
1074,4.05,4.74,4.76,3.84,3.59,5.98,11.73,1.31
1075,9.25,6.32,1.19,6.51,0.7,6.76,4.07,5.2
1076,7.41,6.79,0.84,8.52,5.94,5.01,5.41,0.08
1077,4.88,8.93,8.01,6.32,4.14,1.93,3.58,2.21
1078,8.11,8.86,3.88,6.95,2.46,0.6,3.09,6.05
1079,2.8,3.04,7.57,9.44,4.09,7.18,0.37,5.51
1080,2.75,4.16,9.01,1.94,1.74,4.16,3.25,12.99
1081,3.63,5.66,2.88,9.23,9.03,1.71,2.57,5.29
1082,1.06,5.61,2.41,9.72,4.23,3.64,9.7,3.63
1083,1.88,2.25,11.63,9.3,1.64,1.01,3.29,9.0
1084,6.22,3.14,0.72,9.64,8.6,5.65,5.06,0.97
1085,7.9,3.17,6.5,1.23,4.2,8.05,6.58,2.37
1086,5.23,6.96,3.59,6.44,6.56,1.2,4.9,5.12
1087,8.88,2.97,5.92,1.46,6.21,4.26,8.82,1.48
1088,0.71,2.02,7.67,10.89,4.63,8.0,0.54,5.54
1089,7.92,7.23,6.58,6.46,5.77,3.78,0.59,1.67
1090,7.08,8.81,6.07,5.14,4.89,1.07,6.45,0.49
1091,4.91,9.59,1.14,6.49,5.72,3.92,0.54,7.69
1092,9.73,6.29,2.82,0.46,6.42,2.76,11.25,0.27
1093,3.19,8.16,0.54,7.94,4.95,7.78,1.83,5.61
1094,0.63,8.98,7.13,4.82,8.42,1.56,3.41,5.05
1095,8.28,1.6,8.78,4.43,4.42,7.37,1.69,3.43
1096,2.07,6.25,9.43,1.73,7.38,3.07,7.35,2.72
1097,6.59,7.69,5.92,5.51,4.74,4.57,2.22,2.76
1098,9.82,6.89,5.76,0.6,4.47,6.47,2.35,3.64
1099,2.07,3.66,0.85,4.54,4.53,15.23,7.26,1.86
1100,6.63,4.05,8.56,1.98,2.48,4.66,9.22,2.42
1101,2.26,6.65,2.73,9.4,5.96,5.96,2.5,4.54
1102,1.99,5.36,6.51,9.82,1.89,7.93,3.26,3.24
1103,3.12,1.6,2.89,12.49,6.92,5.01,5.28,2.69
1104,9.78,0.47,4.15,6.37,5.96,0.99,5.21,7.07
1105,1.39,7.34,1.43,11.32,8.31,3.82,5.93,0.46
1106,9.77,1.22,6.26,2.97,7.17,4.3,4.9,3.41
1107,3.51,6.27,5.76,8.76,4.51,0.97,6.33,3.89
1108,7.92,7.6,4.19,6.01,2.3,0.62,1.01,10.35
1109,5.78,5.52,3.22,4.03,4.02,2.42,5.55,9.46
1110,9.73,3.54,7.7,6.12,5.65,1.25,4.91,1.1
1111,9.93,1.15,5.53,2.91,7.32,6.12,4.74,2.3
1112,2.61,1.5,1.74,7.1,13.49,7.53,2.73,3.3
1113,1.55,9.33,5.11,7.51,8.24,4.53,2.26,1.47
1114,1.91,7.06,4.37,0.77,4.23,12.85,5.54,3.27
1115,3.41,8.26,0.72,7.33,0.83,1.52,4.9,13.03
1116,7.26,2.09,8.72,0.82,6.81,5.19,8.73,0.38
1117,6.92,5.21,6.86,4.83,2.01,4.16,7.9,2.11
1118,6.73,0.5,7.82,3.25,7.8,5.5,4.84,3.56
1119,4.2,9.95,6.01,5.74,2.2,4.96,2.92,4.02
1120,8.69,5.18,2.11,5.64,1.2,4.5,8.13,4.55
1121,7.34,8.64,3.06,7.19,1.16,7.01,0.46,5.14
1122,4.35,1.44,1.41,6.93,9.56,4.72,1.57,10.02
1123,7.88,6.99,6.26,3.59,3.69,6.67,3.78,1.14
1124,8.66,3.46,4.11,1.81,9.47,2.17,6.32,4.0
1125,9.76,6.01,1.47,4.94,2.25,3.2,6.63,5.74
1126,3.46,7.7,7.16,0.57,1.59,4.13,5.4,9.99
1127,6.71,1.34,5.63,4.88,5.16,8.12,7.56,0.6
1128,4.96,6.73,6.58,6.41,3.33,5.36,4.51,2.12
1129,3.16,5.9,10.11,0.94,7.84,2.2,6.54,3.31
1130,2.67,3.2,9.32,5.6,4.77,0.99,11.01,2.44
1131,2.29,0.84,11.36,4.26,10.46,1.09,3.59,6.11
1132,5.69,5.35,6.56,8.61,3.84,3.83,2.62,3.5
1133,7.37,5.39,8.02,5.28,6.72,4.38,2.4,0.44
1134,6.42,4.4,7.48,5.15,8.19,2.74,2.16,3.46
1135,4.99,8.74,7.03,2.35,6.57,2.83,7.35,0.14
1136,6.57,5.66,5.06,3.5,3.7,2.92,4.77,7.82
1137,0.92,8.73,4.3,8.72,8.14,2.13,1.1,5.96
1138,5.29,3.5,6.53,4.95,3.14,11.03,2.32,3.24
1139,3.28,3.71,2.7,4.64,11.03,0.77,13.23,0.64
1140,4.38,9.7,3.0,1.87,3.26,1.18,6.64,9.97
1141,2.57,8.75,0.85,7.66,1.05,1.84,10.0,7.28
1142,2.34,3.5,6.69,3.93,11.46,4.87,6.48,0.73
1143,8.25,5.7,4.41,7.13,3.36,6.24,2.32,2.59
1144,2.57,8.25,1.71,3.52,1.57,4.59,14.11,3.68
1145,1.0,4.53,5.97,10.08,4.54,5.85,0.91,7.12
1146,1.41,1.79,2.91,1.63,2.62,7.24,14.58,7.82
1147,3.86,7.31,8.48,1.1,1.11,5.84,10.15,2.15
1148,1.82,1.26,4.13,9.3,2.55,1.24,3.63,16.07
1149,6.72,2.64,5.48,0.83,6.05,4.92,11.66,1.7
1150,1.51,7.34,7.0,8.07,0.44,5.07,6.0,4.57
1151,0.88,11.16,5.39,3.85,2.3,2.47,1.67,12.28
1152,7.47,3.14,3.37,6.31,6.06,6.25,1.24,6.16
1153,6.62,1.41,9.03,9.16,0.84,4.23,6.9,1.81
1154,3.68,2.13,5.66,2.2,9.36,7.12,5.49,4.36
1155,7.87,4.69,1.96,2.87,7.95,1.98,0.83,11.85
1156,1.89,3.35,0.9,1.12,8.36,2.7,18.77,2.91
1157,8.03,5.47,2.14,8.77,6.59,5.19,1.99,1.82
1158,5.05,7.86,7.41,7.77,4.33,4.02,3.18,0.38
1159,6.19,3.93,4.21,3.14,9.63,7.51,4.14,1.25
1160,8.34,0.95,7.04,9.2,4.86,6.1,1.51,2.0
1161,9.54,0.97,2.41,2.2,11.26,0.98,4.76,7.88
1162,3.02,9.62,2.89,8.58,2.27,7.2,3.04,3.38
1163,8.8,5.32,2.91,8.53,6.31,2.22,1.63,4.28
1164,4.59,4.46,1.71,5.6,10.62,3.53,8.97,0.52
1165,4.29,4.32,3.86,2.43,7.55,11.64,0.59,5.32
1166,1.57,8.27,0.75,10.71,3.04,2.62,2.65,10.39
1167,5.42,6.08,2.75,6.41,6.05,5.23,6.95,1.11
1168,5.0,2.77,4.44,10.62,2.28,9.34,3.89,1.66
1169,8.63,3.64,1.98,5.7,2.83,10.4,3.79,3.03
1170,0.52,8.45,4.33,5.62,6.36,1.66,5.15,7.91
1171,1.07,2.41,3.92,9.18,7.65,1.14,6.68,7.95
1172,8.09,1.39,8.77,5.34,7.11,2.92,4.46,1.92
1173,2.68,4.51,6.96,5.02,4.29,5.85,2.41,8.28
1174,4.08,3.35,3.19,5.13,4.8,9.92,1.01,8.52
1175,9.87,3.52,8.57,1.92,7.18,2.42,5.51,1.01
1176,4.0,3.56,9.66,7.61,6.29,0.89,0.81,7.18
1177,4.76,4.18,10.23,7.04,3.13,0.38,3.29,6.99
1178,5.67,1.88,7.09,3.46,5.89,5.61,9.45,0.95
1179,5.72,5.96,0.6,9.57,3.42,1.09,1.36,12.28
1180,1.32,6.38,3.65,5.74,9.97,4.61,7.35,0.98
1181,9.33,4.27,4.33,7.59,2.04,1.17,9.71,1.56
1182,0.86,8.67,6.92,7.25,1.87,4.99,7.53,1.91
1183,7.45,0.79,5.33,5.93,2.79,5.39,5.31,7.01
1184,8.33,4.64,4.22,4.1,2.8,9.81,6.05,0.05
1185,5.61,1.05,1.31,7.1,2.8,7.24,11.89,3.0
1186,4.97,1.82,6.54,1.62,6.39,8.22,5.63,4.81
1187,5.42,2.9,6.2,8.89,7.71,4.06,1.43,3.39
1188,5.56,6.81,6.77,3.57,3.84,5.67,1.92,5.86
1189,9.99,2.88,2.31,2.52,6.32,7.12,2.11,6.75
1190,7.79,1.01,9.11,5.75,2.32,3.21,6.15,4.66
1191,1.79,5.39,7.81,5.9,3.85,9.67,3.69,1.9
1192,1.51,2.85,7.34,10.24,8.56,0.95,5.56,2.99
1193,2.69,7.68,1.37,9.12,5.67,5.75,4.44,3.28
1194,3.07,0.96,7.07,2.78,7.54,8.43,1.31,8.84
1195,8.24,1.6,7.51,1.83,7.28,4.03,4.48,5.03
1196,5.11,4.6,7.21,9.15,4.07,5.98,1.34,2.54
1197,4.28,1.86,0.99,5.5,1.01,14.65,1.55,10.16
1198,8.44,5.43,4.92,5.19,5.37,0.56,3.89,6.2
1199,2.78,9.18,3.74,6.1,8.1,5.61,2.03,2.46
1200,9.68,0.66,8.77,8.11,2.39,5.71,0.57,4.11
1201,5.18,8.32,8.22,1.18,3.28,1.59,3.29,8.94
1202,9.66,4.42,3.85,4.97,4.26,3.53,4.76,4.55
1203,5.26,2.54,5.92,3.85,4.72,8.16,7.01,2.54
1204,7.37,5.19,2.95,8.09,2.59,3.14,3.61,7.06
1205,1.92,5.83,8.04,2.58,8.68,2.13,6.22,4.6
1206,1.37,3.11,8.47,10.28,5.57,6.48,2.28,2.44
1207,7.36,6.85,0.94,1.72,1.26,13.36,2.98,5.53
1208,10.0,4.73,4.68,7.2,3.09,1.54,4.21,4.55
1209,9.92,6.31,1.98,8.52,0.82,1.95,9.5,1.0
1210,8.68,2.73,2.93,2.34,10.47,5.91,5.32,1.62
1211,1.23,4.35,10.55,9.5,6.79,1.45,2.64,3.49
1212,2.75,1.65,1.53,13.24,4.8,3.45,3.68,8.9
1213,3.06,4.8,1.01,8.62,11.08,1.11,4.51,5.81
1214,8.5,6.28,6.56,6.98,4.03,3.56,2.22,1.87
1215,3.3,3.23,1.05,6.91,7.35,5.57,10.02,2.57
1216,3.48,1.77,1.23,12.73,3.81,10.64,3.7,2.64
1217,4.43,7.24,7.11,8.21,5.89,3.93,1.28,1.91
1218,3.47,2.49,4.34,4.3,7.55,3.57,6.24,8.04
1219,5.53,4.27,5.04,1.11,2.4,1.94,17.29,2.42
1220,4.6,4.13,2.55,8.17,6.23,7.28,2.59,4.45
1221,6.57,5.98,2.48,7.62,3.78,6.09,0.4,7.08
1222,8.65,1.71,3.63,4.94,1.75,8.98,1.43,8.91
1223,8.24,1.5,1.04,5.93,9.88,0.8,12.49,0.12
1224,7.64,1.3,3.49,8.29,3.23,8.87,5.93,1.25
1225,1.94,2.08,2.09,4.97,7.83,10.96,0.98,9.15
1226,6.18,2.05,3.21,5.28,9.5,5.77,0.44,7.57
1227,1.6,8.45,7.54,2.08,4.71,6.32,1.94,7.36
1228,5.5,8.16,7.54,2.25,6.82,2.88,2.64,4.21
1229,2.42,6.72,0.97,5.71,1.25,3.82,13.16,5.95
1230,9.77,2.4,2.76,8.5,8.01,3.84,2.62,2.1
1231,4.84,1.92,3.37,1.05,4.7,13.46,4.19,6.47
1232,1.19,5.71,9.41,1.16,4.19,8.84,7.72,1.78
1233,0.93,8.04,3.31,4.29,4.93,10.22,3.95,4.33
1234,5.99,7.16,0.73,8.11,8.23,1.89,1.68,6.21
1235,3.94,1.14,5.24,6.68,5.57,1.22,8.61,7.6
1236,4.33,7.41,9.07,5.34,3.21,4.66,5.23,0.75
1237,5.13,1.58,8.33,8.21,6.1,6.97,2.65,1.03
1238,8.98,8.58,7.28,3.52,5.51,1.35,2.24,2.54
1239,6.96,7.58,5.76,7.13,4.51,2.16,0.96,4.94
1240,5.95,8.52,1.1,8.84,6.69,0.5,7.52,0.88
1241,2.92,2.56,2.51,8.16,1.6,10.6,1.11,10.54
1242,2.57,4.03,1.1,8.17,2.55,7.77,3.94,9.87
1243,9.94,4.71,6.57,5.22,3.83,3.38,3.06,3.29
1244,5.5,7.12,1.62,5.86,8.02,2.06,5.7,4.12
1245,4.47,5.75,2.49,5.85,10.46,1.17,1.01,8.8
1246,7.14,4.28,6.84,4.1,1.1,9.18,3.63,3.73
1247,6.31,4.88,2.08,9.06,3.41,6.91,0.99,6.36
1248,9.31,1.35,3.36,5.93,5.96,8.19,1.62,4.28
1249,2.5,9.35,0.98,9.06,5.99,2.71,2.73,6.68
1250,7.06,2.07,3.06,1.33,5.56,2.11,8.24,10.57
1251,1.34,3.79,5.12,2.39,12.05,10.13,0.85,4.33
1252,8.63,7.4,4.99,3.94,4.86,1.85,7.27,1.06
1253,7.07,6.11,7.06,7.43,2.45,1.57,2.64,5.67
1254,4.57,4.89,9.22,4.78,3.44,4.14,6.28,2.68
1255,6.91,9.29,1.49,8.43,0.9,2.46,7.69,2.83
1256,6.83,1.4,5.85,2.75,8.99,6.22,7.65,0.31
1257,7.31,2.48,5.7,4.75,3.02,7.24,6.33,3.17
1258,6.4,2.53,2.71,10.56,6.96,4.73,2.98,3.13
1259,2.53,7.18,1.86,4.54,2.28,6.87,1.03,13.71
1260,2.84,5.1,2.75,5.45,5.14,11.7,3.62,3.4
1261,1.61,3.76,11.18,3.0,7.95,6.59,4.83,1.08
1262,5.9,3.07,4.99,4.34,6.24,7.27,6.96,1.23
1263,3.21,3.64,4.5,4.31,3.24,13.66,5.09,2.35
1264,6.61,4.76,0.93,9.01,9.28,5.67,1.04,2.7
1265,4.69,1.99,0.66,1.64,14.62,6.16,5.95,4.29
1266,4.05,8.92,8.3,0.67,2.81,2.36,4.08,8.81
1267,4.1,8.17,6.51,1.01,3.64,8.76,3.85,3.96
1268,2.29,9.65,5.21,1.63,2.05,9.39,1.21,8.57
1269,7.86,1.44,3.04,5.07,8.08,7.24,3.93,3.34
1270,8.07,8.18,6.44,4.95,5.39,0.58,6.02,0.37
1271,8.59,8.61,5.58,1.48,5.89,3.24,5.84,0.77
1272,1.2,7.53,4.94,7.29,8.63,0.52,8.53,1.36
1273,2.44,9.01,5.61,5.03,5.41,5.51,5.46,1.53
1274,8.47,5.11,1.72,8.18,8.24,2.25,5.49,0.54
1275,7.3,7.69,3.6,3.94,2.41,7.91,5.1,2.05
1276,6.25,9.12,2.92,2.96,1.79,0.81,6.7,9.45
1277,3.65,8.88,5.03,3.19,1.15,7.26,2.67,8.17
1278,6.7,1.25,7.92,0.94,1.9,9.16,6.61,5.52
1279,4.61,4.28,5.1,1.54,4.96,8.19,6.67,4.65
1280,8.79,7.35,2.09,8.63,4.87,2.67,4.18,1.42
1281,5.77,4.09,6.88,5.94,1.4,4.34,1.24,10.34
1282,1.15,7.51,2.79,1.73,11.32,1.7,9.33,4.47
1283,9.25,6.02,6.5,0.55,7.96,0.79,2.66,6.27
1284,9.49,3.84,1.92,9.04,2.72,5.69,7.28,0.02
1285,2.11,2.55,8.02,0.62,4.18,3.28,11.31,7.93
1286,6.24,1.54,3.43,5.63,8.09,8.69,1.83,4.55
1287,0.66,10.38,6.87,4.69,5.91,1.74,3.4,6.35
1288,7.88,9.02,5.27,1.62,3.05,8.76,2.2,2.2
1289,8.66,7.26,5.17,2.24,8.01,2.52,1.46,4.68
1290,3.81,5.12,1.81,11.45,6.49,4.77,5.57,0.98
1291,4.7,4.67,1.82,1.4,5.28,10.26,9.43,2.44
1292,6.59,3.14,5.94,8.61,2.24,8.34,1.74,3.4
1293,2.09,3.19,1.95,5.53,2.0,11.38,2.46,11.4
1294,6.76,8.38,3.94,5.93,4.95,6.68,1.63,1.73
1295,8.98,2.72,3.46,8.22,4.08,4.24,2.95,5.35
1296,6.71,3.74,6.03,6.87,8.08,0.75,0.46,7.36
1297,8.86,0.48,4.46,4.91,10.33,5.69,0.94,4.33
1298,3.83,6.85,6.1,3.53,9.26,5.17,5.14,0.12
1299,3.75,8.09,6.62,0.91,8.3,7.11,1.26,3.96
1300,4.4,6.35,8.79,7.2,5.89,3.93,2.34,1.1
1301,2.18,7.89,4.12,8.35,8.4,2.04,5.61,1.41
1302,6.25,0.82,1.81,0.85,5.77,6.06,14.36,4.08
1303,5.97,3.35,7.99,4.22,3.75,7.75,5.51,1.46
1304,1.19,9.12,0.82,1.28,7.41,12.58,2.4,5.2
1305,1.28,7.52,6.84,7.52,7.09,3.67,5.31,0.77
1306,0.97,0.7,12.67,8.51,2.58,2.11,9.66,2.8
1307,2.47,4.14,5.13,9.17,9.28,2.09,4.32,3.4
1308,4.13,8.56,4.95,7.05,2.01,7.44,2.86,3.0
1309,8.36,0.5,4.37,5.28,0.67,3.42,4.14,13.26
1310,4.72,2.61,4.46,8.18,4.86,8.75,6.19,0.23
1311,9.67,3.4,5.04,1.56,7.91,3.09,3.3,6.03
1312,3.42,2.6,2.63,3.5,7.04,5.82,8.81,6.18
1313,8.72,1.61,6.37,1.14,1.64,2.45,6.72,11.35
1314,3.23,8.87,4.23,8.85,3.6,1.13,4.16,5.93
1315,9.76,1.48,4.78,6.93,5.01,4.93,2.23,4.88
1316,2.16,6.83,0.99,10.1,9.92,1.38,8.54,0.08
1317,2.04,4.72,6.68,3.15,5.97,5.66,10.35,1.43
1318,8.17,8.35,4.71,2.13,8.3,0.38,1.74,6.22
1319,9.53,6.42,3.3,3.96,2.56,1.07,5.05,8.11
1320,5.41,5.24,8.49,6.54,3.88,2.19,3.03,5.22
1321,6.41,4.88,6.9,7.42,1.43,5.18,7.5,0.28
1322,0.75,0.86,6.93,9.9,4.83,9.63,1.31,5.79
1323,5.66,8.31,2.23,4.72,5.57,8.59,4.33,0.59
1324,9.72,0.97,6.4,4.93,6.47,1.6,5.79,4.12
1325,1.59,8.54,9.71,7.4,5.55,3.01,0.68,3.52
1326,2.78,4.94,1.22,1.53,14.73,8.73,4.44,1.63
1327,3.74,9.98,5.43,8.02,3.5,0.82,4.6,3.91
1328,4.07,7.98,7.65,4.43,1.39,5.3,3.81,5.37
1329,5.97,5.75,8.87,1.1,8.83,1.48,7.43,0.57
1330,1.3,8.67,4.54,7.16,8.53,1.29,8.48,0.03
1331,2.13,4.75,2.35,6.0,2.27,4.88,13.92,3.7
1332,9.98,0.82,7.9,3.46,5.54,7.48,4.56,0.26
1333,4.6,1.68,4.84,4.0,8.12,5.56,8.18,3.02
1334,8.84,4.06,4.49,4.9,7.81,1.28,6.6,2.02
1335,4.01,5.63,8.61,0.66,9.73,3.68,7.08,0.6
1336,4.82,2.32,1.97,8.89,5.74,8.31,1.51,6.44
1337,2.57,4.44,9.17,2.0,3.22,11.67,6.87,0.06
1338,4.32,2.35,8.14,3.23,4.07,4.44,9.62,3.83
1339,5.88,3.16,3.81,4.93,5.94,9.98,1.32,4.98
1340,9.08,3.48,6.87,0.72,6.31,1.71,5.3,6.53
1341,6.73,3.61,8.66,2.7,7.51,1.04,4.62,5.13
1342,5.44,7.76,5.81,3.64,0.77,7.79,1.51,7.28
1343,8.05,3.63,5.48,8.66,2.58,2.84,5.71,3.05
1344,2.81,6.17,10.05,4.77,3.59,6.23,2.03,4.35
1345,3.73,4.09,8.43,2.88,8.88,4.1,5.29,2.6
1346,7.76,1.23,0.55,1.75,13.66,1.58,1.01,12.46
1347,6.58,3.63,7.94,0.48,2.66,2.06,6.51,10.14
1348,3.69,2.98,6.97,6.14,9.76,4.15,5.05,1.26
1349,6.48,5.91,2.92,2.87,1.9,7.44,2.63,9.85
1350,4.62,3.75,8.78,2.31,2.29,4.27,8.2,5.78
1351,2.26,2.47,3.93,3.61,6.18,8.22,11.2,2.13
1352,5.07,7.69,3.44,4.65,9.55,1.17,2.44,5.99
1353,7.28,3.82,9.07,1.34,7.55,4.89,2.79,3.26
1354,8.96,5.41,3.72,6.08,3.22,1.7,3.35,7.56
1355,5.94,5.99,2.94,7.88,6.25,1.56,6.6,2.84
1356,3.29,9.5,4.04,7.78,2.53,1.83,7.64,3.39
1357,9.62,5.29,6.22,3.85,4.29,3.96,4.11,2.66
1358,7.62,3.34,6.75,8.38,2.92,4.6,4.08,2.31
1359,0.51,1.78,12.2,5.07,9.66,3.04,5.57,2.17
1360,3.31,4.33,5.5,3.57,5.67,4.05,3.83,9.74
1361,1.57,4.5,5.09,5.23,6.4,4.24,7.26,5.71
1362,6.0,2.62,0.74,4.94,10.54,6.69,2.38,6.09
1363,7.14,6.69,7.76,3.26,6.56,3.16,4.99,0.44
1364,4.63,5.39,7.74,0.63,4.46,7.16,8.87,1.12
1365,4.32,9.82,8.26,6.2,5.39,1.87,4.07,0.07
1366,4.57,2.25,6.05,0.56,5.12,14.2,5.63,1.62
1367,3.19,7.99,3.24,8.6,5.77,1.32,1.27,8.62
1368,6.3,1.86,0.83,8.2,9.81,2.19,0.86,9.95
1369,9.85,8.33,1.8,5.33,2.08,4.23,4.3,4.08
1370,9.22,5.12,3.7,6.85,5.43,5.41,3.02,1.25
1371,6.03,6.41,1.71,7.83,8.08,3.99,0.69,5.26
1372,5.6,8.32,4.39,3.67,7.69,6.02,2.04,2.27
1373,0.84,10.78,9.45,3.57,1.72,1.92,11.57,0.15
1374,7.04,0.96,9.97,3.64,2.33,2.23,9.27,4.56
1375,4.12,7.13,2.22,8.78,5.33,7.92,4.15,0.35
1376,3.46,5.6,0.54,9.95,10.22,6.58,2.02,1.63
1377,3.77,4.35,1.08,8.4,3.73,4.39,9.88,4.4
1378,6.53,3.46,4.99,8.47,4.44,6.66,5.17,0.28
1379,2.71,9.38,4.9,1.6,3.43,1.6,7.91,8.47
1380,4.74,1.4,4.59,2.36,5.84,8.71,2.6,9.76
1381,1.01,7.3,2.36,1.98,0.7,1.23,19.46,5.96
1382,6.21,2.46,9.56,3.38,1.07,6.06,3.3,7.96
1383,1.45,3.89,5.57,6.07,3.7,7.41,8.77,3.14
1384,5.37,7.64,5.91,6.36,1.19,7.34,3.34,2.85
1385,9.21,8.4,2.79,5.4,1.37,3.79,4.58,4.46
1386,3.65,3.18,4.03,3.07,7.18,8.08,2.06,8.75
1387,5.85,5.39,7.41,3.76,7.18,1.57,3.65,5.19
1388,9.35,1.06,1.33,11.15,7.82,0.56,0.53,8.2
1389,1.49,5.29,2.47,3.09,1.79,2.22,6.39,17.26
1390,8.24,6.1,5.41,4.78,1.25,1.4,12.16,0.66
1391,7.01,2.7,7.51,4.09,5.69,6.93,4.72,1.35
1392,6.14,4.86,4.9,7.62,1.45,6.47,1.26,7.3
1393,8.26,7.57,1.97,2.79,2.58,8.16,3.4,5.27
1394,0.81,6.12,5.42,9.21,5.52,4.87,1.41,6.64
1395,8.63,6.3,6.03,7.11,1.15,6.89,2.68,1.21
1396,2.25,0.56,6.88,5.62,10.59,3.61,10.03,0.46
1397,3.02,8.61,4.83,8.25,4.41,5.54,1.33,4.01
1398,7.25,8.75,5.89,0.62,1.65,7.23,6.29,2.32
1399,7.48,7.17,1.59,3.3,8.59,2.42,7.28,2.17
1400,0.64,2.9,3.11,1.38,13.26,7.3,1.12,10.29
1401,3.4,8.75,2.03,7.8,2.72,7.91,6.51,0.88
1402,1.76,4.55,4.62,9.99,2.85,1.57,6.48,8.18
1403,3.48,5.12,2.11,7.17,2.62,7.94,2.11,9.45
1404,5.23,4.07,7.68,5.21,0.69,1.68,11.97,3.47
1405,6.95,8.91,1.45,6.79,2.29,7.6,1.56,4.45
1406,6.61,1.98,7.49,7.74,5.69,3.13,2.69,4.67
1407,7.6,6.35,1.21,5.01,0.6,11.53,0.93,6.77
1408,2.57,2.16,10.77,5.19,9.46,5.29,3.29,1.27
1409,3.09,4.55,2.6,9.61,3.14,6.07,6.75,4.19
1410,7.97,5.31,2.44,3.11,8.86,2.62,8.98,0.71
1411,1.7,9.89,6.96,3.38,3.31,4.96,5.89,3.91
1412,1.69,5.69,8.13,3.7,6.32,5.46,3.21,5.8
1413,3.06,8.74,9.17,7.12,1.83,3.85,6.08,0.15
1414,6.15,2.89,4.26,8.94,3.89,6.99,2.78,4.1
1415,0.67,9.29,4.43,4.85,1.03,10.7,4.65,4.38
1416,7.13,5.83,8.31,0.43,7.38,6.61,4.24,0.07
1417,5.32,5.66,3.68,9.7,5.33,6.04,0.82,3.45
1418,5.53,5.08,6.76,7.38,3.85,2.2,5.68,3.52
1419,9.96,4.08,1.74,0.71,8.42,7.21,6.96,0.92
1420,0.61,6.82,4.13,11.35,1.66,6.79,4.48,4.16
1421,1.82,3.17,10.98,8.59,1.28,0.81,6.46,6.89
1422,4.14,6.45,6.27,8.76,4.25,0.86,1.14,8.13
1423,1.28,7.84,2.37,8.66,7.09,0.52,2.26,9.98
1424,8.36,6.2,5.74,3.23,3.24,6.04,3.41,3.78
1425,7.7,8.19,1.36,5.81,2.37,4.0,2.34,8.23
1426,5.18,5.34,7.75,1.85,9.16,5.18,4.82,0.72
1427,7.13,5.45,3.01,3.61,7.81,3.09,2.23,7.67
1428,6.46,1.04,5.51,7.6,5.4,5.07,7.06,1.86
1429,7.04,5.93,4.58,2.26,9.52,5.87,4.11,0.69
1430,1.82,10.13,4.29,1.16,4.64,2.3,11.69,3.97
1431,7.11,4.35,6.72,6.95,5.35,2.21,0.51,6.8
1432,7.39,6.79,5.88,4.19,3.35,3.75,4.1,4.55
1433,7.56,3.1,4.67,8.3,5.07,5.53,4.72,1.05
1434,3.13,5.9,8.95,7.71,5.4,1.45,6.88,0.58
1435,3.87,2.58,4.98,5.57,2.78,7.14,4.98,8.1
1436,9.04,0.87,7.88,1.39,4.43,10.27,1.57,4.55
1437,6.16,6.57,3.05,7.57,1.98,8.16,1.75,4.76
1438,3.87,9.41,0.5,1.45,6.45,8.02,9.7,0.6
1439,8.54,6.74,6.41,5.53,5.37,0.55,5.52,1.34
1440,2.98,7.9,8.8,5.4,5.36,5.28,1.5,2.78
1441,3.29,1.03,4.43,9.38,1.7,13.41,2.63,4.13
1442,3.62,9.22,7.08,5.83,2.98,6.02,4.83,0.42
1443,8.2,1.42,8.3,8.72,2.98,4.14,1.84,4.4
1444,5.07,8.62,3.59,6.01,5.14,4.32,1.7,5.55
1445,8.65,7.52,1.91,2.2,4.65,5.26,8.05,1.76
1446,3.08,5.2,8.2,4.24,6.75,2.76,3.68,6.09
1447,8.25,7.12,7.39,2.2,1.73,6.74,0.45,6.12
1448,3.9,0.87,7.41,2.29,3.08,6.4,5.24,10.81
1449,5.54,9.68,7.2,1.65,6.85,2.31,6.67,0.1
1450,9.89,2.35,4.69,1.15,5.09,1.67,4.3,10.86
1451,4.54,2.9,7.78,1.03,9.77,0.98,11.21,1.79
1452,9.61,3.06,3.54,8.74,2.33,1.33,4.4,6.99
1453,5.08,5.09,6.86,1.34,1.46,1.43,0.98,17.76
1454,5.15,4.51,5.77,0.53,0.86,4.33,6.48,12.37
1455,7.7,4.01,8.57,3.38,7.55,0.33,4.09,4.37
1456,2.64,4.67,9.55,5.07,5.57,8.17,2.55,1.78
1457,9.75,7.56,4.43,5.56,1.66,7.07,2.27,1.7
1458,7.48,7.64,2.64,7.84,4.0,1.23,6.2,2.97
1459,8.32,4.63,2.89,3.49,8.54,3.19,5.92,3.02
1460,2.69,7.02,3.08,2.22,8.75,5.62,7.76,2.86
1461,7.13,7.67,6.1,4.38,1.59,5.13,2.71,5.29
1462,9.15,7.96,0.55,2.13,6.82,1.38,11.49,0.52
1463,7.57,2.53,9.06,2.46,8.17,5.46,2.93,1.82
1464,4.28,4.76,9.84,3.6,5.47,2.96,4.68,4.41
1465,6.97,0.81,9.26,3.94,7.25,5.93,3.75,2.09
1466,3.39,8.01,2.23,1.09,10.57,5.11,7.92,1.68
1467,2.83,2.11,5.63,1.36,7.55,0.98,6.61,12.93
1468,2.28,6.26,9.57,7.77,1.82,2.4,4.57,5.33
1469,2.33,9.52,7.53,6.96,3.85,3.13,3.61,3.07
1470,4.18,1.48,10.56,3.81,5.31,9.15,1.7,3.81
1471,0.63,2.2,5.57,4.8,7.77,11.32,2.89,4.82
1472,5.75,6.38,8.87,4.7,3.09,5.06,1.92,4.23
1473,8.81,1.14,3.57,6.42,8.51,5.05,0.51,5.99
1474,2.32,2.95,5.1,8.2,8.54,7.54,1.58,3.77
1475,6.65,3.55,1.88,0.66,3.12,5.24,12.32,6.58
1476,7.42,6.1,0.75,2.61,0.6,12.41,9.08,1.03
1477,9.68,2.35,4.78,4.17,5.51,2.01,2.9,8.6
1478,4.22,5.53,5.12,5.51,1.93,1.86,1.6,14.23
1479,7.76,8.11,6.07,4.38,0.35,0.59,5.62,7.12
1480,6.69,3.86,9.4,5.75,3.18,2.89,7.56,0.67
1481,5.92,8.37,1.56,0.94,0.76,2.97,14.36,5.12
1482,6.03,5.96,4.39,4.96,2.63,6.1,5.33,4.6
1483,2.9,7.51,7.5,1.1,2.38,3.65,4.37,10.59
1484,0.68,6.69,6.35,3.76,3.99,10.96,4.16,3.41
1485,4.76,1.75,5.94,9.3,6.68,1.11,4.64,5.82
1486,9.28,4.55,7.39,7.44,4.12,3.12,2.1,2.0
1487,7.01,9.04,1.79,6.17,4.43,6.2,2.83,2.53
1488,2.39,2.06,11.25,1.67,4.4,11.07,3.03,4.13
1489,4.19,2.28,1.07,6.04,12.09,6.04,2.56,5.73
1490,1.28,8.57,2.78,8.28,2.26,5.94,7.17,3.72
1491,3.31,2.42,2.14,7.84,9.19,6.87,2.28,5.95
1492,2.98,5.2,4.62,7.69,0.79,7.48,0.63,10.61
1493,3.45,7.27,1.14,3.47,4.28,11.47,8.83,0.09
1494,4.66,2.78,7.2,9.4,5.42,5.08,3.36,2.1
1495,2.12,2.93,2.53,3.64,7.72,8.95,0.95,11.16
1496,8.15,8.35,3.33,4.68,0.6,3.85,3.09,7.95
1497,7.99,8.47,2.81,5.1,4.3,5.53,3.47,2.33
1498,4.01,9.3,0.79,1.42,8.24,2.38,7.03,6.83
1499,5.04,3.72,9.37,3.42,7.81,6.55,1.68,2.41
1500,6.29,2.71,1.36,5.02,3.41,5.17,12.91,3.13
1501,4.34,8.52,7.82,3.71,6.85,0.67,3.22,4.87
1502,0.88,3.32,7.88,10.56,2.48,6.14,2.22,6.52
1503,5.16,6.58,1.02,5.81,1.66,4.44,8.87,6.46
1504,9.85,5.32,7.75,5.08,5.5,0.78,4.45,1.27
1505,7.31,8.7,2.34,7.48,3.88,5.2,3.39,1.7
1506,4.98,5.96,4.04,1.82,9.08,5.16,5.19,3.77
1507,9.44,5.57,3.13,7.81,4.87,3.09,0.46,5.63
1508,5.74,8.72,5.15,1.22,2.67,4.59,8.45,3.46
1509,8.65,5.09,2.1,2.18,6.71,9.05,3.74,2.48
1510,1.4,2.59,4.41,10.77,6.05,5.62,7.81,1.35
1511,8.16,6.52,6.27,3.83,4.9,3.79,4.21,2.32
1512,3.87,4.46,7.01,7.93,2.74,4.38,3.06,6.55
1513,2.62,3.03,9.19,5.05,5.99,4.09,4.14,5.89
1514,1.02,10.74,6.59,3.39,6.99,6.9,3.57,0.8
1515,6.93,1.82,1.1,11.25,7.94,5.94,1.82,3.2
1516,3.39,2.58,4.54,3.66,11.15,8.47,1.01,5.2
1517,7.3,4.65,8.54,3.66,7.1,5.53,0.77,2.45
1518,2.7,3.14,9.95,0.65,7.54,3.96,1.99,10.07
1519,1.27,7.52,3.03,4.79,10.47,4.09,4.25,4.58
1520,2.62,8.59,2.27,2.38,6.19,4.33,3.17,10.45
1521,6.4,1.29,5.94,5.01,6.36,5.47,0.71,8.82
1522,4.73,7.01,5.17,6.86,5.54,6.42,1.62,2.65
1523,4.21,6.52,8.38,4.64,3.21,1.04,10.71,1.29
1524,0.69,7.36,9.14,7.21,2.74,1.13,1.32,10.41
1525,9.73,1.97,5.13,3.43,5.72,0.79,4.76,8.47
1526,1.95,8.88,3.3,1.55,7.68,2.48,8.01,6.15
1527,4.31,9.85,3.36,5.74,5.86,1.81,8.59,0.48
1528,6.82,4.11,9.34,1.72,2.37,9.21,5.58,0.85
1529,6.62,9.51,5.03,2.9,4.94,2.63,7.9,0.47
1530,2.31,4.41,2.69,10.59,1.7,7.49,4.17,6.64
1531,2.68,4.82,3.65,8.43,1.98,3.08,9.74,5.62
1532,0.85,1.18,10.22,8.3,7.2,4.6,0.99,6.66
1533,7.61,8.59,4.97,0.88,6.3,0.58,8.56,2.51
1534,7.11,5.76,4.71,3.67,6.88,4.3,4.25,3.32
1535,6.57,6.33,1.61,8.77,3.92,7.77,1.59,3.44
1536,9.86,3.03,6.53,1.41,3.4,4.66,6.88,4.23
1537,7.79,6.66,4.88,3.58,2.93,4.95,7.03,2.18
1538,7.12,9.24,5.68,4.16,5.72,1.84,5.23,1.01
1539,4.76,8.73,2.06,0.83,4.67,4.79,8.31,5.85
1540,3.68,2.17,5.36,3.87,11.67,5.97,6.65,0.63
1541,6.08,5.78,3.99,1.93,3.62,0.91,12.68,5.01
1542,2.62,1.85,11.42,1.49,1.75,8.91,8.42,3.54
1543,0.72,8.56,3.07,2.96,3.24,1.97,18.04,1.44
1544,4.55,0.63,3.78,2.62,4.62,2.64,18.92,2.24
1545,9.55,7.85,1.49,6.0,0.61,7.59,4.72,2.19
1546,8.3,2.98,2.9,6.37,7.99,4.46,3.43,3.57
1547,7.72,7.29,5.09,4.05,2.37,7.45,3.46,2.57
1548,1.61,0.72,1.51,9.59,12.06,4.73,4.71,5.07
1549,4.65,3.95,3.36,9.53,3.38,3.05,9.98,2.1
1550,2.08,10.42,3.55,2.63,0.96,11.39,2.82,6.15
1551,2.84,9.78,0.76,4.31,10.35,6.85,2.28,2.83
1552,8.11,7.03,3.71,5.12,2.09,7.38,2.17,4.39
1553,1.37,3.14,0.78,1.84,1.41,6.35,22.64,2.47
1554,4.46,1.73,6.23,2.58,2.41,10.46,11.22,0.91
1555,8.56,1.3,2.72,3.29,6.17,4.06,0.74,13.16
1556,8.82,6.25,1.12,7.06,1.93,6.54,5.92,2.36
1557,2.98,2.68,1.27,7.77,12.33,8.0,0.36,4.61
1558,3.34,2.62,3.43,9.99,8.97,6.62,2.49,2.54
1559,2.56,3.76,10.82,2.52,5.96,3.11,3.09,8.18
1560,4.2,5.12,1.72,9.47,8.77,7.04,1.56,2.12
1561,4.66,9.72,4.12,2.68,5.34,7.98,2.03,3.47
1562,2.95,10.13,3.51,1.4,2.24,5.28,11.3,3.19
1563,5.54,2.72,10.28,4.35,3.31,1.77,8.29,3.74
1564,1.38,6.41,8.47,0.95,9.26,7.01,2.1,4.42
1565,1.26,2.89,3.37,4.75,9.9,4.79,2.76,10.28
1566,1.38,6.31,9.1,3.85,9.66,0.42,4.22,5.06
1567,5.27,5.68,4.59,4.28,5.77,1.52,7.13,5.76
1568,4.72,8.62,6.82,0.47,2.96,7.56,3.27,5.58
1569,2.51,1.13,2.57,3.94,8.44,7.98,5.5,7.93
1570,8.98,2.59,3.64,7.27,7.18,4.45,2.53,3.36
1571,1.01,10.59,4.89,6.42,5.17,6.06,1.8,4.06
1572,0.56,4.44,8.65,1.52,8.08,7.09,0.81,8.85
1573,8.53,6.81,7.59,0.62,4.73,6.94,2.07,2.71
1574,7.33,5.67,6.32,5.71,3.91,6.3,0.36,4.4
1575,3.78,4.31,2.11,3.44,11.63,0.53,7.48,6.72
1576,0.98,9.41,2.45,8.65,7.27,1.69,1.27,8.28
1577,7.04,4.67,1.57,9.76,0.97,6.79,3.89,5.31
1578,8.11,6.91,6.55,3.65,7.25,1.21,5.45,0.87
1579,5.73,2.04,9.94,4.81,0.57,8.11,6.17,2.63
1580,9.5,8.38,3.73,7.17,0.39,2.68,6.12,2.03
1581,4.49,9.57,8.23,6.91,0.81,6.56,0.42,3.01
1582,9.2,4.61,1.63,6.65,8.42,2.12,1.35,6.02
1583,5.41,1.14,3.01,3.17,3.52,1.72,10.74,11.29
1584,3.75,10.24,4.48,1.11,5.71,0.78,8.35,5.58
1585,7.61,3.68,1.36,9.47,7.49,3.3,2.68,4.41
1586,1.33,6.48,1.4,8.75,1.75,6.84,4.73,8.72
1587,9.97,7.56,0.56,4.94,5.66,6.52,0.63,4.16
1588,8.89,2.62,5.97,6.06,5.06,7.41,3.88,0.11
1589,8.12,3.78,5.39,6.44,7.86,4.48,0.4,3.53
1590,4.29,6.16,8.66,8.26,3.04,3.24,5.77,0.58
1591,5.57,8.83,8.52,0.83,3.81,4.9,2.79,4.75
1592,3.16,5.58,4.67,9.15,1.84,1.57,13.97,0.06
1593,9.48,4.71,2.07,7.32,3.51,7.88,4.54,0.49
1594,2.34,2.48,7.29,7.46,5.91,5.59,6.55,2.38
1595,7.31,8.06,6.01,3.3,5.21,3.22,4.77,2.12
1596,5.5,2.51,10.04,8.55,1.89,3.66,0.56,7.29
1597,0.77,4.61,7.78,5.11,10.81,3.77,6.38,0.77
1598,9.42,1.96,5.81,6.39,5.36,6.5,3.58,0.98
1599,7.03,6.07,6.03,3.73,0.92,5.83,1.28,9.11
1600,9.14,1.95,6.63,2.13,7.28,0.44,10.94,1.49
1601,8.09,4.13,5.39,4.17,6.91,5.25,0.4,5.66
1602,8.39,1.43,7.12,2.07,9.42,5.13,6.33,0.11
1603,9.22,6.46,0.81,3.53,9.87,3.51,1.85,4.75
1604,4.78,8.97,5.39,6.27,2.32,7.06,4.8,0.41
1605,1.67,9.46,8.76,3.69,1.21,3.58,2.78,8.85
1606,8.37,7.59,3.86,0.98,5.23,8.25,4.08,1.64
1607,5.14,6.24,0.84,3.33,8.43,9.13,5.51,1.38
1608,3.15,8.69,5.07,7.34,3.47,5.8,2.32,4.16
1609,9.84,1.77,5.26,5.02,2.04,2.81,3.01,10.25
1610,2.83,5.47,4.74,1.18,12.1,3.75,8.42,1.51
1611,9.3,5.74,3.51,7.43,4.49,4.72,4.62,0.19
1612,8.41,6.94,2.92,6.35,5.28,0.68,6.21,3.21
1613,6.35,0.9,6.59,2.66,7.2,7.79,0.82,7.69
1614,8.58,2.21,8.9,5.34,2.15,4.69,7.43,0.7
1615,4.06,5.59,2.94,9.19,6.71,3.86,6.71,0.94
1616,6.45,2.04,2.7,3.72,4.37,12.54,7.24,0.94
1617,8.98,3.22,6.59,5.25,2.27,2.16,2.03,9.5
1618,8.71,6.4,4.87,6.71,1.25,3.35,6.1,2.61
1619,3.67,9.87,3.15,6.63,1.36,6.43,4.58,4.31
1620,6.11,6.52,5.89,7.04,4.61,1.48,3.16,5.19
1621,5.25,4.37,5.91,1.34,1.43,3.16,6.71,11.83
1622,8.21,3.57,0.94,4.54,6.13,8.22,7.3,1.09
1623,8.85,2.86,3.07,5.47,0.61,1.67,8.93,8.54
1624,2.85,0.98,10.22,2.88,2.24,12.18,8.58,0.07
1625,1.64,5.21,6.75,7.86,2.83,1.52,6.69,7.5
1626,5.51,0.99,1.87,12.41,5.09,6.41,6.6,1.12
1627,2.7,9.92,2.78,7.24,2.62,6.43,3.56,4.75
1628,6.52,5.1,7.69,0.66,5.27,7.08,6.92,0.76
1629,3.97,5.18,4.12,3.6,7.5,2.21,4.49,8.93
1630,3.66,2.98,4.77,1.46,4.19,13.94,2.37,6.63
1631,0.79,4.34,2.59,6.32,10.24,2.29,5.83,7.6
1632,1.05,8.1,3.85,2.73,7.4,2.33,11.52,3.02
1633,8.7,3.2,5.95,4.21,3.33,5.08,2.35,7.18
1634,3.48,3.13,3.03,7.78,6.08,5.12,8.84,2.54
1635,3.72,6.87,8.82,2.72,5.48,7.18,2.47,2.74
1636,6.79,8.62,1.2,4.31,3.42,5.13,6.07,4.46
1637,3.95,9.5,3.46,1.13,8.97,4.68,2.79,5.52
1638,1.53,8.56,4.21,1.92,6.94,3.24,9.81,3.79
1639,5.92,6.39,4.64,1.4,4.88,8.57,1.75,6.45
1640,8.95,8.11,1.57,0.64,7.14,5.61,6.37,1.61
1641,1.54,3.03,1.07,7.7,2.66,14.67,3.19,6.14
1642,2.37,3.38,10.19,1.34,0.8,2.92,6.04,12.96
1643,2.55,2.52,4.92,1.56,11.58,8.1,6.36,2.41
1644,5.93,7.22,6.56,2.06,8.85,4.99,3.34,1.05
1645,5.1,9.38,7.94,0.54,2.31,9.75,3.11,1.87
1646,4.17,7.35,1.15,6.38,5.43,9.13,4.13,2.26
1647,2.79,8.23,0.9,3.49,2.45,14.32,6.26,1.56
1648,9.52,4.47,0.78,0.59,9.56,0.56,2.74,11.78
1649,9.79,5.47,0.96,8.89,4.06,2.02,5.61,3.2
1650,4.07,9.71,0.78,6.99,2.45,10.41,3.77,1.82
1651,5.88,6.97,5.14,5.64,1.7,3.52,5.18,5.97
1652,3.93,9.96,5.75,2.45,7.63,0.84,3.54,5.9
1653,8.72,1.41,1.65,6.28,3.76,11.49,1.32,5.37
1654,3.43,6.89,1.41,2.86,12.47,5.54,0.55,6.85
1655,8.33,1.34,8.12,6.54,4.79,2.85,0.87,7.16
1656,1.86,9.39,3.17,1.27,6.07,6.32,0.94,10.98
1657,9.0,7.13,2.54,6.53,3.01,1.7,4.7,5.39
1658,4.62,4.96,4.09,1.22,4.41,13.22,4.0,3.48
1659,5.81,7.29,5.31,8.0,6.35,2.71,2.15,2.38
1660,6.69,1.17,6.14,1.05,3.07,7.82,13.82,0.24
1661,2.76,7.31,9.13,7.18,4.31,2.31,4.48,2.52
1662,0.51,6.1,1.43,11.03,6.16,3.38,7.69,3.7
1663,7.93,6.9,2.32,1.01,9.18,6.78,3.84,2.04
1664,6.01,6.75,8.96,5.96,3.12,1.69,7.18,0.33
1665,1.9,8.03,4.32,3.73,3.62,12.15,3.3,2.95
1666,9.26,1.01,7.99,0.93,3.01,5.51,1.92,10.37
1667,9.95,4.18,7.25,7.22,4.54,3.41,0.86,2.59
1668,3.96,8.92,7.37,1.66,2.66,2.41,10.36,2.66
1669,9.05,3.99,3.68,8.04,1.6,8.12,2.02,3.5
1670,4.67,4.23,5.57,7.78,8.73,0.94,2.46,5.62
1671,9.78,6.5,1.32,7.04,1.63,4.07,8.19,1.47
1672,9.97,7.5,1.12,4.52,2.02,6.96,5.91,2.0
1673,3.68,7.92,0.59,9.26,2.77,7.59,6.65,1.54
1674,9.78,3.13,5.53,4.42,2.84,1.89,4.45,7.96
1675,9.81,1.07,1.46,7.94,4.66,2.06,10.23,2.77
1676,7.81,2.67,8.28,2.89,5.91,4.45,5.43,2.56
1677,9.51,7.99,5.33,2.72,5.35,5.66,1.08,2.36
1678,6.43,5.57,2.46,5.48,4.53,6.59,6.31,2.63
1679,0.85,4.92,5.99,1.95,3.71,10.15,6.15,6.28
1680,9.15,1.91,2.91,1.1,3.97,5.11,15.3,0.55
1681,5.59,1.5,10.21,3.72,7.51,1.39,7.55,2.53
1682,6.84,3.51,9.72,2.63,3.22,8.64,1.17,4.27
1683,1.83,10.88,8.27,5.58,5.97,3.83,1.11,2.53
1684,4.17,2.76,6.13,3.71,4.83,4.18,9.9,4.32
1685,5.24,8.64,0.61,6.54,6.47,4.18,7.54,0.78
1686,5.09,3.37,3.98,9.35,5.55,3.94,2.73,5.99
1687,4.69,2.93,10.78,3.76,0.63,8.32,5.64,3.25
1688,1.53,3.15,10.76,8.21,5.12,4.52,2.47,4.24
1689,4.22,8.15,5.58,7.88,5.61,2.12,5.19,1.25
1690,1.3,0.89,8.86,9.79,4.97,8.97,2.8,2.42
1691,4.19,2.15,1.86,2.42,12.07,8.9,3.84,4.57
1692,6.22,0.83,9.33,2.97,8.64,6.55,0.48,4.98
1693,7.24,5.73,0.62,6.53,8.11,3.15,8.29,0.33
1694,1.3,10.17,3.93,7.42,1.99,0.9,7.43,6.86
1695,6.56,3.75,2.74,3.9,5.11,7.42,3.64,6.88
1696,3.78,6.42,3.17,2.04,9.38,2.61,4.13,8.47
1697,4.21,2.5,5.13,9.93,0.72,8.22,5.45,3.84
1698,5.86,5.93,4.28,8.83,5.95,1.04,4.76,3.35
1699,3.79,8.32,4.42,6.92,6.67,2.0,6.92,0.96
1700,8.49,0.61,3.32,6.84,9.95,3.53,1.73,5.53
1701,2.26,8.3,2.29,0.89,4.97,13.32,0.96,7.01
1702,9.29,1.16,8.28,2.21,2.34,3.6,10.19,2.93
1703,9.09,5.42,3.85,6.49,4.56,6.17,3.38,1.04
1704,9.73,2.1,9.12,3.71,0.7,7.49,3.03,4.12
1705,2.61,7.27,8.82,0.59,1.93,3.59,9.15,6.04
1706,2.66,5.04,7.16,3.87,5.18,7.46,5.64,2.99
1707,5.19,6.02,3.69,1.96,8.53,0.78,2.17,11.66
1708,8.38,7.61,0.66,3.84,1.94,5.69,6.99,4.89
1709,8.13,1.84,7.52,7.49,7.13,4.83,2.66,0.4
1710,0.78,9.81,8.41,1.53,6.15,7.09,3.9,2.33
1711,2.53,5.49,8.86,5.83,8.32,3.43,2.98,2.56
1712,4.86,1.87,3.3,0.88,8.99,8.74,4.87,6.49
1713,8.38,6.14,4.41,6.7,4.39,1.79,5.93,2.26
1714,9.39,3.38,3.87,7.67,6.01,1.53,2.2,5.95
1715,1.66,2.86,6.0,6.13,2.95,4.07,1.21,15.12
1716,4.03,0.62,11.08,3.14,4.88,8.62,2.37,5.26
1717,4.53,6.49,0.54,4.04,12.09,6.22,2.47,3.62
1718,8.24,4.2,5.13,4.72,4.73,6.77,6.19,0.02
1719,8.35,5.83,2.12,1.8,3.23,1.86,3.78,13.03
1720,6.64,8.5,4.64,1.08,3.37,8.08,1.3,6.39
1721,1.77,8.71,8.11,7.01,1.14,1.4,3.98,7.88
1722,6.9,2.35,3.86,5.11,4.4,4.34,1.79,11.25
1723,1.84,3.04,9.23,1.43,1.38,5.48,8.31,9.29
1724,2.68,2.45,7.47,1.77,1.17,14.35,4.82,5.29
1725,4.79,7.11,7.67,1.24,7.08,1.25,9.17,1.69
1726,4.17,5.01,8.87,6.2,3.94,0.96,4.51,6.34
1727,3.29,2.36,9.01,4.13,9.85,3.2,1.36,6.8
1728,4.63,2.59,2.79,6.09,4.29,2.36,8.25,9.0
1729,6.24,6.94,3.19,7.77,7.54,5.21,2.96,0.15
1730,7.53,9.14,0.92,4.6,6.18,5.1,2.18,4.35
1731,4.41,0.93,10.36,9.31,1.02,1.94,2.09,9.94
1732,5.79,0.77,7.41,8.65,3.23,6.12,5.61,2.42
1733,4.86,8.37,5.66,1.33,4.77,3.64,10.97,0.4
1734,7.87,8.71,1.3,7.25,6.88,2.12,2.14,3.73
1735,5.69,1.5,1.78,4.36,10.02,2.52,2.44,11.69
1736,1.09,5.62,2.9,11.76,8.46,3.15,3.47,3.55
1737,4.17,3.92,4.62,6.1,10.23,5.06,0.37,5.53
1738,4.62,3.15,3.69,9.23,5.97,6.46,2.62,4.26
1739,0.58,4.01,6.34,8.42,2.44,8.07,4.74,5.4
1740,8.13,3.41,7.31,4.76,3.85,4.79,5.45,2.3
1741,8.82,5.45,5.32,6.51,3.3,2.58,7.66,0.36
1742,4.52,0.54,1.79,10.64,9.26,1.47,8.19,3.59
1743,9.18,2.55,2.34,4.8,6.26,4.31,2.08,8.48
1744,5.97,2.4,1.88,4.77,6.74,3.34,11.81,3.09
1745,2.31,4.03,10.26,7.84,3.33,3.61,0.56,8.06
1746,3.6,8.3,1.38,6.38,9.11,4.9,5.21,1.12
1747,6.47,7.15,4.53,6.22,1.01,7.84,5.92,0.86
1748,8.93,2.35,9.04,1.82,4.71,3.95,1.45,7.75
1749,3.48,6.12,2.7,6.81,5.89,9.52,0.43,5.05
1750,9.01,6.03,5.86,7.1,3.19,0.29,7.6,0.92
1751,7.18,7.32,1.18,3.92,1.42,8.01,10.12,0.85
1752,1.71,2.19,11.44,2.63,9.98,5.61,5.4,1.04
1753,9.14,2.37,7.77,1.84,2.65,2.75,9.19,4.29
1754,9.97,2.5,4.95,5.29,7.11,5.5,3.25,1.43
1755,3.89,8.13,7.5,3.06,2.44,6.53,1.45,7.0
1756,3.94,3.42,4.02,0.96,8.84,6.29,11.93,0.6
1757,8.04,3.17,2.66,5.99,2.73,1.58,15.64,0.19
1758,6.02,1.38,3.58,10.76,0.67,0.95,11.2,5.44
1759,1.35,0.97,2.11,10.35,0.98,12.42,8.16,3.66
1760,1.22,8.99,5.97,1.42,6.66,5.2,5.45,5.09
1761,5.76,1.5,4.3,8.75,1.06,12.06,1.36,5.21
1762,7.88,3.0,4.44,4.57,6.9,8.78,3.05,1.38
1763,3.18,8.37,8.61,7.38,0.99,7.15,3.64,0.68
1764,8.31,2.93,2.55,6.24,8.81,1.14,3.97,6.05
1765,4.88,8.01,1.21,9.52,0.68,4.8,5.96,4.94
1766,3.25,9.47,8.29,3.2,0.89,8.77,2.39,3.74
1767,9.41,8.66,3.87,1.38,3.04,6.39,5.76,1.49
1768,3.84,9.47,4.99,8.64,1.33,6.95,3.06,1.72
1769,4.63,7.77,5.9,3.73,2.33,9.32,5.37,0.95
1770,1.83,0.71,7.14,1.67,10.24,9.5,4.84,4.07
1771,2.34,6.14,4.9,9.45,5.46,1.59,4.64,5.48
1772,6.44,5.69,8.39,7.56,1.67,4.9,3.62,1.73
1773,1.17,9.59,6.59,0.93,10.23,2.49,1.29,7.71
1774,3.05,1.27,9.36,2.26,0.84,12.73,6.22,4.27
1775,6.27,9.45,8.08,1.58,4.05,5.46,0.74,4.37
1776,3.52,9.59,5.58,3.1,6.91,2.41,5.67,3.22
1777,5.84,5.27,3.84,5.33,4.47,7.75,6.83,0.67
1778,4.11,8.32,3.74,3.33,2.87,3.29,8.26,6.08
1779,5.59,7.29,2.75,1.83,9.73,1.75,8.29,2.77
1780,4.37,4.72,4.84,5.93,6.3,0.81,5.88,7.15
1781,7.68,6.93,3.77,0.9,2.68,8.59,6.12,3.33
1782,7.29,5.69,8.94,6.96,0.37,7.16,0.46,3.13
1783,9.28,5.96,7.11,2.09,0.88,3.29,5.35,6.04
1784,6.21,2.17,8.35,4.43,1.21,6.61,5.72,5.3
1785,5.9,8.71,7.79,0.78,1.82,5.51,7.85,1.64
1786,9.68,5.84,0.54,9.26,5.21,1.72,0.61,7.14
1787,0.65,10.6,9.52,2.07,6.26,7.06,3.24,0.6
1788,4.3,4.86,3.64,5.27,7.04,9.55,1.78,3.56
1789,5.82,4.98,5.54,3.03,9.27,5.69,2.51,3.16
1790,9.09,1.65,0.5,10.83,5.46,6.76,2.89,2.82
1791,6.43,8.86,3.58,4.09,4.65,5.18,5.56,1.65
1792,7.22,3.55,8.91,8.02,3.62,2.52,0.34,5.82
1793,7.6,3.9,4.67,1.25,4.7,1.18,12.69,4.01
1794,4.95,8.11,5.01,2.57,8.19,1.66,6.05,3.46
1795,1.74,2.7,6.11,8.4,9.03,1.29,7.86,2.87
1796,8.75,5.7,7.58,5.26,4.06,0.93,4.86,2.86
1797,8.97,2.01,1.85,4.76,1.7,8.01,1.84,10.86
1798,8.59,1.04,9.77,4.25,1.69,6.66,2.11,5.89
1799,1.34,7.95,2.87,10.23,5.55,3.22,8.31,0.53
1800,3.76,9.02,2.18,4.37,8.76,3.42,3.46,5.03
1801,7.09,6.77,2.39,8.34,6.31,0.36,3.35,5.39
1802,7.52,4.3,3.34,8.37,3.19,7.33,2.37,3.58
1803,6.44,5.08,5.47,7.09,2.84,7.13,4.14,1.81
1804,3.64,9.99,2.28,9.58,2.21,1.77,5.27,5.26
1805,7.13,8.0,7.09,3.37,1.66,1.19,10.94,0.62
1806,1.51,7.29,4.1,8.05,8.1,1.18,5.19,4.58
1807,0.8,2.25,4.41,12.46,6.05,4.54,2.76,6.73
1808,6.75,3.39,7.22,5.82,1.7,5.64,1.23,8.25
1809,4.94,5.37,7.68,3.63,7.89,2.9,4.62,2.97
1810,9.07,1.19,8.37,5.06,7.16,1.45,6.76,0.94
1811,4.06,9.34,5.82,0.9,5.37,1.97,10.32,2.22
1812,8.01,1.29,1.37,0.84,13.84,0.52,6.6,7.53
1813,1.21,6.95,4.56,5.78,6.45,8.48,1.27,5.3
1814,4.82,5.68,7.46,7.15,6.67,3.75,2.56,1.91
1815,6.79,5.0,8.35,1.34,8.59,6.44,3.16,0.33
1816,3.17,3.84,3.23,7.07,4.84,7.4,2.42,8.03
1817,2.91,4.34,0.8,4.13,6.52,4.23,16.22,0.85
1818,3.87,10.01,4.22,0.48,0.68,8.78,3.76,8.2
1819,8.03,4.38,0.87,3.98,6.48,9.81,6.24,0.21
1820,1.01,2.78,10.3,7.0,4.0,9.48,4.4,1.03
1821,8.13,7.4,4.87,7.29,0.72,1.6,9.82,0.17
1822,6.55,7.67,2.86,7.04,4.19,2.59,1.17,7.93
1823,4.31,9.65,4.91,2.12,3.31,0.69,14.2,0.81
1824,6.59,8.66,6.89,1.94,0.7,6.86,1.25,7.11
1825,3.11,8.44,5.78,1.25,6.79,1.79,2.54,10.3
1826,2.89,3.0,11.3,3.6,9.16,2.54,2.86,4.65
1827,8.25,7.85,6.13,6.13,1.61,0.58,8.32,1.13
1828,7.94,2.56,1.55,7.86,7.0,6.22,2.3,4.57
1829,2.79,4.2,0.6,2.1,12.09,11.71,0.49,6.02
1830,0.82,0.58,9.77,7.99,8.8,3.19,4.27,4.58
1831,4.23,1.7,3.36,4.92,2.32,8.0,3.27,12.2
1832,4.9,2.98,5.87,9.48,6.79,4.15,0.43,5.4
1833,8.76,8.74,5.48,1.42,6.08,5.11,3.01,1.4
1834,3.83,5.44,9.56,2.61,4.45,0.56,5.57,7.98
1835,0.51,3.75,4.81,6.58,9.07,3.32,4.8,7.16
1836,2.98,3.88,3.01,11.66,0.67,2.06,12.18,3.56
1837,6.81,4.53,8.68,1.06,9.32,2.64,1.3,5.66
1838,4.95,8.19,2.89,3.42,9.83,0.84,9.43,0.45
1839,7.37,7.87,4.75,1.79,2.09,10.16,5.38,0.59
1840,3.51,3.97,5.34,7.2,6.3,6.3,3.64,3.74
1841,4.85,1.16,6.66,4.97,9.56,1.39,5.87,5.54
1842,4.2,4.81,10.26,4.49,2.43,3.14,3.92,6.75
1843,8.84,3.11,0.5,6.53,8.64,5.09,5.66,1.63
1844,1.99,10.62,3.01,9.16,4.13,2.0,1.68,7.41
1845,2.35,9.38,5.12,4.41,3.86,4.0,7.88,3.0
1846,7.91,9.16,4.21,3.06,2.24,4.26,7.61,1.55
1847,2.76,7.15,3.15,5.0,2.46,10.73,8.04,0.71
1848,0.94,10.83,8.6,7.32,5.65,1.64,0.4,4.62
1849,6.18,7.97,6.9,1.34,4.15,3.25,8.82,1.39
1850,9.34,1.58,1.5,0.9,6.36,8.97,10.43,0.92
1851,6.37,5.71,6.67,3.02,7.92,3.56,5.65,1.1
1852,1.49,4.44,11.18,7.46,3.14,3.43,0.69,8.17
1853,4.42,3.14,2.26,7.68,6.66,3.63,8.86,3.35
1854,5.35,2.94,9.94,0.77,1.8,3.71,8.75,6.74
1855,2.55,9.93,6.36,2.44,0.58,8.48,3.01,6.65
1856,7.97,4.5,5.89,5.81,5.62,5.36,3.83,1.02
1857,1.59,4.33,1.05,9.85,5.39,9.24,7.98,0.57
1858,4.67,2.48,5.65,8.49,5.83,5.77,1.01,6.1
1859,5.36,8.96,3.95,1.61,5.21,8.39,3.99,2.53
1860,4.19,10.22,4.36,1.97,7.05,2.05,2.02,8.14
1861,5.34,4.25,6.52,6.79,6.84,2.27,0.53,7.46
1862,4.93,4.13,8.23,2.34,2.69,11.43,0.95,5.3
1863,5.91,5.65,1.7,7.28,6.77,3.15,8.79,0.75
1864,7.4,2.85,2.54,8.28,7.6,6.85,4.06,0.42
1865,8.84,7.92,6.64,4.63,0.73,6.15,3.14,1.95
1866,0.52,5.32,5.2,3.97,1.33,14.91,7.48,1.27
1867,2.98,1.74,6.27,3.36,11.09,9.26,1.3,4.0
1868,4.55,4.31,9.64,3.53,8.18,3.44,3.09,3.26
1869,5.31,6.94,3.66,8.43,1.02,5.7,2.6,6.34
1870,8.25,5.49,1.72,4.35,7.96,6.44,0.62,5.17
1871,1.37,6.89,7.03,7.29,5.92,3.74,4.69,3.07
1872,9.49,3.09,2.0,3.52,7.77,1.95,11.48,0.7
1873,1.06,10.89,5.67,5.25,8.35,0.94,2.21,5.63
1874,4.22,6.2,6.36,2.28,2.32,6.83,5.07,6.72
1875,7.83,1.04,7.4,7.39,2.26,5.82,2.85,5.41
1876,9.64,8.63,2.04,7.77,3.26,1.63,1.15,5.88
1877,6.36,1.04,2.55,2.39,6.85,1.29,6.24,13.28
1878,1.12,9.88,1.86,3.27,5.23,8.65,1.96,8.03
1879,3.96,5.23,4.75,4.0,4.92,9.12,5.06,2.96
1880,0.98,4.08,9.22,3.37,2.13,11.35,3.71,5.16
1881,9.56,5.85,0.46,7.01,2.52,4.07,8.96,1.57
1882,9.72,4.81,2.11,8.45,1.42,5.31,4.89,3.29
1883,2.58,5.74,2.61,2.79,10.44,1.48,12.99,1.37
1884,2.91,2.43,5.27,8.03,9.29,1.76,2.76,7.55
1885,4.83,1.69,5.1,8.56,3.92,5.53,6.04,4.33
1886,3.38,4.05,1.58,8.56,3.41,5.03,1.89,12.1
1887,8.95,2.12,2.56,6.58,1.22,4.01,6.85,7.71
1888,4.84,6.06,6.23,2.0,3.26,6.61,6.68,4.32
1889,4.76,1.55,5.27,10.31,7.97,2.29,3.99,3.86
1890,3.81,3.6,4.21,4.41,10.6,1.67,2.36,9.34
1891,4.13,4.02,4.39,4.64,5.62,6.28,4.93,5.99
1892,1.72,9.73,2.4,8.59,4.47,7.23,2.68,3.18
1893,1.19,8.0,4.04,7.91,3.64,4.72,1.55,8.95
1894,8.41,2.93,1.58,4.16,7.27,5.95,7.03,2.67
1895,8.92,4.96,1.27,3.91,1.73,11.09,7.45,0.67
1896,9.46,7.34,1.29,7.76,4.12,6.62,2.7,0.71
1897,1.04,3.41,2.96,9.57,1.31,11.91,1.54,8.26
1898,4.5,9.2,2.97,2.07,8.46,4.16,4.34,4.3
1899,6.63,8.07,0.71,4.76,4.64,2.59,5.19,7.41
1900,9.22,3.86,5.59,2.25,5.93,8.3,3.41,1.44
1901,3.8,1.36,5.06,9.04,6.58,3.13,2.15,8.88
1902,6.29,0.88,5.75,4.88,8.25,6.31,2.83,4.81
1903,0.55,8.75,9.48,6.44,7.09,0.34,6.78,0.57
1904,8.23,5.18,3.74,4.79,1.19,2.8,3.24,10.83
1905,3.49,10.37,5.54,7.03,6.12,1.39,0.55,5.51
1906,1.47,8.07,3.87,1.33,1.0,3.89,17.16,3.21
1907,0.65,3.14,7.74,2.11,12.29,0.72,2.61,10.74
1908,3.65,5.8,7.94,5.74,4.15,2.34,7.25,3.13
1909,2.84,4.71,4.33,1.2,10.69,10.4,2.61,3.22
1910,1.35,2.48,7.2,10.74,2.68,0.99,11.33,3.23
1911,9.73,1.95,2.73,3.76,7.94,3.51,2.06,8.32
1912,4.02,3.47,6.56,4.42,6.77,3.0,2.55,9.21
1913,4.64,6.43,9.51,1.6,5.74,7.0,4.06,1.02
1914,4.02,1.15,8.86,4.92,4.4,6.03,1.71,8.91
1915,5.82,8.98,7.7,1.06,7.64,0.45,7.26,1.09
1916,7.59,8.85,0.51,9.17,2.03,0.54,3.87,7.44
1917,9.2,0.45,2.94,1.04,6.76,3.94,1.04,14.63
1918,9.23,8.61,4.86,5.91,3.12,1.55,5.89,0.83
1919,6.65,8.11,7.63,2.79,5.66,1.82,6.74,0.6
1920,0.87,6.49,1.42,7.46,3.97,5.41,5.76,8.62
1921,7.46,4.33,4.66,2.26,0.93,11.13,5.8,3.43
1922,0.9,9.33,7.25,7.77,2.08,6.05,1.94,4.68
1923,5.25,3.66,9.0,6.1,5.92,3.28,2.22,4.57
1924,4.64,7.64,0.97,10.57,2.81,3.31,7.28,2.78
1925,3.49,0.98,8.17,1.06,5.9,0.9,7.67,11.83
1926,9.11,4.6,6.35,3.73,3.54,5.82,6.15,0.7
1927,6.52,6.45,8.04,5.25,5.51,1.16,3.05,4.02
1928,2.19,3.77,0.94,5.89,5.06,6.54,12.63,2.98
1929,7.37,5.92,5.43,7.87,1.03,4.28,5.43,2.67
1930,2.08,10.72,6.47,4.51,5.49,3.71,6.49,0.53
1931,0.92,1.08,10.57,3.0,1.56,6.5,5.06,11.31
1932,3.25,8.56,8.15,6.36,6.54,1.59,1.22,4.33
1933,3.25,2.93,4.16,9.15,0.56,5.7,12.01,2.24
1934,3.66,4.86,9.61,8.46,4.26,3.91,2.23,3.01
1935,1.03,3.01,2.69,12.13,8.61,4.72,2.33,5.48
1936,1.0,0.65,11.76,4.48,4.02,3.25,5.44,9.4
1937,6.98,3.85,1.92,4.14,10.86,1.55,5.1,5.6
1938,7.44,0.71,0.66,10.48,3.52,6.9,9.85,0.44
1939,5.09,7.62,4.0,3.5,1.73,5.05,1.83,11.18
1940,9.23,2.49,6.3,7.92,3.14,6.43,3.26,1.23
1941,3.22,10.3,2.91,5.02,6.79,0.52,7.8,3.44
1942,2.47,2.9,1.4,4.25,4.74,15.95,8.12,0.17
1943,8.13,3.59,5.12,3.7,9.43,2.98,5.05,2.0
1944,1.26,7.46,0.64,11.75,1.54,10.33,5.5,1.52
1945,7.07,7.3,3.21,0.85,6.26,6.77,3.53,5.01
1946,4.77,0.99,3.51,10.26,6.41,6.58,2.1,5.38
1947,5.43,2.13,1.77,8.99,3.94,9.96,2.92,4.86
1948,3.5,5.09,0.69,10.97,7.31,5.09,5.87,1.48
1949,4.25,1.55,1.11,1.19,6.88,12.15,0.89,11.98
1950,1.31,10.37,0.74,2.25,2.09,5.41,6.93,10.9
1951,6.51,7.79,6.99,7.31,5.03,0.3,3.19,2.88
1952,8.19,4.12,6.36,6.95,6.87,1.19,2.11,4.21
1953,6.88,4.88,8.41,0.91,6.35,7.28,3.51,1.78
1954,9.91,6.25,2.24,7.7,4.29,5.56,3.33,0.72
1955,1.71,7.39,9.98,0.45,9.81,5.6,0.9,4.16
1956,8.76,3.15,3.91,5.63,7.29,4.69,4.57,2.0
1957,9.07,1.73,5.47,1.05,1.44,11.7,8.91,0.63
1958,1.08,5.06,10.74,1.43,7.8,8.54,3.54,1.81
1959,1.68,0.76,7.57,10.23,5.78,8.27,0.89,4.82
1960,5.75,8.01,8.07,0.98,5.4,7.46,4.12,0.21
1961,7.1,6.61,7.04,1.05,5.03,6.4,2.29,4.48
1962,6.17,2.47,0.93,9.94,6.69,6.55,3.38,3.87
1963,6.68,3.44,9.8,2.05,4.79,2.85,7.21,3.18
1964,6.04,6.85,6.99,1.65,7.53,3.64,1.49,5.81
1965,3.07,7.85,9.47,5.66,5.15,3.88,2.8,2.12
1966,8.2,2.19,2.14,9.47,5.21,4.44,4.99,3.36
1967,2.24,3.78,8.09,0.83,9.73,9.88,5.03,0.42
1968,8.44,4.32,2.47,6.92,4.45,3.6,9.01,0.79
1969,4.52,8.72,5.97,3.75,8.35,2.84,3.4,2.45
1970,2.34,10.0,7.7,3.2,8.16,1.44,2.39,4.77
1971,4.85,7.68,7.9,3.9,4.27,0.77,4.5,6.13
1972,6.3,5.9,1.93,5.94,5.75,4.39,2.38,7.41
1973,3.94,3.9,7.84,8.01,5.33,0.48,5.46,5.04
1974,1.26,1.44,11.48,1.07,1.37,5.05,12.16,6.17
1975,5.11,3.62,1.84,2.33,8.9,3.91,5.28,9.01
1976,3.52,9.71,7.21,2.46,1.19,9.06,5.51,1.34
1977,4.96,6.24,3.28,2.7,9.97,1.09,9.02,2.74
1978,9.55,5.34,2.27,8.58,2.36,4.76,0.38,6.76
1979,6.54,2.12,0.75,10.24,1.26,4.7,14.05,0.34
1980,8.42,0.48,6.01,2.19,5.89,5.48,10.1,1.43
1981,6.98,0.72,10.04,2.45,8.98,2.0,3.53,5.3
1982,3.0,1.91,3.11,8.33,5.21,1.75,13.2,3.49
1983,0.63,5.3,11.19,3.02,8.42,3.51,3.42,4.51
1984,6.69,4.31,7.84,7.22,4.14,2.46,4.64,2.7
1985,8.44,2.61,3.87,1.25,0.69,14.47,7.09,1.58
1986,4.86,4.5,5.62,6.25,5.64,5.65,2.21,5.27
1987,3.19,2.94,6.05,0.68,4.28,1.69,8.4,12.77
1988,7.17,2.27,8.24,2.01,5.88,9.28,2.66,2.49
1989,7.59,4.75,3.13,6.84,5.05,8.35,2.49,1.8
1990,1.86,10.24,7.65,4.98,1.02,1.47,11.94,0.84
1991,8.94,4.01,4.96,3.02,9.12,3.73,4.41,1.81
1992,6.03,7.8,0.6,6.61,5.92,4.84,6.92,1.28
1993,2.1,2.42,7.99,6.79,6.54,6.38,5.83,1.95
1994,1.26,10.95,6.25,7.01,1.42,5.78,2.81,4.52
1995,1.97,1.76,8.44,10.11,8.33,2.52,0.67,6.2
1996,7.8,0.58,9.15,0.48,6.28,1.56,0.95,13.2
1997,9.57,2.31,6.37,0.69,1.6,1.72,8.71,9.03
1998,5.79,7.65,1.95,8.56,4.73,1.85,8.56,0.91
1999,7.7,3.61,4.03,8.51,3.25,6.52,5.76,0.62
2000,3.59,9.91,1.13,3.27,10.2,4.4,1.79,5.71
2001,7.66,6.55,1.18,5.54,9.07,4.0,5.96,0.04
2002,6.97,9.38,4.36,3.53,7.75,1.02,2.01,4.98
2003,8.52,8.32,1.07,4.3,1.37,10.06,3.73,2.63
2004,8.4,7.46,3.1,5.36,6.16,1.21,6.77,1.54
2005,6.27,9.2,4.51,6.25,1.95,2.48,6.26,3.08
2006,5.99,3.98,1.84,6.1,5.38,11.03,0.42,5.26
2007,3.52,1.76,6.31,5.78,1.47,9.35,4.55,7.26
2008,5.17,8.18,1.71,2.11,5.42,0.71,2.09,14.61
2009,1.18,2.61,8.58,10.59,5.08,2.32,0.5,9.14
2010,5.51,7.91,2.36,4.05,5.82,7.65,1.4,5.3
2011,4.75,0.53,7.85,9.08,1.15,2.97,12.75,0.92
2012,4.1,7.33,7.92,6.55,0.64,8.52,4.72,0.22
2013,5.65,4.24,0.53,3.47,11.79,6.38,5.83,2.11
2014,7.28,5.67,5.78,5.63,7.21,2.4,4.55,1.48
2015,9.6,0.96,0.53,2.35,12.71,8.53,1.71,3.61
2016,2.44,2.64,10.63,2.32,2.28,2.93,9.1,7.66
2017,4.08,3.18,5.8,9.51,1.82,3.56,7.7,4.35
2018,2.62,1.9,10.29,5.02,9.38,0.74,7.27,2.78
2019,0.74,2.12,12.1,5.01,3.52,7.21,5.4,3.9
2020,9.86,1.19,8.78,2.95,7.58,5.81,1.01,2.82
2021,3.83,10.06,4.64,8.22,6.04,4.4,0.93,1.88
2022,7.02,1.15,5.99,7.18,7.02,1.32,6.82,3.5
2023,9.45,1.19,1.6,8.53,8.2,4.49,5.97,0.57
2024,5.11,2.52,10.24,8.68,1.79,1.91,6.1,3.65
2025,6.86,4.72,0.88,10.51,5.98,0.45,4.12,6.48
2026,6.72,4.89,5.13,4.9,2.1,9.87,1.46,4.93
2027,9.35,3.24,5.81,7.66,4.99,2.36,2.42,4.17
2028,3.16,5.93,10.14,7.08,3.86,0.63,4.58,4.62
2029,9.9,1.34,5.17,4.6,5.61,2.05,3.67,7.66
2030,1.38,6.74,3.29,7.99,1.84,4.34,8.32,6.1
2031,1.9,9.21,1.96,10.44,3.78,1.62,9.04,2.05
2032,9.69,2.61,4.7,3.7,9.53,1.48,3.98,4.31
2033,0.91,8.53,5.94,7.5,7.56,2.77,1.42,5.37
2034,4.36,4.34,0.69,8.52,8.16,2.94,4.44,6.55
2035,3.26,5.23,2.67,3.22,8.8,4.47,2.72,9.63
2036,1.81,6.69,8.88,5.98,0.99,5.53,0.79,9.33
2037,4.78,7.01,6.07,4.85,3.13,0.78,11.79,1.59
2038,3.01,5.11,8.72,6.88,4.47,7.67,1.44,2.7
2039,3.25,1.08,6.89,3.71,10.09,8.96,5.26,0.76
2040,1.94,0.76,4.92,7.43,11.61,7.86,1.47,4.01
2041,8.29,7.24,3.75,5.12,0.7,1.74,6.87,6.29
2042,3.68,6.34,5.05,5.6,6.6,5.35,5.28,2.1
2043,1.68,3.14,7.97,3.51,10.91,5.0,3.34,4.45
2044,5.51,7.91,8.24,0.98,6.33,4.7,1.89,4.44
2045,7.38,0.54,2.33,2.61,1.22,5.89,16.76,3.27
2046,3.22,5.98,9.41,6.46,4.95,5.41,1.58,2.99
2047,1.4,1.74,11.42,2.25,3.34,5.41,6.69,7.75
2048,2.31,5.25,6.42,9.82,3.72,8.28,3.52,0.68
2049,9.34,2.54,8.27,7.3,0.52,2.68,4.3,5.05
2050,5.34,5.17,2.5,2.18,6.02,11.2,5.45,2.14
2051,8.67,8.17,2.24,1.39,7.77,1.38,8.48,1.9
2052,9.42,4.64,3.0,3.19,2.72,4.94,9.03,3.06
2053,5.49,3.34,8.0,2.02,3.33,11.79,5.58,0.45
2054,2.41,10.24,9.07,3.2,6.91,0.62,1.03,6.52
2055,3.78,0.82,7.05,9.16,1.72,8.68,8.03,0.76
2056,3.54,2.07,5.35,3.53,5.98,7.65,10.86,1.02
2057,2.29,5.64,4.71,10.32,5.85,0.71,1.76,8.72
2058,9.93,5.71,1.61,5.38,6.96,5.01,1.76,3.64
2059,3.58,8.39,3.67,7.33,3.86,6.64,0.49,6.04
2060,6.12,8.98,1.67,6.93,5.58,3.42,4.68,2.62
2061,8.44,6.96,5.5,2.71,1.23,3.88,1.33,9.95
2062,1.75,4.18,4.38,9.09,5.76,1.24,0.7,12.9
2063,2.94,1.43,9.25,1.06,11.96,5.66,2.54,5.16
2064,1.14,4.85,9.75,6.61,0.88,8.77,7.21,0.79
2065,1.16,3.93,5.5,7.72,4.25,5.29,9.27,2.88
2066,1.15,4.81,3.64,8.3,3.9,2.44,4.85,10.91
2067,4.03,5.36,2.02,8.59,5.35,6.24,5.97,2.44
2068,5.68,8.57,4.21,4.15,8.54,2.1,0.48,6.27
2069,2.83,8.19,2.78,7.93,1.07,1.16,8.73,7.31
2070,9.07,2.7,3.02,2.36,8.27,8.34,2.72,3.52
2071,9.7,3.81,3.58,3.18,7.18,6.21,3.33,3.01
2072,4.48,2.61,9.88,3.98,2.97,9.81,3.22,3.05
2073,6.42,6.02,5.03,1.85,5.72,1.95,3.6,9.41
2074,8.09,5.52,4.41,3.33,8.61,2.94,6.94,0.16
2075,9.66,7.9,5.07,3.03,2.36,0.54,0.84,10.6
2076,8.36,7.52,5.43,1.63,2.34,6.76,6.9,1.06
2077,3.66,2.06,5.14,5.64,6.61,9.72,6.75,0.42
2078,9.9,2.6,0.81,8.82,4.52,2.87,5.51,4.97
2079,5.15,3.83,8.27,4.05,4.93,6.17,5.55,2.05
2080,7.36,1.88,7.4,3.98,7.54,4.73,0.95,6.16
2081,4.79,2.87,6.9,9.45,3.27,2.47,3.94,6.31
2082,2.36,7.2,6.21,8.82,4.33,3.12,6.64,1.32
2083,5.85,1.84,3.29,9.85,7.24,3.02,1.87,7.04
2084,4.98,7.64,4.27,8.43,4.13,0.42,9.41,0.72
2085,6.06,7.35,3.61,5.44,2.2,5.15,6.08,4.11
2086,9.68,6.03,3.97,1.02,4.05,8.93,3.83,2.49
2087,8.17,8.06,2.9,6.2,2.91,3.55,6.31,1.9
2088,4.46,4.97,6.54,8.57,2.91,7.63,3.59,1.33
2089,7.0,8.09,2.52,8.07,1.0,6.38,1.51,5.43
2090,1.73,7.67,1.86,1.33,1.95,5.15,18.79,1.52
2091,5.64,1.76,9.78,6.19,5.07,5.69,5.4,0.47
2092,2.45,5.01,0.87,11.23,1.71,7.31,2.82,8.6
2093,9.53,4.3,6.45,1.43,9.08,0.9,2.55,5.76
2094,0.55,4.76,10.38,3.85,7.54,6.85,5.16,0.91
2095,4.17,2.91,10.07,8.87,0.74,6.49,4.77,1.98
2096,4.3,5.3,2.4,2.98,5.52,10.92,3.83,4.75
2097,1.08,8.67,1.56,4.37,7.26,6.44,7.75,2.87
2098,7.1,3.19,7.65,6.98,5.41,5.72,2.13,1.82
2099,9.03,2.03,9.1,4.47,5.41,0.46,7.91,1.59
2100,7.81,3.38,9.1,1.96,7.69,2.54,6.82,0.7
2101,9.01,4.63,3.02,7.49,2.29,1.22,10.9,1.44
2102,7.52,0.78,10.56,5.07,6.75,5.78,3.3,0.24
2103,6.65,2.37,2.59,3.08,2.65,2.33,15.06,5.27
2104,2.51,6.45,4.62,8.27,3.74,7.38,0.36,6.67
2105,6.39,2.54,9.63,8.15,2.14,4.88,4.75,1.52
2106,1.46,10.0,3.22,9.03,5.27,2.07,8.04,0.91
2107,7.54,7.77,3.67,6.34,4.11,3.2,7.25,0.12
2108,2.19,4.47,7.86,2.98,10.78,1.44,5.21,5.07
2109,8.92,5.18,4.9,6.7,6.54,1.45,2.99,3.32
2110,9.15,5.09,5.98,2.42,0.97,8.28,0.56,7.55
2111,1.29,2.24,2.45,13.52,3.93,9.69,1.59,5.29
2112,4.26,1.55,2.03,4.41,3.04,3.61,1.62,19.48
2113,4.88,9.67,2.58,5.26,7.32,5.66,4.53,0.1
2114,5.72,7.83,3.54,7.55,6.35,1.38,1.35,6.28
2115,1.19,7.9,5.07,8.32,1.29,1.84,12.46,1.93
2116,2.2,2.99,4.8,10.38,7.0,3.1,7.57,1.96
2117,3.93,0.89,5.96,7.2,2.45,12.45,1.06,6.06
2118,1.8,1.59,11.55,4.4,2.94,10.57,6.97,0.18
2119,8.22,1.19,3.4,10.13,8.22,3.44,2.37,3.03
2120,0.99,2.64,2.35,9.71,10.19,5.28,6.34,2.5
2121,5.02,4.28,9.0,1.05,4.47,3.54,1.1,11.54
2122,3.53,0.75,11.62,4.74,4.59,4.51,6.35,3.91
2123,6.07,3.35,3.69,9.38,3.0,6.65,7.72,0.14
2124,6.63,1.01,6.57,1.48,9.91,9.14,4.71,0.55
2125,7.38,8.66,5.33,0.52,6.66,2.37,2.95,6.13
2126,3.58,7.46,1.89,3.53,9.57,6.69,3.3,3.98
2127,3.62,4.48,8.61,8.39,5.2,2.46,0.8,6.44
2128,5.9,4.94,2.66,9.89,1.85,3.47,10.08,1.21
2129,4.49,7.12,1.21,3.69,2.88,9.36,1.11,10.14
2130,7.8,7.18,5.66,3.47,5.62,4.46,3.84,1.97
2131,0.97,6.67,2.15,4.82,5.14,1.54,18.14,0.57
2132,5.43,7.11,3.83,2.79,9.39,4.52,2.98,3.95
2133,9.56,2.37,7.1,2.85,5.58,3.54,7.71,1.29
2134,4.38,7.8,0.86,7.22,8.61,0.63,7.27,3.23
2135,8.98,0.49,4.9,2.91,4.82,4.68,12.56,0.66
2136,7.94,6.31,5.55,4.09,1.15,2.52,6.68,5.76
2137,3.07,8.81,2.51,1.72,4.28,11.19,2.83,5.59
2138,2.76,7.44,3.04,7.25,2.92,6.24,1.37,8.98
2139,6.01,3.01,1.14,7.98,9.81,7.42,2.24,2.39
2140,6.94,9.15,7.79,6.31,0.69,2.08,1.91,5.13
2141,7.73,0.77,5.99,4.17,6.14,5.66,7.74,1.8
2142,2.13,5.13,4.03,1.78,4.53,1.69,14.93,5.78
2143,8.25,0.47,7.56,1.61,4.4,5.19,3.9,8.62
2144,6.42,8.7,6.34,3.23,2.24,6.16,2.0,4.91
2145,4.66,9.88,1.43,2.01,2.75,7.01,3.16,9.1
2146,1.14,8.36,5.41,4.33,1.49,8.12,2.13,9.02
2147,9.48,5.14,7.7,1.52,6.1,4.92,3.19,1.95
2148,5.23,5.15,6.19,8.56,2.72,4.36,3.03,4.76
2149,2.14,8.55,1.44,1.68,12.28,8.07,1.02,4.82
2150,4.16,1.71,0.84,2.29,15.32,3.22,11.21,1.25
2151,6.16,2.66,3.22,9.6,2.11,9.93,4.22,2.1
2152,5.84,6.48,3.17,6.16,4.91,7.09,3.44,2.91
2153,1.9,6.3,1.57,10.46,4.12,0.94,6.18,8.53
2154,7.86,1.84,9.1,0.94,9.14,2.53,2.48,6.11
2155,9.48,6.56,3.74,3.14,1.63,4.09,9.04,2.32
2156,7.17,4.57,2.79,3.22,5.81,7.8,7.35,1.29
2157,6.28,6.62,8.27,6.36,3.1,2.78,5.29,1.3
2158,9.07,0.66,5.37,3.91,9.67,7.29,0.31,3.72
2159,9.22,0.82,5.68,7.8,0.93,4.46,0.65,10.44
2160,6.85,6.93,4.46,3.81,3.5,9.23,3.07,2.15
2161,4.35,3.17,6.2,0.89,12.32,2.5,7.87,2.7
2162,4.93,2.34,6.16,2.24,5.53,5.85,4.51,8.44
2163,4.39,4.65,0.95,1.03,13.89,2.42,5.8,6.87
2164,3.16,8.27,0.54,7.29,0.62,7.41,5.18,7.53
2165,8.87,7.24,4.82,7.15,5.0,2.94,1.17,2.81
2166,1.82,4.66,1.25,6.44,11.99,6.72,3.38,3.74
2167,0.64,10.82,8.0,0.81,6.25,2.83,0.92,9.73
2168,8.64,2.45,1.33,9.64,5.5,3.94,6.55,1.95
2169,6.25,8.13,2.12,3.87,9.4,3.78,6.21,0.24
2170,8.62,7.16,7.74,3.17,2.09,5.9,4.44,0.88
2171,8.68,2.61,3.75,9.73,7.13,5.08,0.7,2.32
2172,2.42,6.33,7.8,7.44,3.49,3.01,3.87,5.64
2173,8.76,3.6,3.5,6.18,6.58,6.54,3.03,1.81
2174,7.23,0.52,1.92,11.24,5.77,5.61,2.88,4.83
2175,3.84,1.97,4.05,11.17,4.87,7.08,0.94,6.08
2176,0.86,2.1,5.64,1.49,9.11,1.6,15.21,3.99
2177,0.93,5.81,10.79,0.92,3.71,3.15,3.0,11.69
2178,1.33,9.05,5.21,1.66,3.81,11.47,2.19,5.28
2179,3.51,3.5,1.61,11.28,4.5,8.37,5.53,1.7
2180,5.43,3.24,0.64,0.89,11.91,8.16,1.59,8.14
2181,8.73,4.84,4.06,6.82,1.24,7.99,1.18,5.14
2182,6.88,6.72,6.39,7.62,1.98,4.55,5.72,0.14
2183,4.17,5.63,3.78,7.69,7.65,5.14,3.55,2.39
2184,4.51,8.63,2.98,5.03,8.62,3.74,0.64,5.85
2185,4.37,6.73,0.78,10.91,6.51,2.2,2.94,5.56
2186,2.17,4.71,0.79,6.02,5.73,4.03,0.86,15.69
2187,0.95,8.66,3.84,6.6,5.81,0.57,12.16,1.41
2188,9.75,2.47,6.11,3.91,5.75,8.0,1.71,2.3
2189,1.76,10.75,8.15,1.4,5.63,7.02,1.91,3.38
2190,5.69,4.01,7.8,5.67,7.37,3.35,4.2,1.91
2191,6.4,2.05,4.29,2.65,8.7,6.0,9.45,0.46
2192,2.47,3.37,9.41,6.16,7.73,5.07,4.17,1.62
2193,6.88,4.94,4.86,0.68,0.79,5.13,7.9,8.82
2194,8.29,1.71,2.69,5.89,3.6,8.67,0.79,8.36
2195,9.23,4.26,6.65,3.95,7.35,2.93,0.4,5.23
2196,8.5,5.78,7.12,3.27,3.65,1.72,4.88,5.08
2197,6.26,3.06,3.68,9.05,3.98,5.47,8.11,0.39
2198,9.9,5.34,1.28,2.84,3.53,6.91,7.57,2.63
2199,5.48,2.05,9.43,2.72,8.23,7.58,3.3,1.21
2200,6.26,4.9,7.01,3.52,4.81,1.13,4.02,8.35
2201,0.65,1.35,7.78,5.36,2.24,4.65,16.03,1.94
2202,5.41,5.94,3.71,5.77,7.39,5.61,4.93,1.24
2203,4.73,0.61,0.64,12.06,4.57,0.98,13.3,3.11
2204,4.09,5.73,5.05,8.87,3.1,2.12,1.88,9.16
2205,4.05,7.89,3.74,4.25,2.45,10.09,4.72,2.81
2206,1.06,2.79,11.82,8.17,1.4,4.98,8.86,0.92
2207,0.56,4.53,5.77,3.34,5.14,7.91,8.77,3.98
2208,9.04,8.69,2.58,6.96,3.71,5.62,1.81,1.59
2209,3.35,8.7,3.96,9.41,3.24,4.02,4.77,2.55
2210,4.47,9.36,8.5,0.67,2.51,2.2,0.81,11.48
2211,2.31,1.2,6.36,10.19,4.16,6.35,0.81,8.62
2212,4.03,3.53,4.81,7.36,4.82,8.44,1.64,5.37
2213,3.0,9.03,1.33,2.97,3.44,9.93,5.88,4.42
2214,3.13,6.56,0.94,6.48,1.49,2.36,14.02,5.02
2215,5.3,8.14,3.27,7.73,4.46,2.75,7.65,0.7
2216,8.8,4.03,6.16,2.92,8.48,1.45,6.85,1.31
2217,0.84,10.75,5.49,7.1,6.15,4.92,1.6,3.15
2218,4.8,1.64,5.29,9.53,8.91,6.12,2.34,1.37
2219,1.61,7.22,9.84,7.14,0.75,6.63,0.57,6.24
2220,9.3,3.17,6.73,1.22,0.68,1.79,15.55,1.56
2221,4.78,4.38,9.76,5.97,4.86,4.86,2.89,2.5
2222,5.38,8.03,4.94,8.46,0.48,4.35,2.19,6.17
2223,7.87,6.92,1.27,8.13,1.57,4.21,0.86,9.17
2224,1.09,5.49,10.25,9.22,2.23,6.85,2.75,2.12
2225,3.61,10.1,5.38,6.31,2.16,2.54,6.8,3.1
2226,5.55,1.27,6.24,10.2,5.11,2.51,2.21,6.91
2227,8.69,4.05,1.73,9.96,3.05,4.98,6.63,0.91
2228,5.19,7.66,6.93,0.57,1.97,9.86,7.09,0.73
2229,2.78,7.72,0.78,7.27,6.2,9.53,5.66,0.06
2230,8.62,5.04,5.91,4.58,2.89,5.3,7.34,0.32
2231,5.02,4.38,6.67,5.15,6.94,4.03,5.27,2.54
2232,9.47,1.7,2.69,5.95,7.44,6.97,2.12,3.66
2233,9.18,7.93,1.15,4.5,3.58,3.7,9.67,0.29
2234,5.05,6.9,3.36,0.78,10.58,4.99,3.68,4.66
2235,3.59,6.06,1.76,10.14,4.44,3.73,0.59,9.69
2236,2.8,6.5,1.93,3.96,0.74,1.35,19.05,3.67
2237,9.15,7.85,2.09,2.49,7.84,6.8,0.46,3.32
2238,8.21,8.44,2.36,8.21,2.34,2.7,4.59,3.15
2239,9.79,0.82,7.42,4.72,1.19,3.4,9.8,2.86
2240,3.52,3.16,5.15,2.3,10.22,6.03,7.71,1.91
2241,3.75,8.1,7.46,5.02,5.18,1.55,7.8,1.14
2242,2.13,8.88,5.45,0.86,3.09,1.13,5.92,12.54
2243,4.17,8.14,1.42,8.99,4.3,3.75,3.35,5.88
2244,0.72,1.8,3.51,10.21,11.05,6.5,5.07,1.14
2245,8.66,3.95,4.73,7.78,2.8,6.24,4.14,1.7
2246,0.64,1.83,11.89,3.23,4.28,4.71,5.96,7.46
2247,8.23,7.21,1.82,1.82,9.61,2.91,0.82,7.58
2248,4.43,2.42,2.76,7.5,3.65,2.26,13.44,3.54
2249,4.22,5.08,9.44,6.51,5.75,4.34,2.64,2.02
2250,2.42,10.35,7.56,5.07,5.83,3.71,0.34,4.72
2251,1.2,10.11,1.8,2.16,4.12,10.06,2.78,7.77
2252,1.7,3.23,11.17,6.25,2.75,5.07,6.26,3.57
2253,9.41,5.22,4.68,4.29,2.64,5.57,6.27,1.92
2254,7.46,4.78,9.03,1.04,3.43,4.87,6.18,3.21
2255,7.6,6.55,6.32,3.28,4.77,3.4,3.67,4.41
2256,7.2,1.16,1.17,0.98,9.86,10.71,1.71,7.21
2257,7.6,2.03,5.69,1.89,5.6,0.78,8.61,7.8
2258,2.36,4.16,11.07,7.48,5.92,5.97,1.57,1.47
2259,6.82,9.47,4.89,7.31,2.97,3.19,4.08,1.27
2260,5.19,2.82,0.95,4.23,9.45,9.89,6.97,0.5
2261,6.08,3.84,8.65,8.15,1.47,1.56,6.26,3.99
2262,7.46,3.27,1.03,4.12,6.96,7.04,7.01,3.11
2263,5.53,5.49,2.64,6.82,6.95,1.87,7.48,3.22
2264,2.05,3.3,3.91,5.79,11.21,2.78,4.48,6.48
2265,4.74,2.28,3.92,4.86,7.36,8.52,6.25,2.07
2266,6.86,1.51,5.71,2.45,2.14,9.19,6.44,5.7
2267,7.95,5.94,1.37,8.67,1.42,6.29,2.99,5.37
2268,1.27,6.29,2.84,6.56,11.14,5.35,6.15,0.4
2269,2.91,1.71,5.05,3.94,10.77,1.92,2.44,11.26
2270,1.17,4.0,2.7,11.27,1.82,11.65,5.41,1.98
2271,7.1,6.28,0.76,1.57,9.49,1.58,10.78,2.44
2272,1.26,9.96,0.86,4.61,11.19,6.71,5.19,0.22
2273,5.09,0.67,9.49,9.54,1.1,5.03,8.33,0.75
2274,0.88,4.32,8.07,9.1,6.46,2.85,0.69,7.63
2275,8.52,1.05,7.64,7.85,3.67,5.38,4.89,1.0
2276,1.06,6.32,5.87,10.45,2.85,2.68,2.22,8.55
2277,3.46,7.24,4.03,0.74,6.07,5.93,2.39,10.14
2278,5.53,8.77,1.9,3.05,3.32,2.64,6.66,8.13
2279,1.93,8.59,9.2,6.08,1.3,2.96,9.1,0.84
2280,0.97,5.5,5.61,1.3,2.83,3.54,4.55,15.7
2281,3.02,7.63,4.04,3.98,1.53,9.78,1.87,8.15
2282,2.86,1.56,1.94,13.27,9.8,3.45,4.2,2.92
2283,5.13,9.59,0.92,3.5,5.15,4.83,8.93,1.95
2284,7.09,4.81,3.37,8.75,1.88,4.8,0.55,8.75
2285,6.17,0.71,8.89,3.12,4.1,7.78,2.82,6.41
2286,4.73,6.61,6.19,5.24,8.39,4.65,3.47,0.72
2287,5.5,0.71,11.11,5.3,5.11,2.22,9.79,0.26
2288,8.22,5.39,0.51,6.49,7.32,0.41,4.46,7.2
2289,5.11,1.68,3.66,5.27,8.55,1.28,5.63,8.82
2290,8.86,3.78,3.0,8.76,1.06,3.73,3.96,6.85
2291,1.02,5.91,3.04,9.65,8.21,3.15,1.93,7.09
2292,7.52,1.96,3.89,9.89,8.14,4.89,0.61,3.1
2293,3.62,5.34,1.24,7.9,6.82,9.9,3.09,2.09
2294,5.05,8.24,4.73,8.29,5.88,0.35,2.75,4.71
2295,1.85,1.48,4.13,6.66,4.3,10.65,1.93,9.0
2296,7.53,8.43,6.24,1.63,4.73,2.9,3.75,4.79
2297,4.9,5.7,8.77,5.95,3.68,1.27,4.91,4.82
2298,6.55,9.46,5.74,5.04,0.91,5.33,1.96,5.01
2299,8.0,5.05,7.43,3.1,1.28,1.67,6.02,7.45
2300,3.61,5.24,3.48,6.99,4.3,8.4,2.25,5.73
2301,6.83,8.73,5.23,4.73,6.22,0.51,4.25,3.5
2302,7.9,2.18,6.72,7.32,6.37,2.37,1.72,5.42
2303,3.22,6.25,7.4,3.57,4.55,6.31,1.24,7.46
2304,1.77,8.09,2.92,1.06,7.19,6.12,6.36,6.49
2305,8.37,3.1,4.69,2.5,4.71,4.01,12.59,0.03
2306,2.46,1.72,11.87,5.18,1.4,11.14,4.21,2.02
2307,1.41,3.63,4.72,7.26,4.1,5.13,10.57,3.18
2308,7.74,5.91,4.22,3.8,2.25,4.97,2.78,8.33
2309,4.87,1.05,3.12,5.79,3.52,3.84,3.86,13.95
2310,8.1,2.89,7.18,3.71,5.55,1.21,5.77,5.59
2311,9.24,6.78,3.24,7.33,6.04,3.89,1.13,2.35
2312,0.71,9.26,7.7,7.41,1.04,0.97,2.21,10.7
2313,4.39,6.25,2.88,2.5,2.16,1.45,17.85,2.52
2314,1.86,2.63,0.89,8.23,6.64,12.69,5.64,1.42
2315,6.4,2.6,5.88,2.04,6.29,3.08,10.92,2.79
2316,6.35,9.57,7.25,5.1,0.53,7.24,1.43,2.53
2317,4.14,6.43,0.64,6.88,8.13,7.56,5.63,0.59
2318,1.11,5.43,5.84,6.57,1.97,9.63,8.93,0.52
2319,7.42,6.88,2.06,5.67,5.16,1.61,7.03,4.17
2320,8.72,3.47,0.56,8.72,2.51,2.09,2.0,11.93
2321,8.04,1.67,0.7,11.64,5.79,4.36,4.65,3.15
2322,9.8,6.69,7.03,4.4,1.48,2.05,0.97,7.58
2323,1.55,7.93,9.42,1.24,8.82,2.7,7.66,0.68
2324,7.61,6.67,3.3,5.95,4.46,5.56,2.12,4.33
2325,3.23,7.79,6.65,3.51,6.62,7.6,2.18,2.42
2326,8.25,1.46,5.93,2.51,6.06,8.89,5.34,1.56
2327,2.18,6.93,2.45,10.3,0.74,9.49,1.42,6.49
2328,5.3,4.12,8.13,8.64,1.39,1.83,2.64,7.95
2329,8.35,8.81,3.88,6.88,3.85,4.07,3.7,0.46
2330,1.39,0.8,7.86,9.72,1.72,0.74,5.74,12.03
2331,3.9,4.36,9.86,3.35,7.61,6.31,4.48,0.13
2332,7.65,6.84,3.77,4.21,2.37,1.25,5.1,8.81
2333,5.87,9.08,2.88,8.79,3.93,5.95,0.85,2.65
2334,6.97,8.98,7.99,1.83,5.18,5.36,0.84,2.85
2335,9.82,0.52,3.77,1.17,11.34,4.12,1.5,7.76
2336,7.94,8.78,1.83,6.75,4.96,3.32,2.98,3.44
2337,5.76,4.46,4.76,1.49,3.85,3.8,3.09,12.79
2338,6.74,8.03,6.64,1.38,2.15,1.47,10.66,2.93
2339,8.35,2.57,0.87,8.87,2.28,8.88,3.04,5.14
2340,6.67,9.51,7.8,5.83,5.03,2.79,0.62,1.75
2341,7.58,7.22,4.22,5.96,3.04,4.95,0.6,6.43
2342,9.39,3.72,5.6,0.77,9.2,0.57,1.22,9.53
2343,7.24,9.33,6.17,5.34,2.35,0.67,6.92,1.98
2344,2.51,6.02,9.19,2.72,3.16,8.5,1.71,6.19
2345,9.42,8.07,5.68,1.42,7.13,1.06,1.9,5.32
2346,4.97,1.55,1.45,7.35,6.1,11.76,5.22,1.6
2347,0.91,4.38,2.68,3.48,12.1,2.84,4.64,8.97
2348,3.53,1.91,11.11,2.07,9.21,1.13,5.89,5.15
2349,3.98,4.64,1.94,4.79,11.89,2.79,4.46,5.51
2350,6.37,4.53,6.21,1.46,2.56,8.32,6.28,4.27
2351,8.94,7.48,2.85,3.17,4.06,6.0,0.69,6.81
2352,9.38,2.7,2.44,0.74,5.91,8.64,4.75,5.44
2353,8.36,1.36,5.77,3.88,8.14,3.69,1.23,7.57
2354,2.85,3.18,3.57,11.34,6.63,2.61,9.45,0.37
2355,8.53,3.67,3.97,0.59,8.1,4.22,10.26,0.66
2356,5.73,1.81,4.25,4.31,3.4,13.37,0.39,6.74
2357,0.55,7.57,2.78,7.85,10.36,6.91,2.97,1.01
2358,9.84,5.7,4.34,6.84,5.52,3.77,0.91,3.08
2359,4.56,6.8,8.64,1.11,9.33,0.33,4.76,4.47
2360,4.44,0.93,8.59,1.22,11.69,2.06,3.37,7.7
2361,3.49,5.44,6.72,6.87,4.89,2.62,3.81,6.16
2362,3.89,2.24,2.28,2.8,0.96,2.08,21.1,4.65
2363,7.97,2.55,7.94,5.21,5.85,1.2,3.97,5.31
2364,8.2,7.27,5.09,2.15,1.55,3.88,1.41,10.45
2365,3.86,1.13,7.0,3.69,4.12,8.84,0.84,10.52
2366,2.56,0.63,2.88,12.35,6.13,7.23,7.41,0.81
2367,0.52,7.4,8.89,2.52,2.79,3.76,10.87,3.25
2368,3.27,9.3,5.22,4.64,5.86,7.65,2.48,1.58
2369,7.18,4.34,4.2,2.05,4.15,10.75,6.28,1.05
2370,6.07,8.92,2.88,4.34,7.62,2.7,2.78,4.69
2371,5.29,7.61,1.81,0.88,2.58,7.57,11.13,3.13
2372,4.42,6.88,3.96,7.84,6.97,1.81,4.29,3.83
2373,3.52,1.56,5.59,3.05,5.96,11.9,1.49,6.93
2374,2.06,8.26,1.98,7.79,8.4,0.45,1.73,9.33
2375,6.98,8.66,7.17,1.9,6.68,1.51,2.71,4.39
2376,9.02,7.59,7.43,1.85,3.05,5.43,4.57,1.06
2377,7.29,2.46,5.39,6.66,5.31,6.1,3.36,3.43
2378,7.03,5.14,7.39,1.43,9.3,2.98,4.05,2.68
2379,1.57,10.39,2.6,5.61,9.05,1.71,8.97,0.1
2380,6.81,6.77,0.87,2.07,7.36,1.79,8.36,5.97
2381,6.43,5.19,0.86,8.01,4.81,9.72,0.63,4.35
2382,6.49,2.5,4.4,9.62,1.19,1.63,8.89,5.28
2383,9.31,4.17,2.31,2.88,2.52,8.57,0.68,9.56
2384,1.54,5.17,6.5,10.7,4.7,7.32,1.24,2.83
2385,0.56,3.73,6.74,3.79,1.54,8.83,5.58,9.23
2386,3.43,8.07,5.64,2.63,1.9,4.55,7.29,6.49
2387,9.53,4.21,2.42,5.74,4.13,6.88,0.78,6.31
2388,4.52,0.89,5.91,8.76,9.68,0.82,1.67,7.75
2389,2.05,6.12,1.88,10.08,6.98,4.48,4.46,3.95
2390,1.12,2.68,5.75,5.71,11.98,1.41,4.88,6.47
2391,1.1,9.88,5.52,4.08,3.99,1.4,9.1,4.93
2392,1.42,5.38,10.68,2.83,1.18,10.85,6.49,1.17
2393,0.99,1.31,2.88,2.96,3.38,9.87,18.59,0.02
2394,8.61,5.27,3.51,1.09,2.33,10.36,7.57,1.26
2395,7.53,8.35,3.46,5.3,2.8,8.27,1.02,3.27
2396,8.76,0.79,3.55,1.45,9.27,1.77,12.4,2.01
2397,1.88,8.86,3.81,5.0,8.86,6.74,3.39,1.46
2398,2.88,10.06,6.82,6.8,6.16,4.18,2.82,0.28
2399,6.86,4.07,1.13,11.07,5.84,5.53,2.74,2.76
2400,6.11,1.95,9.65,1.95,6.28,6.74,0.39,6.93
2401,3.58,9.78,8.84,2.82,5.76,5.9,2.96,0.36
2402,6.52,7.88,1.9,0.99,4.52,9.34,0.83,8.02
2403,2.02,7.44,8.27,7.25,2.2,2.61,6.36,3.85
2404,6.76,0.49,9.6,6.23,6.63,4.58,3.6,2.11
2405,0.68,9.65,1.31,8.18,3.34,4.59,7.7,4.55
2406,2.65,4.4,7.48,8.72,8.23,2.01,3.23,3.28
2407,9.62,2.07,0.65,1.57,8.17,11.87,4.2,1.85
2408,6.69,2.45,10.19,0.7,3.34,5.65,4.22,6.76
2409,8.41,4.69,7.15,1.1,2.39,5.23,5.0,6.03
2410,2.57,2.52,3.63,3.22,8.98,5.16,11.61,2.31
2411,7.93,2.45,3.24,10.46,2.23,4.94,3.93,4.82
2412,9.55,3.91,2.7,6.47,2.71,1.57,8.2,4.89
2413,5.44,5.87,2.94,3.88,3.71,3.63,5.93,8.6
2414,1.93,2.34,3.83,11.73,10.07,6.54,2.55,1.01
2415,3.65,4.37,4.75,6.73,10.09,5.92,4.35,0.14
2416,4.32,1.51,1.88,3.55,1.73,8.8,4.52,13.69
2417,0.72,8.97,5.94,8.77,5.82,3.63,0.84,5.31
2418,6.41,2.77,0.73,3.98,10.77,9.26,3.79,2.29
2419,7.96,3.37,5.2,6.46,6.67,1.54,7.19,1.61
2420,2.89,0.71,9.13,9.63,1.36,4.17,2.97,9.14
2421,4.82,5.46,1.35,11.14,6.48,6.77,0.44,3.54
2422,7.59,0.85,4.33,3.27,4.83,7.07,8.48,3.58
2423,4.07,7.22,9.43,4.69,3.49,2.1,2.5,6.5
2424,7.94,5.96,3.01,2.67,5.39,3.19,9.46,2.38
2425,3.24,6.04,5.86,5.77,1.73,5.23,4.9,7.23
2426,5.48,4.04,5.03,2.79,10.76,5.27,5.79,0.84
2427,8.02,5.03,7.19,7.41,1.36,3.59,3.72,3.68
2428,8.09,5.78,1.86,7.29,1.34,10.13,0.51,5.0
2429,7.59,4.92,2.6,7.32,8.52,4.9,0.68,3.47
2430,0.93,5.98,2.31,7.78,2.37,2.25,15.2,3.18
2431,7.72,5.44,7.12,0.94,8.96,5.1,2.12,2.6
2432,6.77,9.15,6.33,1.6,3.52,4.08,6.17,2.38
2433,9.17,8.5,7.33,3.7,4.43,3.06,0.92,2.89
2434,8.05,0.79,8.14,6.37,4.04,4.73,7.05,0.83
2435,4.43,10.15,4.37,3.8,4.4,7.6,1.1,4.15
2436,8.36,0.84,6.34,9.0,4.59,4.11,0.72,6.04
2437,7.79,4.74,5.96,3.86,6.82,4.59,2.59,3.65
2438,9.18,3.84,2.42,9.13,6.23,2.74,0.56,5.9
2439,2.32,4.07,9.14,8.16,6.25,3.58,1.44,5.04
2440,2.78,2.15,10.3,8.18,5.89,3.71,1.23,5.76
2441,7.8,7.43,7.22,3.86,4.36,3.86,0.97,4.5
2442,6.23,4.98,6.04,1.93,3.17,1.26,6.73,9.66
2443,9.29,0.54,5.02,2.89,2.57,6.28,5.71,7.7
2444,3.21,2.1,1.82,2.3,3.48,6.15,6.28,14.66
2445,3.06,7.24,8.22,1.95,4.09,6.48,4.18,4.78
2446,9.32,6.99,5.95,6.17,3.07,2.17,6.27,0.06
2447,5.56,2.24,6.8,4.38,5.92,2.66,7.64,4.8
2448,1.39,7.95,0.86,1.76,5.11,4.8,8.12,10.01
2449,8.39,2.36,3.24,10.0,0.49,4.59,8.74,2.19
2450,7.38,4.68,4.93,5.85,8.48,0.57,1.25,6.86
2451,4.54,1.45,3.74,10.79,6.56,6.31,6.59,0.02
2452,9.03,0.86,3.37,3.17,7.66,6.27,2.63,7.01
2453,9.34,1.99,4.89,3.33,3.34,3.89,12.66,0.56
2454,2.08,6.45,6.85,8.14,5.41,1.69,3.21,6.17
2455,7.35,3.67,4.9,4.26,6.24,8.1,2.27,3.21
2456,3.21,6.32,4.96,2.39,0.6,14.64,5.1,2.78
2457,1.87,7.08,4.84,6.63,3.44,3.32,8.02,4.8
2458,1.29,7.8,3.28,1.03,9.45,0.75,5.19,11.21
2459,0.63,10.62,4.25,6.0,7.59,2.61,0.56,7.74
2460,7.24,8.73,3.75,7.82,0.68,3.42,5.17,3.19
2461,5.51,2.87,5.24,7.02,0.82,11.65,1.69,5.2
2462,6.69,2.93,8.44,4.79,5.63,6.05,4.75,0.72
2463,4.41,9.21,2.57,6.25,7.28,5.41,3.53,1.34
2464,9.39,5.86,5.52,4.59,1.78,7.2,1.76,3.9
2465,6.46,5.43,1.51,1.94,8.99,7.69,6.82,1.16
2466,4.0,3.71,6.35,6.93,6.96,3.44,4.73,3.88
2467,6.33,2.05,7.09,8.91,7.14,3.33,1.86,3.29
2468,8.53,5.17,8.01,0.53,8.16,5.63,1.6,2.37
2469,0.87,5.64,0.58,6.96,0.97,14.85,1.43,8.7
2470,2.53,6.98,7.88,3.68,6.63,5.72,6.42,0.16
2471,3.1,6.42,4.58,8.53,7.1,3.14,4.59,2.54
2472,5.61,5.26,9.15,0.61,3.15,9.62,4.5,2.1
2473,5.08,5.32,1.44,3.09,5.02,2.6,6.76,10.69
2474,3.05,5.05,9.83,1.86,3.58,0.99,9.95,5.69
2475,4.45,8.52,7.4,7.57,2.65,5.37,2.5,1.54
2476,3.45,9.29,0.81,4.2,9.57,5.77,2.03,4.88
2477,0.96,8.07,5.83,7.34,3.64,1.43,8.33,4.4
2478,7.82,6.22,7.64,4.72,5.53,4.32,1.46,2.29
2479,1.45,6.51,10.28,7.45,0.89,6.03,4.25,3.14
2480,3.41,4.82,6.2,9.24,0.67,9.15,0.78,5.73
2481,6.31,5.67,6.93,7.22,2.26,5.23,4.94,1.44
2482,2.03,5.27,4.62,8.19,6.35,2.83,3.48,7.23
2483,9.93,2.49,9.09,4.38,3.53,4.79,1.92,3.87
2484,1.1,6.22,5.54,7.42,3.3,3.75,5.49,7.18
2485,1.75,2.52,5.76,4.2,9.59,5.52,8.76,1.9
2486,3.35,0.82,5.84,6.86,7.47,3.08,5.81,6.77
2487,2.0,10.39,1.01,8.22,8.61,1.4,1.71,6.66
2488,5.59,5.81,7.51,2.2,5.56,4.32,1.82,7.19
2489,9.95,5.09,3.16,4.26,4.78,7.38,4.35,1.03
2490,3.3,2.83,8.29,8.38,3.11,7.51,0.68,5.9
2491,2.5,1.78,7.22,5.62,6.75,4.38,7.36,4.39
2492,2.45,10.18,7.7,4.17,1.8,1.48,9.69,2.53
2493,6.12,3.59,3.93,2.26,5.15,2.14,10.61,6.2
2494,3.51,7.56,1.55,8.27,4.24,9.03,4.15,1.69
2495,5.91,4.29,1.78,9.3,7.61,1.23,5.93,3.95
2496,6.08,8.28,7.19,4.13,5.82,1.17,4.88,2.45
2497,5.23,2.06,1.11,7.1,6.69,9.57,0.53,7.71
2498,5.7,2.11,9.73,5.36,7.6,0.81,7.18,1.51
2499,6.78,3.74,8.45,3.14,7.44,1.66,5.78,3.01
2500,0.88,1.78,6.64,2.92,10.47,5.0,9.57,2.74
2501,7.21,7.54,4.49,3.1,1.11,5.94,8.33,2.28
2502,2.89,3.29,7.24,4.94,10.09,1.0,4.59,5.96
2503,6.15,6.68,2.04,1.69,1.45,13.43,0.57,7.99
2504,8.26,6.68,5.64,6.98,1.81,5.79,4.64,0.2
2505,1.15,4.36,6.78,0.61,9.94,7.92,9.2,0.04
2506,6.99,3.63,8.79,8.06,3.15,4.73,1.52,3.13
2507,1.34,4.39,6.11,5.66,7.61,4.95,3.95,5.99
2508,7.75,7.99,2.63,7.69,1.25,2.12,3.73,6.84
2509,6.76,7.21,1.76,7.99,1.13,2.41,7.81,4.93
2510,8.85,5.44,4.73,4.92,1.7,2.03,11.27,1.06
2511,7.47,4.54,7.98,2.03,0.84,11.24,5.42,0.48
2512,6.35,5.24,6.65,6.98,3.96,3.52,4.89,2.41
2513,6.93,7.72,6.37,1.03,5.24,5.82,0.66,6.23
2514,4.94,1.36,4.17,11.67,2.54,4.69,6.61,4.02
2515,5.17,2.9,2.49,4.29,6.32,3.09,10.94,4.8
2516,9.18,2.98,6.41,5.46,0.63,3.3,6.08,5.96
2517,5.48,9.77,1.18,6.42,8.55,1.97,3.43,3.2
2518,4.12,9.77,7.47,4.13,1.18,1.16,4.9,7.27
2519,6.69,7.14,5.19,5.85,2.78,6.0,4.05,2.3
2520,5.3,8.15,7.31,3.37,7.11,4.11,0.93,3.72
2521,6.38,1.57,4.8,7.33,3.4,2.41,2.01,12.1
2522,2.83,3.29,7.02,8.91,0.59,2.27,4.11,10.98
2523,3.17,1.52,5.2,3.76,1.31,6.13,10.83,8.08
2524,3.53,7.54,8.01,7.92,2.7,4.79,0.69,4.82
2525,2.57,9.64,7.78,6.89,4.79,4.93,3.06,0.34
2526,4.43,6.9,1.75,3.45,9.43,0.82,2.17,11.05
2527,2.76,10.52,4.79,5.09,5.82,4.41,2.34,4.27
2528,7.4,7.88,5.49,6.59,1.15,4.94,5.28,1.27
2529,0.82,7.11,5.82,6.04,9.69,3.55,3.85,3.12
2530,1.03,3.88,0.62,10.69,5.18,1.72,14.1,2.78
2531,9.13,6.84,2.6,1.74,3.45,4.24,0.82,11.18
2532,8.54,6.56,4.15,1.7,3.95,4.0,8.13,2.97
2533,8.0,6.76,5.65,4.62,3.43,3.86,1.07,6.61
2534,0.56,9.05,6.54,4.59,7.34,6.54,5.36,0.02
2535,1.06,8.34,9.87,6.37,2.3,4.47,6.88,0.71
2536,6.49,5.85,7.98,3.44,5.99,4.92,4.08,1.25
2537,4.77,3.66,8.07,2.85,1.5,8.93,1.91,8.31
2538,2.99,5.29,2.28,4.05,9.18,10.25,1.9,4.06
2539,0.6,9.92,9.47,6.79,2.25,1.03,2.44,7.5
2540,8.23,1.91,3.43,3.81,10.98,2.52,6.09,3.03
2541,6.02,1.14,8.76,8.74,4.18,7.31,3.74,0.11
2542,1.72,6.94,4.94,6.14,8.4,2.98,3.83,5.05
2543,9.39,3.17,6.94,3.17,5.55,3.08,5.9,2.8
2544,7.29,2.44,0.81,6.8,2.99,3.13,9.07,7.47
2545,7.27,6.18,1.07,3.47,4.33,6.04,2.86,8.78
2546,8.18,0.72,5.37,3.49,7.82,9.13,2.68,2.61
2547,9.01,6.54,5.28,2.27,3.85,1.7,3.01,8.34
2548,1.37,5.63,8.27,4.78,5.68,2.28,9.59,2.4
2549,9.05,6.35,5.4,6.42,1.76,1.01,6.04,3.97
2550,9.41,2.19,6.76,8.5,4.43,4.94,2.89,0.88
2551,3.04,10.09,2.52,4.72,4.19,9.71,1.02,4.71
2552,2.01,10.22,2.61,8.05,7.5,1.03,4.96,3.62
2553,4.1,3.02,4.64,6.09,7.26,5.97,8.89,0.03
2554,5.63,7.66,5.41,7.68,3.09,3.06,1.71,5.76
2555,5.03,7.9,5.91,3.62,5.45,1.59,1.77,8.73
2556,2.99,5.72,7.32,7.05,3.48,4.65,2.59,6.2
2557,1.7,8.06,1.04,8.46,7.84,5.02,7.12,0.76
2558,2.77,0.84,11.04,6.5,8.87,5.3,2.24,2.44
2559,0.76,4.73,1.19,7.28,4.07,11.9,0.68,9.39
2560,5.94,3.6,5.69,9.31,5.86,5.51,2.07,2.02
2561,4.02,5.67,5.94,6.12,7.55,3.18,0.45,7.07
2562,3.78,1.56,2.4,7.47,6.18,5.96,12.33,0.32
2563,9.07,6.84,5.81,2.21,0.68,4.48,9.62,1.29
2564,6.77,2.45,3.41,8.0,3.07,4.44,10.06,1.8
2565,9.34,3.31,5.76,2.84,0.63,1.37,8.73,8.02
2566,5.84,1.81,8.98,2.99,7.68,8.1,4.44,0.16
2567,7.72,3.85,8.17,2.52,4.04,4.08,5.4,4.22
2568,8.55,2.31,4.34,5.44,9.59,6.5,2.8,0.47
2569,4.88,3.57,10.35,1.31,7.14,0.78,8.22,3.75
2570,4.26,0.84,3.77,7.61,3.02,10.06,7.89,2.55
2571,0.92,2.72,5.81,3.62,8.25,3.21,4.6,10.87
2572,1.55,5.41,6.52,1.5,2.31,6.25,5.39,11.07
2573,2.04,3.68,3.98,10.05,1.73,8.58,7.68,2.26
2574,7.35,4.52,3.21,7.49,7.79,4.23,4.76,0.65
2575,6.37,0.97,6.75,8.65,1.06,7.85,4.19,4.16
2576,2.71,3.27,9.28,8.11,6.7,1.81,5.11,3.01
2577,7.51,2.03,7.22,8.22,0.79,8.79,1.48,3.96
2578,2.63,2.2,2.75,5.83,10.57,5.18,7.97,2.87
2579,4.58,6.98,5.35,1.63,10.18,3.65,1.88,5.75
2580,0.7,9.07,8.96,1.41,9.37,1.71,6.84,1.94
2581,3.09,1.62,1.15,9.63,11.15,3.1,6.69,3.57
2582,7.04,6.64,1.04,2.12,2.7,9.62,8.89,1.95
2583,1.4,6.84,6.3,9.58,7.72,3.6,2.69,1.87
2584,8.77,5.89,7.39,5.83,3.68,2.56,5.43,0.45
2585,7.59,1.05,4.77,7.32,6.96,2.92,2.5,6.89
2586,4.72,7.51,8.1,3.25,1.81,1.47,1.04,12.1
2587,1.05,5.38,9.24,1.05,1.21,7.72,1.72,12.63
2588,0.92,2.81,6.04,9.1,4.71,1.31,3.39,11.72
2589,2.23,3.58,3.03,2.31,3.06,15.62,4.47,5.7
2590,5.65,5.91,8.16,5.44,3.05,5.53,4.8,1.46
2591,8.27,2.35,3.09,2.64,4.74,0.81,7.67,10.43
2592,4.2,7.14,1.48,0.76,0.88,5.34,12.36,7.84
2593,3.85,1.75,5.17,8.51,4.61,7.37,2.14,6.6
2594,3.44,2.49,6.18,6.7,8.0,6.29,1.0,5.9
2595,7.67,6.32,5.0,2.01,6.54,2.45,7.85,2.16
2596,2.18,5.53,2.25,7.9,1.73,12.4,6.31,1.7
2597,1.5,8.85,1.44,10.01,4.98,3.16,5.06,5.0
2598,7.45,0.54,8.44,7.22,7.63,3.21,0.97,4.54
2599,5.79,8.19,3.4,1.86,6.4,4.7,7.24,2.42
2600,4.32,7.81,4.21,6.0,8.72,2.9,3.8,2.24
2601,6.84,3.66,6.7,5.58,0.73,1.87,13.26,1.36
2602,4.83,8.14,8.33,3.23,3.18,0.79,4.55,6.95
2603,2.11,2.85,5.46,1.75,13.91,7.02,3.82,3.08
2604,3.39,3.98,8.56,5.23,1.05,7.19,0.84,9.76
2605,4.45,6.07,6.15,5.74,6.54,1.86,0.85,8.34
2606,0.52,2.34,7.47,1.1,10.22,9.94,8.06,0.35
2607,6.89,3.87,1.01,2.96,6.02,5.32,9.49,4.44
2608,9.19,5.05,7.92,1.37,8.21,1.92,4.17,2.17
2609,8.52,6.32,6.24,2.08,5.05,2.98,8.79,0.02
2610,6.72,8.99,1.15,5.52,7.57,5.87,0.51,3.67
2611,3.09,3.76,2.31,1.52,11.42,8.36,6.08,3.46
2612,3.18,9.31,1.3,8.84,1.03,5.47,4.72,6.15
2613,3.79,5.74,3.74,8.96,4.48,1.46,11.12,0.71
2614,1.66,3.3,1.65,4.94,5.81,4.84,1.18,16.62
2615,2.92,4.35,9.33,7.98,2.43,6.23,0.36,6.4
2616,5.57,5.11,9.0,5.32,4.37,6.28,2.68,1.67
2617,7.23,8.95,3.46,6.32,1.94,2.22,4.49,5.39
2618,1.66,5.49,8.95,9.18,1.79,3.44,4.87,4.62
2619,3.84,6.47,4.98,3.24,5.44,9.95,1.98,4.1
2620,3.11,5.24,5.49,9.16,3.22,6.91,2.61,4.26
2621,1.4,1.38,10.16,8.9,1.93,4.2,6.09,5.94
2622,7.28,5.41,3.21,5.25,1.4,5.07,3.65,8.73
2623,6.09,7.88,8.3,5.37,1.27,2.11,2.94,6.04
2624,0.6,10.63,6.17,0.9,3.82,6.59,9.32,1.97
2625,5.41,3.22,7.44,2.94,1.25,8.3,4.6,6.84
2626,1.75,6.26,3.56,4.67,10.65,2.32,7.33,3.46
2627,4.28,0.58,3.79,4.99,4.77,8.9,3.51,9.18
2628,8.59,8.41,5.58,1.26,2.45,5.19,4.36,4.16
2629,0.68,6.47,6.37,8.34,6.16,2.81,8.34,0.83
2630,4.38,5.13,5.64,3.29,3.99,1.53,3.83,12.21
2631,8.78,6.03,2.15,2.79,0.74,9.42,2.93,7.16
2632,9.96,6.8,5.81,1.76,3.84,4.87,2.79,4.17
2633,0.69,1.17,5.9,6.31,12.84,6.66,0.53,5.9
2634,8.05,3.44,5.36,5.63,8.36,2.18,1.71,5.27
2635,5.66,0.87,2.01,10.55,4.56,10.38,0.33,5.64
2636,2.57,5.22,1.27,2.69,8.02,13.02,6.69,0.52
2637,2.62,6.78,2.3,4.03,1.59,9.33,2.55,10.8
2638,2.84,0.66,4.78,12.12,3.23,4.86,5.3,6.21
2639,2.89,7.46,6.56,8.43,0.41,1.73,9.12,3.4
2640,2.31,3.2,11.22,5.57,2.21,5.9,6.72,2.87
2641,8.79,8.91,4.25,2.61,7.24,3.99,2.93,1.28
2642,6.4,7.36,3.1,9.18,4.67,0.78,7.5,1.01
2643,1.63,1.58,6.48,9.89,3.63,3.28,10.49,3.02
2644,8.35,4.07,6.77,4.73,4.33,4.46,4.23,3.06
2645,0.87,4.24,2.53,2.82,9.52,8.46,8.4,3.16
2646,9.24,7.89,5.65,1.05,7.03,3.8,1.24,4.1
2647,2.87,9.38,3.61,8.51,2.63,7.53,3.21,2.26
2648,6.84,2.26,7.0,8.88,7.01,5.32,2.16,0.53
2649,7.82,4.16,7.23,1.97,4.28,7.69,4.99,1.86
2650,6.28,4.83,4.12,8.46,5.63,1.78,3.79,5.11
2651,6.92,6.67,3.42,1.18,2.95,11.51,6.6,0.75
2652,5.61,8.68,1.84,1.57,10.58,6.31,2.66,2.75
2653,2.5,6.32,7.13,9.45,0.72,8.18,5.5,0.2
2654,3.65,3.88,8.5,8.01,6.01,6.32,0.88,2.75
2655,8.08,3.46,0.99,10.08,8.49,0.69,4.67,3.54
2656,5.38,1.95,9.15,9.25,2.25,3.98,3.91,4.13
2657,8.93,7.14,5.95,3.52,3.93,6.37,3.95,0.21
2658,3.28,3.54,5.47,4.38,4.72,5.13,1.2,12.28
2659,9.98,2.69,2.54,9.03,6.88,1.94,2.3,4.64
2660,9.21,4.11,2.89,9.48,6.1,2.52,1.41,4.28
2661,8.35,0.83,5.12,8.87,6.74,1.71,7.28,1.1
2662,1.45,0.97,6.4,7.73,4.11,12.47,5.65,1.22
2663,0.53,5.62,1.35,6.33,4.81,6.33,14.96,0.07
2664,7.5,9.13,6.44,4.2,5.29,3.11,1.59,2.74
2665,7.62,6.56,3.71,1.89,0.93,3.05,2.13,14.11
2666,2.33,7.88,9.81,1.79,1.81,0.99,5.44,9.95
2667,3.98,7.17,1.16,5.86,7.34,3.28,5.34,5.87
2668,4.9,2.55,8.05,3.22,6.84,1.97,7.69,4.78
2669,3.25,5.85,3.38,10.16,2.68,5.37,1.91,7.4
2670,8.91,7.57,7.33,4.5,1.36,6.37,0.26,3.7
2671,2.21,6.9,9.21,7.06,1.69,8.49,3.55,0.89
2672,5.2,5.68,7.27,7.9,4.42,3.43,1.45,4.65
2673,3.85,1.83,3.13,10.35,5.24,2.52,9.94,3.14
2674,1.05,2.4,3.22,11.15,6.78,6.17,4.64,4.59
2675,2.61,7.59,7.6,5.55,5.03,4.63,6.63,0.36
2676,3.3,9.87,2.38,1.06,8.73,3.63,8.01,3.02
2677,1.46,3.69,2.35,2.9,2.11,8.27,15.86,3.36
2678,1.23,8.13,6.96,4.05,9.75,0.73,8.65,0.5
2679,4.05,6.67,4.13,1.32,6.95,9.05,2.35,5.48
2680,8.23,3.94,1.57,6.54,4.42,2.41,11.17,1.72
2681,1.9,9.2,8.84,4.16,7.39,0.96,0.66,6.89
2682,7.8,4.07,2.7,0.9,4.08,5.11,11.28,4.06
2683,0.85,7.05,4.81,8.98,1.14,6.97,9.72,0.48
2684,4.23,8.57,3.87,0.78,8.69,6.34,3.15,4.37
2685,8.62,5.92,8.36,2.7,0.4,2.97,1.32,9.71
2686,4.76,9.07,4.38,0.62,4.21,9.84,4.16,2.96
2687,6.56,7.54,2.68,7.23,1.77,3.34,9.06,1.82
2688,2.68,8.77,4.7,2.45,8.69,2.68,5.22,4.81
2689,5.52,3.4,10.17,2.72,5.67,3.25,4.1,5.17
2690,7.11,4.42,5.51,2.89,9.63,1.75,6.61,2.08
2691,6.27,8.26,5.77,6.93,1.76,0.94,1.85,8.22
2692,3.48,4.38,8.34,1.09,9.07,6.28,5.59,1.77
2693,5.79,3.85,10.08,0.99,5.89,3.52,7.78,2.1
2694,4.45,5.63,8.68,4.29,6.12,1.39,6.52,2.92
2695,0.91,2.62,11.46,1.74,5.95,0.94,10.83,5.55
2696,3.06,6.09,2.41,3.05,11.82,8.85,2.45,2.27
2697,8.17,4.7,2.21,4.06,10.27,6.42,0.58,3.59
2698,1.38,2.52,7.94,1.16,3.1,7.7,6.27,9.93
2699,6.06,7.44,2.59,9.24,0.49,1.11,2.65,10.42
2700,8.4,5.62,3.26,7.02,5.16,6.2,1.57,2.77
2701,6.59,4.57,7.38,8.5,2.11,3.77,1.14,5.94
2702,4.31,3.79,5.87,0.68,0.95,9.96,0.86,13.58
2703,9.22,8.25,5.11,1.96,4.57,1.34,6.39,3.16
2704,9.01,2.04,8.7,4.05,0.56,7.56,4.72,3.36
2705,4.3,9.03,0.72,5.35,6.33,4.72,8.34,1.21
2706,5.24,5.34,3.85,7.16,3.65,3.99,3.1,7.67
2707,7.53,2.21,4.85,5.08,4.28,6.57,8.7,0.78
2708,6.8,9.14,3.21,4.68,2.21,2.46,8.15,3.35
2709,6.98,6.92,3.06,5.52,6.62,1.48,6.31,3.11
2710,7.66,4.5,3.15,8.46,6.56,2.35,6.36,0.96
2711,2.93,4.75,4.96,8.66,1.47,1.46,7.2,8.57
2712,0.71,4.74,7.64,3.99,9.62,5.85,6.77,0.68
2713,6.69,4.27,7.37,7.41,1.19,8.65,3.93,0.49
2714,7.18,3.09,8.05,1.83,9.57,3.31,4.67,2.3
2715,4.67,3.62,4.7,3.39,9.56,8.42,4.55,1.09
2716,2.03,9.67,7.25,7.85,6.09,4.04,2.59,0.48
2717,3.65,9.65,6.63,1.5,9.02,5.4,3.54,0.61
2718,6.05,1.5,0.76,1.16,4.86,8.86,3.13,13.68
2719,4.31,1.47,3.57,9.24,6.84,7.61,1.33,5.63
2720,4.14,1.06,3.2,2.23,10.06,7.59,8.76,2.96
2721,9.88,8.51,0.72,6.89,5.54,4.67,2.41,1.38
2722,8.58,3.27,0.61,1.05,4.68,14.52,7.08,0.21
2723,5.34,1.1,2.48,4.37,4.47,12.32,7.94,1.98
2724,9.64,4.29,8.35,3.76,5.89,4.17,3.25,0.65
2725,6.11,0.8,2.24,4.31,10.24,2.99,1.69,11.62
2726,8.27,1.19,4.65,8.58,1.33,1.72,1.7,12.56
2727,2.31,10.04,1.31,4.8,8.8,4.5,4.84,3.4
2728,7.92,3.18,3.06,7.12,5.62,5.07,6.52,1.51
2729,9.56,1.6,3.79,1.89,5.83,7.64,2.71,6.98
2730,1.15,5.97,3.68,5.49,11.66,2.01,6.35,3.69
2731,5.28,3.43,8.51,4.39,5.84,2.18,4.72,5.65
2732,6.65,2.96,9.91,2.11,6.37,5.13,3.95,2.92
2733,6.66,1.9,4.13,8.46,1.55,6.11,3.27,7.92
2734,0.52,4.57,6.62,8.82,5.19,4.24,4.48,5.56
2735,3.36,6.7,3.54,5.82,1.97,5.56,7.92,5.13
2736,3.58,5.93,0.71,9.5,5.69,8.04,5.56,0.99
2737,0.84,3.46,4.37,1.1,10.72,4.3,10.93,4.28
2738,6.61,4.14,8.42,2.9,7.08,5.54,5.26,0.05
2739,0.55,5.79,1.97,7.51,9.53,1.77,1.91,10.97
2740,5.39,6.93,1.91,6.18,4.07,9.5,3.85,2.17
2741,3.07,9.81,8.73,3.71,4.23,3.75,3.11,3.59
2742,6.96,7.46,3.3,5.28,2.06,3.61,6.44,4.89
2743,2.86,10.25,1.0,6.08,9.47,3.32,1.01,6.01
2744,1.0,9.12,8.35,2.8,3.13,3.73,6.87,5.0
2745,6.94,3.29,8.02,7.12,5.24,1.93,5.72,1.74
2746,0.89,2.01,5.02,9.01,9.43,0.68,2.63,10.33
2747,4.8,4.5,0.67,8.45,6.59,4.61,4.21,6.17
2748,8.68,5.15,1.63,9.3,2.52,3.22,8.5,1.0
2749,6.51,5.66,1.86,8.54,7.5,4.89,4.23,0.81
2750,9.48,3.49,6.99,1.58,2.69,3.84,2.65,9.28
2751,0.73,4.02,5.7,4.11,3.08,11.75,3.32,7.29
2752,5.15,9.56,4.49,7.63,1.4,4.92,6.79,0.06
2753,2.55,1.44,6.7,8.67,9.72,5.05,2.15,3.72
2754,7.0,3.53,9.25,5.39,3.3,5.95,2.4,3.18
2755,1.6,8.74,2.73,2.71,3.46,11.59,7.4,1.77
2756,5.06,5.25,1.55,5.1,8.87,2.62,4.51,7.04
2757,8.29,4.12,8.25,4.49,6.94,3.78,1.52,2.61
2758,7.34,8.9,4.98,4.26,0.88,6.04,4.07,3.53
2759,1.05,3.03,1.52,2.99,1.32,8.29,21.61,0.19
2760,2.63,7.8,7.04,4.58,3.23,3.56,6.16,5.0
2761,3.27,3.75,8.13,4.23,3.67,4.1,11.76,1.09
2762,1.88,5.6,10.32,3.25,7.41,6.14,0.45,4.95
2763,9.59,5.49,0.62,3.89,3.15,11.25,5.62,0.39
2764,7.29,5.66,3.66,5.32,2.82,4.56,3.13,7.56
2765,9.44,5.91,0.81,2.88,4.8,9.16,0.77,6.23
2766,0.82,6.95,7.21,3.22,3.64,2.87,8.97,6.32
2767,8.81,6.43,8.02,6.28,3.26,0.64,4.81,1.75
2768,7.92,0.98,5.12,8.27,1.12,3.45,6.45,6.69
2769,5.13,6.97,5.9,2.67,6.92,0.83,3.92,7.66
2770,6.85,1.69,1.01,6.52,5.35,8.76,9.56,0.26
2771,3.56,3.39,10.63,6.05,5.06,7.1,1.65,2.56
2772,3.14,3.35,7.08,4.08,7.79,7.01,0.95,6.6
2773,2.7,3.63,7.65,5.47,10.27,6.48,3.71,0.09
2774,5.72,1.3,3.83,8.69,4.05,6.68,8.15,1.58
2775,6.98,2.94,5.99,1.68,6.6,2.7,4.93,8.18
2776,7.21,6.54,8.23,1.71,7.28,3.19,5.54,0.3
2777,6.15,1.58,1.31,11.71,2.37,7.34,3.39,6.15
2778,7.55,2.54,7.74,2.11,7.56,1.21,2.33,8.96
2779,6.39,8.48,6.27,2.12,4.41,3.64,2.4,6.29
2780,5.44,0.84,9.84,2.32,1.11,5.26,10.45,4.74
2781,6.15,2.08,8.91,9.03,5.38,2.69,1.8,3.96
2782,4.64,4.87,1.39,3.71,4.2,11.97,5.66,3.56
2783,8.15,0.53,8.4,4.23,4.3,8.75,4.09,1.55
2784,3.12,8.86,8.7,2.25,2.86,1.99,4.92,7.3
2785,5.03,2.06,6.39,7.1,6.08,2.52,6.68,4.14
2786,9.87,8.02,1.48,4.23,1.73,8.6,3.87,2.2
2787,4.39,8.71,1.83,1.06,7.11,1.98,1.79,13.13
2788,9.21,4.52,5.33,2.83,2.79,5.38,9.77,0.17
2789,5.13,9.88,4.86,5.69,4.95,6.27,1.3,1.92
2790,9.6,0.74,1.43,7.98,8.56,5.02,1.39,5.28
2791,8.91,7.49,4.31,7.32,2.88,1.07,1.0,7.02
2792,8.57,3.41,2.24,2.74,2.05,3.93,15.99,1.07
2793,3.89,1.04,10.52,0.72,7.38,3.61,10.83,2.01
2794,8.23,0.75,2.86,4.04,0.73,13.18,2.28,7.93
2795,3.68,7.39,3.92,6.24,3.23,7.88,7.15,0.51
2796,2.49,2.42,8.02,1.86,5.89,1.36,7.7,10.26
2797,2.42,1.07,10.35,8.35,8.24,6.29,0.82,2.46
2798,8.49,7.26,2.22,4.06,4.62,4.26,2.12,6.97
2799,8.73,1.17,2.66,4.09,10.68,0.61,7.06,5.0
2800,9.09,5.44,4.07,6.11,3.21,2.73,4.79,4.56
2801,2.2,4.88,9.53,1.47,0.96,0.79,7.43,12.74
2802,2.01,9.78,5.54,1.77,9.01,5.18,6.36,0.35
2803,0.62,4.28,2.85,9.78,7.33,6.01,3.08,6.05
2804,2.02,0.64,12.29,7.28,6.76,0.86,8.67,1.48
2805,3.28,8.36,5.2,4.89,7.67,6.16,0.9,3.54
2806,3.89,5.78,6.94,1.97,2.15,1.33,15.11,2.83
2807,8.18,7.34,5.99,5.77,4.56,2.96,3.8,1.4
2808,8.26,8.83,6.01,5.52,3.51,4.14,3.1,0.63
2809,9.38,1.9,8.04,0.97,0.85,10.85,6.12,1.89
2810,6.6,8.48,2.46,1.79,0.68,12.7,6.41,0.88
2811,3.38,6.44,6.13,6.77,0.52,9.95,3.2,3.61
2812,3.3,3.24,1.78,9.92,3.26,8.57,6.49,3.44
2813,8.1,1.13,1.22,1.31,6.59,13.82,0.93,6.9
2814,0.72,2.59,9.92,5.0,9.31,1.66,7.99,2.81
2815,4.9,4.85,10.08,1.73,5.92,1.75,1.48,9.29
2816,2.8,5.31,6.87,2.26,8.57,6.94,1.12,6.13
2817,6.82,2.92,7.31,5.25,2.58,8.33,3.64,3.15
2818,1.05,10.98,2.14,4.9,1.04,4.8,15.02,0.07
2819,7.38,6.37,2.6,2.52,5.29,8.63,1.72,5.49
2820,3.92,6.95,6.71,7.52,3.44,5.46,4.6,1.4
2821,1.38,1.03,3.63,9.41,9.59,6.88,0.46,7.62
2822,6.93,8.76,6.47,4.26,3.7,4.46,3.58,1.84
2823,6.36,5.57,7.68,5.48,2.96,2.48,4.38,5.09
2824,9.3,0.62,2.52,3.74,9.41,3.31,7.27,3.83
2825,3.67,5.05,6.3,3.35,7.01,8.94,0.83,4.85
2826,5.6,3.05,1.11,9.18,0.56,12.91,5.29,2.3
2827,5.32,6.67,2.85,6.58,2.55,0.81,2.69,12.53
2828,7.04,1.62,1.6,2.92,3.96,4.9,3.25,14.71
2829,8.83,8.16,7.57,5.15,2.52,4.67,0.37,2.73
2830,3.51,8.45,9.14,5.05,3.98,0.94,3.65,5.28
2831,0.8,3.38,7.08,6.23,5.96,6.66,9.51,0.38
2832,0.6,7.17,7.1,3.05,9.05,8.18,2.0,2.85
2833,9.77,3.07,7.15,1.98,6.02,5.73,2.68,3.6
2834,4.18,6.21,8.64,5.92,1.09,7.73,1.44,4.79
2835,5.96,0.87,10.07,6.9,7.13,3.29,1.92,3.86
2836,8.08,5.78,2.96,8.68,2.62,5.0,3.88,3.0
2837,2.52,6.65,7.26,3.82,7.17,4.58,1.36,6.64
2838,6.14,5.17,3.34,8.49,2.01,1.77,1.96,11.12
2839,9.01,1.51,5.63,8.84,3.2,5.12,4.17,2.52
2840,7.03,5.68,6.52,2.71,2.24,1.17,11.38,3.27
2841,2.22,1.49,2.96,3.6,8.69,11.52,4.1,5.42
2842,2.85,1.42,9.23,8.82,5.19,0.68,9.59,2.22
2843,3.8,2.86,10.74,3.3,2.82,2.89,0.75,12.84
2844,2.1,2.14,11.65,6.48,3.57,6.19,7.73,0.14
2845,4.65,1.06,2.3,11.62,2.41,2.86,11.28,3.82
2846,2.01,7.9,6.28,6.1,4.24,7.54,2.65,3.28
2847,6.83,0.55,2.42,8.54,7.23,7.53,0.72,6.18
2848,7.08,7.39,2.82,5.71,5.02,5.82,1.18,4.98
2849,6.06,0.75,6.06,5.18,7.22,8.7,0.35,5.68
2850,2.7,7.02,6.14,4.22,6.05,4.93,2.78,6.16
2851,3.04,9.1,0.77,1.5,2.57,14.82,5.72,2.48
2852,2.52,3.01,9.31,9.83,4.53,3.31,6.22,1.27
2853,5.23,7.11,2.05,6.48,9.1,5.37,1.62,3.04
2854,9.64,1.11,7.64,7.48,4.5,2.99,5.22,1.42
2855,6.41,2.46,9.35,7.34,2.11,8.18,1.16,2.99
2856,8.58,2.52,6.62,4.01,5.99,3.2,8.58,0.5
2857,0.75,9.98,0.72,3.33,4.91,9.93,7.15,3.23
2858,1.58,4.25,0.82,9.33,11.8,6.69,2.08,3.45
2859,8.17,0.93,8.6,1.33,9.05,6.72,1.23,3.97
2860,2.16,6.66,1.04,5.11,4.79,13.24,1.3,5.7
2861,7.24,2.25,0.85,5.17,7.25,2.38,6.03,8.83
2862,8.79,1.1,5.8,2.44,1.27,11.7,7.38,1.52
2863,3.84,8.87,7.25,4.1,0.47,3.3,7.0,5.17
2864,5.53,7.08,7.75,6.84,3.54,5.76,2.5,1.0
2865,9.93,2.6,3.89,5.03,9.23,4.56,0.48,4.28
2866,8.52,2.32,2.46,10.4,6.81,4.82,2.23,2.44
2867,7.51,3.95,6.02,3.49,2.51,7.42,4.07,5.03
2868,1.75,1.54,2.2,11.17,0.62,9.81,1.69,11.22
2869,7.68,3.02,3.19,7.14,3.92,7.71,1.83,5.51
2870,9.78,7.76,7.0,1.05,6.35,4.41,1.66,1.99
2871,0.53,4.35,4.98,7.19,6.28,2.17,7.26,7.24
2872,1.55,1.22,4.84,1.55,8.52,4.7,12.84,4.78
2873,2.23,8.66,0.95,4.96,10.49,5.06,1.61,6.04
2874,6.51,7.44,2.04,2.8,3.67,0.62,14.01,2.91
2875,8.52,3.54,1.01,7.43,2.28,4.38,4.98,7.86
2876,4.54,9.69,0.6,9.82,4.41,1.46,1.69,7.79
2877,4.93,3.65,2.71,7.93,2.48,0.88,2.71,14.71
2878,5.7,5.21,4.55,5.41,8.31,4.33,4.59,1.9
2879,6.89,8.14,0.86,3.71,1.91,4.05,3.72,10.72
2880,4.97,4.01,0.69,7.31,7.45,5.45,2.47,7.65
2881,3.87,4.79,7.75,6.81,5.85,4.09,2.89,3.95
2882,5.82,1.6,4.57,5.93,4.75,4.8,10.58,1.95
2883,5.36,7.18,3.99,0.81,1.51,7.79,11.98,1.38
2884,1.47,7.81,8.07,4.15,4.42,2.56,8.75,2.77
2885,4.72,8.3,6.64,3.25,5.15,2.16,8.76,1.02
2886,3.89,6.69,5.17,6.04,1.52,5.19,3.81,7.69
2887,9.68,5.13,0.72,2.3,10.67,3.14,6.54,1.82
2888,2.28,1.42,3.63,6.75,8.02,1.04,7.2,9.66
2889,5.04,1.0,3.74,1.61,12.74,4.58,2.33,8.96
2890,5.95,0.96,11.0,1.83,3.78,2.55,5.31,8.62
2891,2.21,10.33,6.52,3.42,7.31,3.09,7.07,0.05
2892,8.25,6.36,3.71,7.99,3.08,4.41,1.06,5.14
2893,5.19,3.17,3.06,4.33,7.98,3.1,11.79,1.38
2894,0.87,4.63,2.48,9.24,7.41,1.78,1.19,12.4
2895,3.94,3.99,10.65,3.34,2.08,10.57,0.69,4.74
2896,7.37,8.85,5.54,4.48,5.91,0.96,1.73,5.16
2897,9.01,7.66,5.89,0.69,7.83,0.5,3.68,4.74
2898,6.64,1.01,4.15,4.32,6.36,5.68,9.16,2.68
2899,4.19,1.87,2.4,7.51,8.48,4.57,6.58,4.4
2900,3.43,3.16,1.9,1.55,14.22,8.77,2.39,4.58
2901,2.54,8.27,6.4,3.01,9.01,2.33,2.81,5.63
2902,7.31,1.99,4.54,5.37,3.31,4.08,3.75,9.65
2903,4.06,8.13,1.4,0.6,11.87,9.26,4.4,0.28
2904,9.81,2.28,4.51,3.93,3.83,6.07,8.13,1.44
2905,3.27,5.05,4.13,0.76,4.58,4.87,10.44,6.9
2906,7.84,7.46,5.28,5.6,2.2,5.31,3.81,2.5
2907,3.88,7.72,0.9,8.31,0.66,6.75,5.87,5.91
2908,2.37,8.43,5.47,6.84,3.95,6.07,1.8,5.07
2909,2.46,8.63,6.22,5.22,1.91,9.27,3.94,2.35
2910,0.63,7.24,9.21,4.33,9.29,1.81,2.71,4.78
2911,8.71,5.17,8.05,2.3,2.51,6.05,4.5,2.71
2912,1.23,2.31,4.55,3.46,13.69,4.64,5.63,4.49
2913,4.18,9.4,2.44,8.09,3.76,7.15,3.57,1.41
2914,8.55,4.88,6.74,3.42,5.72,5.41,0.36,4.92
2915,8.46,7.02,5.18,0.64,1.62,1.65,13.82,1.61
2916,8.57,3.75,3.06,5.22,3.33,9.99,3.38,2.7
2917,5.01,3.4,7.01,8.73,6.19,1.58,1.91,6.17
2918,6.1,4.39,2.63,8.7,1.29,3.01,7.43,6.45
2919,7.64,1.0,6.93,6.83,5.42,1.85,4.04,6.29
2920,1.37,10.14,2.69,2.32,3.08,12.37,2.09,5.94
2921,6.57,1.18,5.78,6.25,6.15,3.5,5.53,5.04
2922,9.25,3.22,6.68,1.46,3.2,4.45,7.88,3.86
2923,6.63,7.22,2.23,5.9,8.3,4.26,5.01,0.45
2924,9.05,8.45,5.84,0.45,5.4,6.55,0.4,3.86
2925,4.7,1.24,0.9,9.19,4.84,8.93,3.02,7.18
2926,5.14,5.85,5.05,7.43,3.52,8.11,0.97,3.93
2927,8.05,4.6,7.87,1.82,3.0,6.21,3.25,5.2
2928,6.97,3.7,3.23,4.3,3.35,7.15,2.18,9.12
2929,7.07,5.4,5.15,6.16,1.59,0.63,3.07,10.93
2930,3.61,7.43,8.52,3.01,2.22,8.87,2.75,3.59
2931,0.71,6.31,5.84,6.95,1.15,8.84,9.14,1.06
2932,2.71,4.07,1.46,2.42,14.53,1.21,6.05,7.55
2933,5.38,5.07,5.7,1.9,0.87,6.91,8.27,5.9
2934,7.48,6.4,3.29,4.85,7.61,2.33,2.41,5.63
2935,7.22,4.82,2.83,5.73,2.65,3.66,4.71,8.38
2936,9.37,7.89,4.69,0.76,1.72,3.92,1.49,10.16
2937,6.59,8.96,7.04,6.12,2.74,4.85,3.34,0.36
2938,1.85,10.42,9.14,5.85,4.3,4.52,1.39,2.53
2939,6.52,5.13,8.61,4.98,2.51,3.31,6.52,2.42
2940,8.83,6.66,7.22,2.37,2.66,5.84,1.44,4.98
2941,9.79,4.77,7.36,2.96,0.48,0.67,11.48,2.49
2942,3.57,6.3,6.21,3.64,9.3,3.7,2.03,5.25
2943,3.4,5.94,7.02,4.33,2.34,4.35,12.19,0.43
2944,3.26,1.32,9.05,7.68,4.13,0.78,1.27,12.51
2945,2.84,3.67,0.6,13.05,4.93,4.78,1.25,8.88
2946,3.4,0.68,10.68,1.21,8.34,3.24,9.93,2.52
2947,5.08,4.68,6.97,0.8,8.54,3.6,2.67,7.66
2948,6.13,9.2,1.08,5.02,3.82,0.95,11.66,2.14
2949,8.11,4.36,8.76,2.03,2.26,2.69,7.92,3.87
2950,6.63,9.02,8.03,2.93,5.95,1.05,5.53,0.86
2951,5.14,5.44,1.71,5.03,3.82,10.68,2.86,5.32
2952,7.96,6.74,1.19,1.88,4.39,4.02,13.3,0.52
2953,3.55,8.5,9.2,6.42,2.06,1.04,2.9,6.33
2954,6.09,4.44,7.46,2.86,5.86,1.78,7.64,3.87
2955,7.62,8.62,0.46,8.04,1.55,6.57,3.02,4.12
2956,8.93,3.81,5.77,1.12,8.52,3.44,8.11,0.3
2957,6.11,4.13,9.53,0.49,5.9,2.63,1.51,9.7
2958,1.39,4.29,1.03,9.45,10.4,5.02,2.45,5.97
2959,1.97,9.75,8.04,4.01,3.73,5.57,6.54,0.39
2960,6.48,7.29,1.05,4.74,9.57,3.31,1.75,5.81
2961,5.27,3.27,4.15,6.86,1.93,7.74,5.95,4.83
2962,7.97,2.7,7.32,4.47,5.74,3.15,5.54,3.11
2963,9.63,8.44,6.19,1.72,3.12,5.48,4.33,1.09
2964,9.35,2.57,4.16,0.51,1.06,11.8,1.77,8.78
2965,3.56,7.4,4.6,6.02,9.05,3.16,2.83,3.38
2966,5.99,4.93,3.81,1.27,5.04,4.51,5.09,9.36
2967,2.33,2.76,9.78,3.9,9.06,1.57,9.4,1.2
2968,9.61,1.27,3.19,3.93,5.86,8.21,2.21,5.72
2969,3.61,9.71,6.6,5.2,1.14,7.21,5.71,0.82
2970,6.96,5.19,2.91,2.66,0.84,8.42,10.1,2.92
2971,3.32,6.4,4.31,1.95,1.35,7.48,14.07,1.12
2972,2.13,4.04,6.79,1.04,1.86,12.68,6.54,4.92
2973,8.14,3.95,0.91,5.13,4.62,4.65,4.16,8.44
2974,8.3,5.78,4.98,1.92,5.31,5.33,1.07,7.31
2975,7.1,6.59,7.71,5.1,3.97,5.37,1.81,2.35
2976,8.7,4.19,2.93,6.67,5.16,4.43,1.18,6.74
2977,6.5,3.78,7.5,6.52,3.58,7.84,2.09,2.19
2978,4.12,5.49,5.52,1.64,7.26,2.42,7.67,5.88
2979,4.92,2.1,10.3,1.85,10.4,3.79,1.48,5.16
2980,0.52,4.88,7.5,10.25,0.77,8.2,3.59,4.29
2981,8.07,8.91,7.03,1.32,1.03,4.6,1.52,7.52
2982,7.73,1.27,4.51,10.56,1.87,1.01,2.71,10.34
2983,9.33,4.88,6.17,4.84,4.25,3.5,1.3,5.73
2984,0.96,6.17,10.52,4.55,7.32,3.94,5.75,0.79
2985,7.14,7.62,0.5,6.78,4.45,6.91,0.5,6.1
2986,5.14,5.61,4.66,3.55,7.02,7.36,4.47,2.19
2987,9.97,5.33,2.32,7.67,2.28,2.23,3.19,7.01
2988,0.63,7.97,3.23,5.08,1.01,12.96,0.63,8.49
2989,2.94,4.7,10.23,8.38,6.5,1.0,5.4,0.85
2990,1.68,5.99,7.59,9.87,6.45,3.21,1.68,3.53
2991,2.83,2.4,9.43,2.01,10.75,7.43,4.11,1.04
2992,5.93,1.61,6.68,3.43,1.01,1.25,18.99,1.1
2993,7.12,6.09,0.74,4.12,7.53,4.59,6.66,3.15
2994,5.22,3.86,4.12,6.9,8.06,5.91,3.12,2.81
2995,7.11,5.1,6.87,6.68,1.48,6.16,0.85,5.75
2996,3.15,4.42,0.76,8.15,5.85,9.2,0.99,7.48
2997,2.71,10.42,5.74,1.98,6.19,3.97,0.6,8.39
2998,9.3,3.91,2.64,6.9,0.78,8.84,4.89,2.74
2999,5.73,1.63,9.45,0.93,8.66,1.99,6.86,4.75
3000,5.19,7.33,7.67,3.64,0.54,0.72,11.17,3.74
3001,0.53,2.81,10.67,6.93,9.09,6.39,2.25,1.33
3002,2.32,8.43,2.9,5.9,9.82,4.45,3.1,3.08
3003,2.64,4.6,8.03,1.02,2.24,5.94,11.18,4.35
3004,0.63,9.64,5.44,2.1,2.81,10.99,8.16,0.23
3005,1.68,8.98,0.59,2.27,3.33,10.23,12.83,0.09
3006,1.43,9.34,9.04,2.27,2.9,3.85,9.34,1.83
3007,2.01,2.96,4.76,10.51,0.64,5.53,3.14,10.45
3008,3.55,8.52,0.65,8.94,2.05,5.11,2.04,9.14
3009,5.08,6.69,5.0,4.33,5.68,8.49,0.4,4.33
3010,8.42,8.73,3.13,7.35,3.28,5.55,2.95,0.59
3011,7.93,6.03,1.98,3.82,4.92,9.95,1.1,4.27
3012,2.77,3.6,7.62,7.58,1.78,5.37,6.97,4.31
3013,2.11,0.63,7.93,6.2,0.73,8.57,8.45,5.38
3014,7.95,8.74,4.38,6.98,5.25,2.03,1.14,3.53
3015,8.71,6.85,4.55,4.51,6.2,0.9,2.73,5.55
3016,7.69,8.91,4.52,5.58,0.82,4.88,5.94,1.66
3017,0.8,3.59,5.3,3.79,2.63,1.52,15.39,6.98
3018,2.46,0.83,4.78,10.56,4.71,4.73,2.06,9.87
3019,5.45,4.31,2.85,2.13,2.2,10.89,4.99,7.18
3020,3.64,8.14,5.37,4.42,1.57,3.83,11.25,1.78
3021,8.93,0.9,3.14,8.4,4.91,8.22,3.21,2.29
3022,7.96,8.17,7.26,1.91,3.3,3.11,4.58,3.71
3023,6.73,7.48,8.17,7.03,4.1,1.85,1.87,2.77
3024,5.29,2.6,5.44,7.88,5.75,1.31,1.49,10.24
3025,2.33,4.42,6.6,3.58,3.05,5.59,3.84,10.59
3026,4.58,7.03,5.65,2.48,4.57,4.06,6.55,5.08
3027,3.35,9.33,3.14,5.77,8.88,4.89,0.61,4.03
3028,6.68,7.3,4.05,2.9,0.5,8.16,4.31,6.1
3029,6.04,2.73,8.8,7.73,1.36,4.33,5.37,3.64
3030,0.9,3.77,2.31,11.05,6.36,5.15,2.1,8.36
3031,1.09,2.59,4.06,1.84,3.98,8.34,9.31,8.79
3032,6.95,7.28,2.59,8.25,3.52,3.51,4.91,2.99
3033,4.36,9.32,5.31,6.65,1.74,2.59,1.87,8.16
3034,3.98,1.39,2.48,8.39,3.71,6.71,5.14,8.2
3035,9.22,4.43,0.77,8.05,6.07,1.92,0.63,8.91
3036,3.38,1.85,9.43,7.99,6.4,2.8,7.19,0.96
3037,6.09,2.8,6.37,5.53,7.98,6.24,4.81,0.18
3038,7.99,3.25,8.81,3.46,5.99,1.47,6.33,2.7
3039,2.32,9.42,6.49,4.3,2.53,3.79,7.65,3.5
3040,9.47,3.51,3.5,7.29,7.03,4.8,1.87,2.53
3041,1.54,5.88,9.99,7.26,0.45,7.45,5.3,2.13
3042,3.05,1.5,5.5,10.4,3.21,6.2,3.06,7.08
3043,5.75,2.34,4.65,5.5,8.97,6.92,5.26,0.61
3044,2.56,10.64,0.84,9.75,3.1,0.77,6.17,6.17
3045,1.42,6.16,10.61,1.87,2.83,7.65,1.44,8.02
3046,2.32,7.5,3.38,5.38,8.39,2.67,0.82,9.54
3047,0.75,8.46,6.52,8.43,4.24,3.53,2.07,6.0
3048,9.1,2.34,8.73,6.65,4.54,2.13,4.7,1.81
3049,1.6,10.62,4.92,0.64,3.45,11.5,4.05,3.22
3050,9.06,3.37,4.41,6.53,4.05,3.99,7.22,1.37
3051,8.8,4.76,2.16,9.46,4.91,3.1,0.85,5.96
3052,4.67,4.71,2.96,2.06,6.82,5.67,2.23,10.88
3053,4.6,1.3,1.99,11.73,6.05,3.13,10.41,0.79
3054,3.19,3.53,3.95,3.41,8.07,8.16,8.58,1.11
3055,5.97,0.86,0.72,7.27,12.0,6.68,0.33,6.17
3056,7.83,2.48,6.4,8.56,2.78,4.67,3.95,3.33
3057,4.41,3.15,2.36,5.39,3.66,14.02,6.36,0.65
3058,7.5,4.44,5.44,6.42,6.04,5.49,3.09,1.58
3059,5.64,3.84,0.76,6.87,1.96,13.74,1.74,5.45
3060,7.65,5.24,2.8,0.61,9.17,1.71,9.62,3.2
3061,1.59,7.85,7.32,5.88,4.79,6.65,1.5,4.42
3062,4.97,7.93,1.09,0.85,1.59,6.67,9.1,7.8
3063,4.27,5.35,7.01,4.75,4.96,2.88,6.13,4.65
3064,7.25,8.94,1.9,2.76,6.08,7.21,4.13,1.73
3065,1.35,1.86,4.62,11.08,3.4,11.78,1.23,4.68
3066,8.82,0.94,4.47,9.88,7.51,1.59,0.58,6.21
3067,3.82,9.85,2.03,8.77,7.38,1.01,2.28,4.86
3068,6.24,5.54,2.24,3.12,4.11,9.48,4.03,5.24
3069,8.03,2.32,9.18,1.92,2.48,1.24,14.06,0.77
3070,8.02,4.44,1.3,4.35,3.74,9.28,4.44,4.43
3071,4.94,9.23,1.51,6.58,5.36,5.26,1.73,5.39
3072,6.26,1.31,5.63,2.34,4.0,3.65,7.15,9.66
3073,5.01,8.76,2.45,6.58,2.35,6.54,4.02,4.29
3074,6.75,3.4,3.0,0.91,9.65,1.14,14.55,0.6
3075,1.3,10.95,6.87,0.65,1.79,4.76,5.45,8.23
3076,9.62,6.98,1.36,3.71,4.14,9.38,2.88,1.93
3077,5.21,8.03,3.97,8.59,4.13,6.29,3.04,0.74
3078,3.3,6.16,7.39,1.52,5.26,10.27,6.07,0.03
3079,9.83,2.21,5.84,5.59,1.27,9.31,5.14,0.81
3080,3.74,7.48,2.33,6.04,5.76,1.31,3.8,9.54
3081,4.28,3.66,7.01,6.68,6.47,3.73,2.33,5.84
3082,7.23,9.34,6.9,4.15,2.25,6.12,1.84,2.17
3083,5.51,0.76,10.27,7.25,1.33,2.82,8.89,3.17
3084,7.04,5.54,8.17,6.15,4.65,0.82,4.66,2.97
3085,8.05,6.33,8.35,2.42,4.38,6.53,3.55,0.39
3086,9.61,1.23,8.19,1.77,2.7,10.46,3.76,2.28
3087,4.41,2.87,2.86,11.59,2.07,7.34,8.26,0.6
3088,2.42,8.83,1.02,5.44,6.59,5.49,4.16,6.05
3089,0.91,6.11,10.97,6.67,2.88,2.06,7.54,2.86
3090,7.67,3.39,2.66,0.86,6.5,6.15,11.72,1.05
3091,2.92,4.11,5.74,7.6,4.41,9.78,0.32,5.12
3092,2.51,9.12,1.16,9.86,5.37,4.89,5.5,1.59
3093,9.48,0.86,2.96,4.95,7.98,9.16,0.83,3.78
3094,6.87,3.36,0.8,10.34,6.46,1.59,7.05,3.53
3095,3.63,3.92,5.77,5.11,2.5,1.04,12.22,5.81
3096,4.34,5.34,5.65,1.51,3.82,9.44,2.46,7.44
3097,4.22,8.23,3.75,4.24,2.06,5.04,2.14,10.32
3098,4.07,5.47,0.51,7.4,11.13,1.03,6.84,3.55
3099,4.46,4.97,6.85,7.32,7.52,1.68,5.78,1.42
3100,1.01,0.64,2.67,3.11,3.66,7.12,9.35,12.44
3101,5.27,4.8,7.23,1.51,1.11,9.8,0.6,9.68
3102,1.17,8.23,8.55,6.44,5.66,1.38,1.07,7.5
3103,5.37,2.24,6.77,5.87,5.84,4.83,5.79,3.29
3104,7.39,1.19,7.5,2.57,3.13,8.93,6.81,2.48
3105,5.28,7.33,2.12,9.61,1.91,4.07,5.22,4.46
3106,1.89,9.91,0.68,8.8,7.19,5.05,2.47,4.01
3107,9.74,5.59,6.22,1.98,6.48,3.69,4.44,1.86
3108,6.78,3.65,6.86,2.85,3.14,8.5,2.7,5.52
3109,9.97,4.25,5.48,3.28,4.09,4.09,3.69,5.15
3110,6.03,5.18,3.41,6.73,1.1,9.01,2.34,6.2
3111,7.68,5.96,7.34,7.35,5.23,0.87,4.44,1.13
3112,0.69,6.74,2.47,4.76,12.59,7.68,1.14,3.93
3113,1.52,0.58,10.46,4.63,3.94,11.48,6.71,0.68
3114,7.88,1.34,6.88,6.47,2.59,0.96,13.84,0.04
3115,2.36,4.63,2.53,4.8,5.68,2.5,9.79,7.71
3116,9.09,0.5,1.76,3.19,1.38,3.82,2.36,17.9
3117,8.04,1.83,9.86,4.96,0.91,9.15,0.75,4.5
3118,4.81,4.69,1.26,6.22,3.58,2.42,6.64,10.38
3119,4.3,1.6,6.76,5.8,7.4,3.31,0.68,10.15
3120,0.81,1.08,1.08,12.41,3.07,2.5,14.94,4.11
3121,1.36,4.25,5.87,9.78,7.31,5.02,1.92,4.49
3122,2.74,4.13,6.36,10.31,7.07,4.67,1.52,3.2
3123,2.75,7.46,9.33,1.94,2.72,0.86,11.84,3.1
3124,2.25,3.52,6.34,3.06,7.51,8.13,0.73,8.46
3125,6.87,5.1,5.95,0.75,7.92,4.42,5.45,3.54
3126,9.25,5.13,6.85,1.73,8.27,3.97,2.08,2.72
3127,0.94,1.78,6.13,10.96,4.89,3.5,5.22,6.58
3128,2.87,3.01,4.68,6.83,8.06,4.56,4.52,5.47
3129,5.56,7.56,8.57,0.97,3.62,1.54,2.36,9.82
3130,0.83,3.29,2.33,13.22,4.61,4.96,7.71,3.05
3131,8.16,3.33,7.71,4.08,8.18,1.74,6.16,0.64
3132,2.81,6.84,1.18,2.07,1.52,11.48,5.52,8.58
3133,5.23,2.15,4.66,10.07,2.63,5.17,3.06,7.03
3134,2.55,2.47,2.38,5.72,4.04,9.81,7.84,5.19
3135,3.27,2.87,8.71,6.19,7.04,1.51,10.1,0.31
3136,4.17,6.42,6.87,7.37,3.06,3.83,6.72,1.56
3137,7.46,4.25,6.39,8.47,1.76,1.15,2.55,7.97
3138,0.91,6.66,1.96,6.95,4.53,0.94,11.86,6.19
3139,4.05,3.97,2.47,1.22,7.9,3.35,1.94,15.1
3140,0.8,2.05,8.48,7.61,6.5,8.72,3.14,2.7
3141,7.02,5.64,5.25,8.62,4.71,5.13,2.93,0.7
3142,3.7,2.64,9.0,8.98,6.76,0.33,6.78,1.81
3143,6.31,1.41,8.28,1.14,9.87,6.85,5.26,0.88
3144,3.63,5.69,6.74,4.03,9.31,6.03,3.27,1.3
3145,2.36,1.49,2.57,12.55,2.51,2.24,12.3,3.98
3146,6.04,7.18,6.94,6.39,6.42,3.85,0.57,2.61
3147,2.85,7.89,1.77,10.78,6.75,3.21,1.98,4.77
3148,6.9,3.8,1.31,1.68,7.83,4.77,5.92,7.79
3149,6.1,2.55,6.71,8.89,4.3,1.72,7.94,1.79
3150,7.24,6.38,8.1,3.41,3.56,1.29,9.81,0.21
3151,8.43,1.28,2.4,0.69,13.0,5.94,7.96,0.3
3152,8.84,6.94,7.79,2.42,4.21,4.06,5.54,0.2
3153,5.33,4.92,0.55,0.68,8.32,5.41,2.58,12.21
3154,1.86,3.39,6.34,4.61,2.56,2.14,1.4,17.7
3155,4.18,7.45,8.49,7.39,1.86,2.93,3.09,4.61
3156,5.31,5.17,4.4,1.62,4.94,5.52,8.31,4.73
3157,8.47,1.76,3.11,10.36,7.11,5.29,3.49,0.41
3158,7.72,6.08,2.6,5.14,6.02,3.83,6.36,2.25
3159,2.96,6.91,1.19,7.02,8.34,4.98,7.18,1.42
3160,1.81,5.53,5.91,7.93,4.83,6.36,0.87,6.76
3161,8.11,6.32,3.33,5.85,6.16,5.99,2.02,2.22
3162,7.97,2.21,4.84,9.27,5.83,4.52,3.03,2.33
3163,3.25,8.63,0.92,0.92,5.07,2.29,15.03,3.89
3164,5.57,3.74,1.77,4.96,11.24,7.18,0.44,5.1
3165,8.13,1.84,4.07,7.66,2.99,9.76,4.88,0.67
3166,5.18,4.17,7.7,4.75,8.77,1.58,6.95,0.9
3167,6.59,6.38,5.51,6.87,7.27,4.9,0.21,2.27
3168,8.11,6.67,1.47,3.38,0.81,10.5,2.71,6.35
3169,3.01,7.78,5.61,2.1,1.21,5.96,4.36,9.97
3170,6.76,8.69,6.26,7.07,4.33,4.43,2.02,0.44
3171,3.49,6.1,3.47,7.45,3.38,8.59,1.69,5.83
3172,1.38,5.13,7.23,10.28,5.54,3.77,6.34,0.33
3173,5.98,0.86,6.82,6.54,8.88,4.85,4.27,1.8
3174,4.36,5.56,1.53,4.62,5.05,9.79,2.77,6.32
3175,1.83,10.05,5.7,2.07,0.68,5.27,7.09,7.31
3176,1.73,1.15,3.51,6.52,1.47,6.5,6.22,12.9
3177,4.2,9.3,1.43,5.2,5.73,8.8,1.86,3.48
3178,9.29,1.4,2.09,2.0,11.81,0.49,10.4,2.52
3179,9.05,7.26,5.67,1.7,2.0,7.38,5.17,1.77
3180,5.33,3.75,2.31,4.38,2.95,6.53,12.78,1.97
3181,1.66,2.83,3.54,12.6,3.19,5.41,2.36,8.41
3182,6.63,5.5,8.96,4.45,3.62,6.2,1.09,3.55
3183,6.19,0.97,9.43,0.57,2.86,1.18,17.26,1.54
3184,3.67,4.87,2.1,7.43,8.03,0.84,4.22,8.84
3185,1.14,1.15,6.83,2.48,9.26,6.71,2.64,9.79
3186,8.74,3.76,6.36,5.53,4.38,1.93,2.22,7.08
3187,0.76,4.75,1.09,7.89,6.75,1.3,1.73,15.73
3188,5.42,9.62,4.09,5.75,1.74,0.94,4.05,8.39
3189,1.44,2.15,5.94,7.75,5.84,4.34,12.22,0.32
3190,8.94,7.57,2.28,1.62,4.35,5.48,7.74,2.02
3191,1.41,7.6,9.83,3.9,4.68,5.24,0.59,6.75
3192,8.75,8.14,2.77,3.34,1.24,8.13,1.74,5.89
3193,3.65,9.99,4.8,2.51,1.55,7.62,2.49,7.39
3194,4.0,0.61,3.86,8.24,7.38,4.41,2.87,8.63
3195,8.87,3.21,8.65,7.39,0.87,3.13,2.9,4.98
3196,9.08,6.43,3.39,1.3,6.38,2.2,7.27,3.95
3197,8.0,4.43,5.78,3.97,4.9,6.42,0.4,6.1
3198,7.38,4.74,3.43,1.02,8.24,6.03,4.22,4.94
3199,5.87,1.98,3.51,4.69,10.3,6.23,4.25,3.17
3200,4.68,2.03,4.8,8.2,9.71,4.03,6.51,0.04
3201,6.86,7.39,2.97,4.12,3.64,1.51,13.19,0.32
3202,4.07,5.08,8.72,2.22,1.22,12.42,2.56,3.71
3203,8.39,0.46,4.98,5.71,0.82,4.77,3.69,11.18
3204,8.33,6.79,7.59,5.95,5.05,2.3,2.57,1.42
3205,7.25,2.37,5.55,3.83,7.82,3.83,6.46,2.89
3206,8.89,6.38,1.34,1.9,5.37,8.32,3.24,4.56
3207,7.37,4.58,2.41,3.4,8.51,4.27,8.29,1.17
3208,3.37,2.85,6.04,4.21,11.2,1.71,9.88,0.74
3209,7.7,0.53,0.91,3.18,11.02,11.04,3.39,2.23
3210,5.47,5.22,8.66,3.52,2.05,2.62,3.11,9.35
3211,9.38,8.39,7.28,1.33,3.9,1.43,6.33,1.96
3212,5.41,1.4,4.04,4.37,0.77,13.17,3.91,6.93
3213,0.82,11.08,0.71,1.14,3.18,2.58,16.09,4.4
3214,9.38,7.22,2.82,1.86,9.15,3.92,3.29,2.36
3215,7.6,2.98,2.56,6.09,1.78,7.91,4.04,7.04
3216,1.36,9.14,1.53,6.36,10.14,1.07,0.92,9.48
3217,0.87,9.45,8.42,5.09,1.46,4.17,8.42,2.12
3218,6.64,1.0,6.75,6.0,6.76,2.38,3.28,7.19
3219,3.04,5.31,0.88,9.07,3.47,9.22,1.04,7.97
3220,6.69,6.87,7.39,6.3,5.56,4.43,0.46,2.3
3221,4.65,1.75,4.29,10.54,2.89,9.84,5.47,0.57
3222,0.55,6.07,6.57,8.33,7.39,4.09,5.63,1.37
3223,7.06,3.99,9.02,4.29,5.67,2.2,2.42,5.35
3224,7.1,7.02,2.68,7.08,3.04,8.39,3.13,1.56
3225,3.69,9.58,2.69,1.25,11.18,3.73,0.79,7.09
3226,5.54,5.84,6.38,8.33,2.79,0.89,9.44,0.79
3227,9.79,1.41,3.33,8.92,3.11,3.76,7.76,1.92
3228,8.47,8.36,6.01,0.39,5.57,2.65,7.48,1.07
3229,0.82,5.72,7.05,1.44,3.31,8.5,3.19,9.97
3230,5.46,0.6,2.95,9.95,8.41,7.66,2.84,2.13
3231,0.78,10.14,6.63,5.78,4.64,2.76,8.46,0.81
3232,4.07,3.38,4.17,2.04,7.22,11.76,0.86,6.5
3233,5.48,9.58,7.23,4.03,1.93,0.53,4.03,7.19
3234,8.75,7.19,6.62,0.94,1.21,9.97,4.22,1.1
3235,7.97,1.17,9.79,7.94,3.34,4.57,4.44,0.78
3236,6.96,6.63,5.62,2.14,8.15,5.64,1.45,3.41
3237,3.67,5.0,6.28,0.62,9.93,8.63,2.96,2.91
3238,8.82,8.62,5.1,4.02,3.52,3.8,0.54,5.58
3239,9.52,4.14,6.57,3.71,5.28,0.72,2.53,7.53
3240,9.59,0.45,2.94,9.42,2.27,0.98,7.28,7.07
3241,5.93,4.5,3.19,0.86,3.92,10.09,6.46,5.05
3242,3.19,4.23,2.18,11.05,2.5,8.47,4.44,3.94
3243,8.11,7.52,7.29,0.82,5.77,4.79,2.83,2.87
3244,8.24,0.65,6.84,0.85,3.67,11.92,2.25,5.58
3245,4.06,7.84,0.94,6.83,8.46,5.69,5.78,0.4
3246,2.2,9.51,5.34,3.44,4.17,9.84,2.99,2.51
3247,7.54,3.91,6.72,2.33,5.02,1.39,2.43,10.66
3248,3.62,8.01,3.12,10.06,5.33,1.57,6.85,1.44
3249,2.19,1.71,6.6,10.02,4.79,7.83,3.33,3.53
3250,5.87,7.61,2.3,4.96,2.22,1.0,2.45,13.59
3251,4.37,4.63,0.92,10.26,7.0,1.46,1.21,10.15
3252,6.61,7.27,5.98,3.42,7.1,5.81,2.08,1.73
3253,6.76,7.49,4.33,3.69,5.93,2.55,1.68,7.57
3254,1.63,2.13,3.48,5.8,1.68,11.59,1.13,12.56
3255,0.72,1.53,0.81,2.62,6.14,0.99,22.79,4.4
3256,6.76,4.19,1.12,1.6,1.56,8.02,12.25,4.5
3257,7.47,3.49,7.51,1.48,4.68,7.24,6.33,1.8
3258,2.86,5.79,9.24,7.67,5.83,4.12,3.4,1.09
3259,1.27,3.15,9.35,10.29,1.61,4.27,7.56,2.5
3260,9.58,4.04,4.36,2.0,6.79,2.65,1.74,8.84
3261,9.29,4.4,2.37,5.04,0.88,4.18,13.3,0.54
3262,4.22,1.03,5.0,7.98,8.85,6.92,4.73,1.27
3263,0.98,9.04,6.51,4.39,5.23,7.02,4.74,2.09
3264,9.59,5.78,1.08,7.1,4.63,1.84,3.06,6.92
3265,3.93,7.69,1.46,2.06,8.56,9.74,1.37,5.19
3266,8.13,0.99,1.89,0.78,4.25,11.68,9.49,2.79
3267,5.23,1.22,3.63,10.9,6.35,4.54,2.21,5.92
3268,3.08,2.02,2.78,12.13,9.54,0.42,9.59,0.44
3269,8.87,8.67,1.6,3.46,6.07,3.86,2.67,4.8
3270,9.03,3.67,3.81,1.83,5.71,9.84,1.6,4.51
3271,5.94,2.8,4.17,3.12,11.13,1.68,10.21,0.95
3272,8.47,0.66,1.97,4.36,7.12,5.21,8.67,3.54
3273,1.21,7.89,4.74,7.35,8.54,6.84,1.57,1.86
3274,6.24,8.92,1.96,7.88,5.6,5.87,1.48,2.05
3275,8.06,1.47,3.17,6.18,8.52,2.16,8.88,1.56
3276,3.4,9.61,5.82,2.22,4.81,8.69,0.39,5.06
3277,2.83,4.09,7.59,2.82,2.81,13.13,3.16,3.57
3278,3.53,2.82,9.92,2.25,1.85,3.28,4.27,12.08
3279,8.27,7.52,3.85,7.82,2.45,3.39,6.67,0.03
3280,6.86,1.07,4.95,1.33,4.79,13.78,4.99,2.23
3281,7.66,8.65,3.62,6.01,2.0,5.06,0.73,6.27
3282,2.02,4.22,1.29,1.04,2.38,3.02,12.77,13.26
3283,4.68,8.15,4.21,3.42,4.58,9.24,5.21,0.51
3284,5.75,9.52,3.04,5.38,6.73,3.34,4.68,1.56
3285,5.75,0.77,7.25,0.58,8.54,0.84,15.46,0.81
3286,7.46,6.87,6.46,3.2,7.19,3.89,0.88,4.05
3287,7.08,1.4,9.15,7.52,3.7,6.41,1.63,3.11
3288,3.98,10.28,7.14,0.8,6.34,7.18,2.73,1.55
3289,9.34,7.76,6.54,6.49,2.67,1.16,5.63,0.41
3290,6.13,2.16,8.5,2.38,5.08,7.59,2.65,5.51
3291,4.38,0.6,7.06,3.99,5.84,9.8,5.62,2.71
3292,6.61,3.9,4.43,1.69,6.15,2.4,1.22,13.6
3293,8.89,1.72,1.97,9.18,3.38,3.92,10.14,0.8
3294,2.93,9.95,4.92,1.21,7.18,3.25,3.32,7.24
3295,7.17,7.16,2.81,2.76,4.46,4.37,10.33,0.94
3296,6.26,2.02,5.96,2.12,9.37,5.41,2.09,6.77
3297,4.42,4.55,7.68,1.06,10.39,5.83,3.69,2.38
3298,1.89,7.4,8.34,7.21,5.61,3.92,1.6,4.03
3299,2.45,1.39,6.2,5.94,9.53,8.63,4.45,1.41
3300,7.16,1.51,6.0,6.35,2.16,6.4,7.68,2.74
3301,6.49,7.19,4.1,7.32,7.11,0.6,5.55,1.64
3302,6.58,1.79,2.68,9.55,6.11,4.3,2.97,6.02
3303,2.55,2.18,3.24,8.37,2.27,4.11,5.09,12.19
3304,2.64,9.43,6.32,3.64,0.7,0.99,3.23,13.05
3305,6.82,8.82,7.17,2.88,7.07,2.69,2.61,1.94
3306,5.29,7.17,8.02,5.82,4.28,2.5,2.6,4.32
3307,4.19,5.48,3.11,10.81,5.83,4.58,1.36,4.64
3308,1.13,0.64,1.94,8.05,3.21,15.2,8.01,1.82
3309,6.56,0.52,6.98,4.93,4.85,4.96,3.27,7.93
3310,2.08,4.3,10.01,6.22,8.19,5.25,1.07,2.88
3311,4.51,9.35,3.91,7.02,2.89,7.52,0.62,4.18
3312,3.35,1.29,10.69,5.45,4.7,3.74,9.44,1.34
3313,3.43,2.74,3.03,4.3,11.04,9.81,4.29,1.36
3314,1.04,9.0,0.64,1.81,9.79,11.39,5.19,1.14
3315,7.76,7.16,1.22,7.76,5.28,5.71,3.33,1.78
3316,9.2,4.4,0.77,8.0,2.99,4.2,4.07,6.37
3317,2.28,3.12,6.86,1.41,4.05,14.75,4.93,2.6
3318,4.18,1.51,3.47,10.55,1.46,0.95,13.84,4.04
3319,8.87,4.05,6.94,4.76,6.73,1.77,5.65,1.23
3320,3.99,8.08,5.52,3.82,5.14,8.19,2.99,2.27
3321,2.07,8.24,8.11,1.53,8.99,1.55,4.43,5.08
3322,7.6,3.22,1.69,4.1,11.06,4.77,7.45,0.11
3323,0.93,9.93,1.51,0.87,4.49,7.83,6.72,7.72
3324,9.81,3.24,8.32,5.69,4.77,3.18,2.67,2.32
3325,0.82,5.89,4.9,5.57,5.4,9.08,6.83,1.51
3326,3.49,8.42,2.36,2.15,11.77,3.86,2.07,5.88
3327,8.34,6.89,3.89,7.0,0.95,5.41,6.91,0.61
3328,2.48,7.17,2.97,9.71,1.39,8.38,6.21,1.69
3329,7.28,8.81,4.31,7.5,0.7,7.48,3.66,0.26
3330,2.15,5.64,3.77,9.35,0.75,11.71,3.37,3.26
3331,3.02,0.63,2.06,4.46,1.72,5.15,15.61,7.35
3332,6.38,3.58,8.53,8.39,3.34,5.14,0.39,4.25
3333,6.14,2.37,4.32,1.76,5.54,12.83,6.05,0.99
3334,5.24,3.85,1.31,6.43,6.15,3.38,8.75,4.89
3335,6.84,4.35,2.3,7.96,1.33,7.81,4.95,4.46
3336,7.3,9.22,2.89,5.9,2.01,6.68,4.57,1.43
3337,8.04,7.89,1.21,3.29,7.38,5.18,2.42,4.59
3338,9.64,2.72,4.9,3.46,4.89,0.85,4.08,9.46
3339,0.58,5.64,2.08,7.95,2.51,10.99,2.14,8.11
3340,4.34,3.82,1.33,2.28,3.1,11.16,10.22,3.75
3341,0.89,7.24,8.18,3.92,6.5,1.64,2.88,8.75
3342,2.53,4.06,5.28,7.42,3.45,1.57,10.54,5.15
3343,7.23,1.55,7.38,9.03,5.59,5.39,3.02,0.81
3344,5.99,5.94,6.2,8.43,6.35,1.61,4.53,0.95
3345,8.12,4.32,2.47,7.51,2.67,7.6,2.18,5.13
3346,5.03,5.47,2.6,2.19,6.74,4.16,3.48,10.33
3347,4.39,4.93,8.12,1.85,1.75,9.62,5.18,4.16
3348,3.69,7.17,6.03,8.81,2.22,2.38,2.7,7.0
3349,9.33,1.44,2.97,4.2,1.0,11.52,5.85,3.69
3350,8.79,0.68,9.53,7.38,3.95,4.52,2.9,2.25
3351,1.27,0.56,9.2,5.24,2.62,11.37,1.81,7.93
3352,4.5,1.42,4.89,11.45,2.0,1.42,13.39,0.93
3353,6.33,0.64,5.92,8.4,8.82,2.82,3.63,3.44
3354,7.89,2.72,3.27,4.98,1.66,5.8,5.29,8.39
3355,6.78,5.63,4.49,4.25,2.04,7.61,4.16,5.04
3356,8.99,7.04,2.8,4.72,2.45,5.27,4.68,4.05
3357,0.99,6.09,2.88,7.6,10.03,1.8,8.21,2.4
3358,3.64,2.25,2.62,9.86,0.97,2.01,3.51,15.14
3359,8.47,0.61,3.67,10.19,1.76,3.95,0.93,10.42
3360,3.24,4.47,4.45,5.62,1.18,8.43,4.3,8.31
3361,2.58,3.13,9.28,1.71,2.35,9.68,2.16,9.11
3362,5.43,2.85,4.27,10.57,1.48,6.31,0.88,8.21
3363,4.26,2.32,3.28,3.12,5.28,9.68,7.23,4.83
3364,7.59,2.66,7.73,1.25,3.91,3.84,0.68,12.34
3365,2.23,6.26,1.49,5.76,3.48,9.32,5.28,6.18
3366,3.47,5.63,9.79,3.39,6.77,4.74,5.74,0.47
3367,3.86,2.36,6.23,3.91,2.85,2.06,2.44,16.29
3368,0.8,10.96,7.98,7.04,5.28,3.62,3.94,0.38
3369,8.21,2.17,4.29,3.59,9.81,0.65,2.27,9.01
3370,0.61,4.02,1.94,2.75,2.31,9.77,6.11,12.49
3371,9.52,4.86,1.09,3.86,5.21,1.69,5.2,8.57
3372,2.83,6.88,4.44,9.67,5.9,2.91,1.41,5.96
3373,3.93,1.94,2.24,12.4,7.68,5.11,4.91,1.79
3374,9.54,5.89,6.68,7.08,2.19,3.82,3.35,1.45
3375,3.33,0.81,3.87,10.72,5.35,6.99,0.79,8.14
3376,3.23,3.15,7.8,5.48,8.21,2.46,4.72,4.95
3377,2.27,3.01,9.2,4.83,3.03,1.64,12.51,3.51
3378,5.09,5.14,6.35,2.41,1.7,4.34,6.86,8.11
3379,1.95,6.84,9.18,7.97,5.52,3.15,0.51,4.88
3380,8.71,4.78,5.9,6.4,5.01,3.87,0.9,4.43
3381,9.16,7.26,5.38,6.57,0.73,5.43,1.15,4.32
3382,3.64,4.72,9.36,8.58,0.6,3.5,8.96,0.64
3383,3.9,7.86,5.98,3.8,5.57,4.02,8.13,0.74
3384,2.83,6.36,6.04,3.63,2.19,5.92,1.17,11.86
3385,9.84,4.62,2.27,9.24,3.6,6.94,1.67,1.82
3386,2.81,1.98,6.07,8.98,5.4,2.01,6.27,6.48
3387,1.15,3.64,9.95,2.49,0.8,6.89,12.24,2.84
3388,6.43,0.83,6.66,1.12,2.32,13.08,1.0,8.56
3389,7.9,4.92,1.35,8.55,2.29,3.38,10.06,1.55
3390,0.56,10.51,0.56,1.36,5.26,11.73,7.77,2.25
3391,8.66,6.91,3.7,2.01,7.41,2.83,5.68,2.8
3392,5.8,8.97,7.19,3.84,6.56,0.8,4.76,2.08
3393,1.49,0.96,6.7,3.95,7.76,11.23,2.88,5.03
3394,3.64,1.01,4.59,2.84,2.61,12.22,5.63,7.46
3395,6.27,7.96,2.33,2.39,0.67,9.59,9.74,1.05
3396,4.69,1.4,2.73,0.92,10.19,12.69,1.5,5.88
3397,7.86,2.82,1.53,9.27,4.02,8.47,3.1,2.93
3398,9.96,3.31,7.2,2.2,6.04,4.65,1.76,4.88
3399,2.18,5.32,8.53,3.72,7.51,3.52,0.74,8.48
3400,6.74,1.22,4.7,4.81,3.31,2.32,15.74,1.16
3401,2.03,9.41,2.38,4.7,9.87,7.43,3.91,0.27
3402,3.89,2.95,9.24,1.08,9.47,7.12,4.02,2.23
3403,2.01,6.15,3.78,4.55,5.33,11.89,3.31,2.98
3404,3.75,5.42,6.22,5.14,9.36,2.21,0.86,7.04
3405,4.88,6.24,2.24,4.22,4.26,10.56,4.88,2.72
3406,6.4,5.94,4.84,3.48,7.02,2.01,2.04,8.27
3407,5.35,5.58,5.63,9.06,1.89,7.95,1.01,3.53
3408,2.32,9.31,9.31,5.47,0.74,7.69,0.56,4.6
3409,3.66,7.24,2.47,4.13,9.16,3.86,9.43,0.05
3410,0.89,4.22,2.11,7.4,6.87,3.55,5.67,9.29
3411,6.48,2.4,2.79,5.29,8.81,8.36,0.31,5.56
3412,1.92,9.23,4.39,4.29,2.33,10.32,2.16,5.36
3413,5.39,5.35,7.85,8.25,4.75,2.51,5.53,0.37
3414,2.75,7.6,9.77,3.43,7.28,5.3,3.51,0.36
3415,1.42,8.93,0.73,11.04,6.26,3.15,6.5,1.97
3416,6.83,6.34,7.11,4.44,4.54,2.35,4.73,3.66
3417,5.68,3.85,4.64,5.77,6.79,2.48,6.58,4.21
3418,3.17,3.58,9.27,7.37,6.13,3.03,6.56,0.89
3419,5.11,5.19,2.22,4.55,6.13,9.9,0.75,6.15
3420,5.9,0.97,5.43,7.83,5.48,6.79,3.47,4.13
3421,5.53,3.52,2.93,1.75,8.92,6.44,8.21,2.7
3422,5.19,1.89,5.78,3.59,7.91,8.56,3.45,3.63
3423,9.13,0.88,4.41,3.21,9.79,7.96,1.93,2.69
3424,8.32,2.62,1.76,1.27,7.7,9.38,2.21,6.74
3425,8.95,8.81,6.62,2.15,5.34,5.2,2.52,0.41
3426,1.18,10.73,1.21,8.29,7.92,3.6,2.6,4.47
3427,1.55,1.27,11.61,5.63,2.54,7.23,2.55,7.62
3428,9.95,2.21,2.5,7.44,1.32,2.32,9.84,4.42
3429,6.43,4.7,6.34,7.66,2.46,4.83,2.05,5.53
3430,6.47,7.96,6.84,5.99,5.99,1.09,2.64,3.02
3431,0.72,2.47,11.3,1.39,2.8,4.29,13.26,3.77
3432,0.98,9.29,7.85,5.0,0.5,6.1,5.99,4.29
3433,8.47,1.15,4.87,7.83,7.62,4.09,5.31,0.66
3434,6.88,6.47,6.41,7.09,0.72,6.58,2.28,3.57
3435,8.98,6.05,8.22,1.21,1.06,2.96,6.53,4.99
3436,1.15,4.86,6.09,9.05,8.95,5.63,1.83,2.44
3437,1.6,6.88,8.77,0.54,4.23,4.24,5.59,8.15
3438,4.99,4.87,7.57,2.96,2.67,10.85,4.21,1.88
3439,9.91,1.08,6.98,2.04,6.45,2.3,7.73,3.51
3440,9.56,6.26,3.26,8.25,3.07,2.69,5.51,1.4
3441,8.27,0.87,4.1,7.03,8.57,5.45,3.38,2.33
3442,3.67,5.54,6.16,7.13,7.38,1.34,2.13,6.65
3443,9.3,3.09,3.44,1.85,2.73,1.43,11.06,7.1
3444,7.67,2.91,6.26,8.68,2.18,4.61,6.45,1.24
3445,2.16,10.48,5.0,2.67,3.33,1.02,13.24,2.1
3446,1.9,1.54,9.29,4.33,8.47,1.76,4.08,8.63
3447,1.61,6.73,3.64,7.67,4.21,2.35,6.55,7.24
3448,1.93,2.02,7.42,8.89,7.78,5.93,2.89,3.14
3449,3.31,6.65,3.43,0.81,12.39,8.9,2.41,2.1
3450,9.55,1.41,4.26,7.46,7.22,2.68,6.66,0.76
3451,9.13,7.93,1.13,3.97,2.26,5.58,5.34,4.66
3452,1.71,7.62,8.87,5.8,3.87,5.42,0.74,5.97
3453,5.18,1.44,6.48,6.27,6.98,3.9,8.7,1.05
3454,6.53,8.23,1.56,1.11,6.16,9.75,2.19,4.47
3455,4.06,9.75,1.09,8.92,6.73,5.74,3.53,0.18
3456,0.91,3.26,9.52,3.59,1.41,7.0,4.06,10.25
3457,0.71,5.38,5.07,1.22,10.44,1.65,5.72,9.81
3458,1.58,10.95,4.03,1.0,10.54,4.97,5.03,1.9
3459,9.12,1.29,9.45,3.47,0.94,9.44,0.57,5.72
3460,5.63,1.2,1.94,9.31,3.13,2.92,4.74,11.13
3461,6.55,3.53,8.23,7.17,1.92,2.54,4.01,6.05
3462,1.83,1.2,9.15,9.89,1.04,3.94,8.84,4.11
3463,3.28,9.54,6.85,0.53,9.53,2.16,4.03,4.08
3464,7.75,7.98,6.79,1.88,6.84,4.89,1.37,2.5
3465,2.45,9.41,3.15,2.02,7.22,2.95,0.81,11.99
3466,9.73,8.43,5.56,6.38,1.97,4.65,2.31,0.97
3467,7.32,4.41,3.48,3.79,5.28,5.56,9.92,0.24
3468,3.53,1.47,7.44,0.77,13.13,3.54,2.35,7.77
3469,1.15,0.99,3.3,8.95,10.74,6.14,3.65,5.08
3470,9.7,7.08,5.65,3.08,6.43,2.61,2.08,3.37
3471,2.48,5.67,5.08,6.24,7.41,2.62,4.48,6.02
3472,5.48,5.91,6.83,5.09,4.76,1.78,6.87,3.28
3473,5.18,3.39,9.34,5.34,5.99,0.87,9.08,0.81
3474,3.62,4.31,8.19,2.14,10.46,6.09,0.89,4.3
3475,4.67,5.68,2.5,6.11,5.37,8.9,2.9,3.87
3476,7.67,0.8,6.46,6.04,2.13,9.0,4.25,3.65
3477,8.96,7.81,3.53,6.86,5.49,3.16,0.83,3.36
3478,3.29,1.92,6.46,7.92,3.88,4.11,5.21,7.21
3479,2.84,6.12,3.23,3.77,9.53,7.08,5.55,1.88
3480,5.92,6.52,4.18,1.48,4.57,3.28,6.35,7.7
3481,4.22,1.53,4.09,9.19,5.13,3.7,7.7,4.44
3482,5.47,1.13,9.31,5.43,4.67,8.08,0.82,5.09
3483,9.4,3.24,3.66,8.69,1.55,6.68,2.7,4.08
3484,3.01,7.29,9.63,3.3,0.76,2.2,6.56,7.25
3485,4.75,6.81,5.77,2.92,5.19,9.44,3.22,1.9
3486,0.97,3.69,7.94,1.55,5.77,6.92,5.1,8.06
3487,8.93,1.92,2.56,4.02,5.78,1.41,11.11,4.27
3488,5.84,6.13,2.74,5.43,4.07,7.29,4.24,4.26
3489,9.34,7.14,4.18,1.27,4.04,8.04,0.84,5.15
3490,5.42,5.0,3.33,2.16,5.41,1.42,5.0,12.26
3491,7.73,5.16,2.15,9.35,4.8,5.68,4.34,0.79
3492,7.63,8.39,7.35,4.61,2.83,5.77,0.69,2.73
3493,9.16,2.48,1.35,9.79,8.52,1.48,3.12,4.1
3494,5.64,8.32,4.03,2.08,5.4,2.76,1.38,10.39
3495,2.95,9.96,3.36,8.7,1.73,4.75,3.78,4.77
3496,1.39,2.93,9.1,6.27,10.06,4.84,2.3,3.11
3497,7.16,0.81,9.3,1.58,9.06,6.84,1.46,3.79
3498,7.56,5.07,6.18,1.91,8.92,5.71,1.92,2.73
3499,3.14,7.3,6.14,2.74,1.36,1.71,7.44,10.17
3500,8.5,7.68,2.6,6.83,6.57,2.98,4.72,0.12
3501,3.54,8.74,8.49,7.62,1.38,3.24,0.77,6.22
3502,8.36,7.85,6.97,6.37,4.76,1.9,1.88,1.91
3503,5.51,2.27,1.56,10.31,9.18,5.02,4.63,1.52
3504,7.54,5.32,7.99,3.13,2.83,3.74,8.81,0.64
3505,5.55,0.94,4.15,2.33,2.72,14.45,6.73,3.13
3506,6.13,4.75,3.07,5.97,5.41,2.14,8.86,3.67
3507,7.41,5.89,5.95,4.44,7.27,0.98,7.87,0.19
3508,6.46,3.39,4.78,5.22,7.98,4.27,5.14,2.76
3509,4.87,1.56,5.31,7.82,5.82,4.43,9.61,0.58
3510,4.11,2.38,7.31,7.11,7.77,3.29,7.78,0.25
3511,8.9,6.79,3.42,7.06,1.61,1.91,5.37,4.94
3512,7.99,2.65,6.03,3.84,5.98,3.73,3.48,6.3
3513,4.21,0.71,2.32,9.67,6.35,1.23,4.9,10.61
3514,8.97,2.07,5.21,8.83,3.95,1.59,6.43,2.95
3515,9.43,2.13,5.7,6.19,1.27,4.39,6.25,4.64
3516,6.3,3.77,6.19,7.41,2.67,8.27,4.43,0.96
3517,3.09,7.82,4.12,5.36,4.37,8.58,4.06,2.6
3518,5.02,4.71,1.55,6.01,5.08,9.52,4.75,3.36
3519,3.83,7.85,5.5,2.32,3.56,6.43,9.05,1.46
3520,7.76,4.86,0.91,8.85,7.37,4.13,3.38,2.74
3521,1.16,7.13,5.26,2.74,5.11,1.09,10.83,6.68
3522,1.31,4.95,1.51,12.53,7.9,7.49,3.01,1.3
3523,1.58,7.7,10.19,1.09,5.45,5.28,6.45,2.26
3524,9.4,5.31,4.48,5.46,0.45,1.09,1.58,12.23
3525,7.09,5.28,7.99,1.69,8.22,1.66,7.46,0.61
3526,5.91,3.44,8.97,5.1,3.96,7.74,2.75,2.13
3527,3.05,5.12,4.45,2.12,11.66,7.45,1.02,5.13
3528,8.29,4.14,5.03,6.17,2.85,0.85,8.09,4.58
3529,5.67,9.77,2.89,3.69,4.88,2.94,9.72,0.44
3530,6.92,7.87,5.1,3.0,6.01,5.34,2.92,2.84
3531,4.51,7.67,1.05,2.75,6.53,11.59,2.55,3.35
3532,9.27,3.58,6.6,3.26,4.57,3.91,1.38,7.43
3533,2.03,9.91,1.07,2.9,10.11,6.48,6.59,0.91
3534,4.09,2.73,2.77,1.18,7.08,14.68,7.25,0.22
3535,1.62,8.01,6.09,9.42,0.85,6.25,5.12,2.64
3536,7.12,2.76,7.06,4.57,3.09,6.67,7.11,1.62
3537,8.13,8.3,3.05,7.83,5.61,2.43,3.12,1.53
3538,7.74,3.15,7.79,5.93,4.73,4.63,3.94,2.09
3539,0.63,8.54,6.77,6.27,8.28,4.39,1.38,3.74
3540,2.81,3.76,9.22,1.39,10.19,6.46,0.97,5.2
3541,4.91,6.17,9.3,5.07,4.48,5.35,0.88,3.84
3542,9.52,0.49,5.1,9.46,6.96,0.58,3.14,4.75
3543,9.33,4.92,7.36,4.85,4.83,5.65,1.5,1.56
3544,3.73,10.33,8.18,2.91,1.86,0.48,5.69,6.82
3545,4.72,8.92,5.16,6.57,5.66,1.41,6.5,1.06
3546,6.84,6.19,8.21,1.33,0.94,3.69,3.86,8.94
3547,0.56,6.14,1.33,12.62,6.96,1.65,8.84,1.9
3548,5.02,8.23,1.97,6.49,1.3,1.48,13.17,2.34
3549,0.92,6.94,1.32,12.24,3.46,6.49,6.09,2.54
3550,7.14,4.96,8.41,1.36,2.27,5.03,1.7,9.13
3551,2.94,5.63,2.69,11.46,7.37,5.5,3.01,1.4
3552,4.23,6.28,4.36,7.37,8.08,2.81,5.59,1.28
3553,7.69,1.26,5.2,6.18,8.55,0.99,7.18,2.95
3554,7.86,3.31,5.52,9.05,6.33,1.2,2.62,4.11
3555,0.55,6.88,10.07,2.16,8.95,6.76,1.08,3.55
3556,5.68,0.66,1.79,4.21,6.46,2.66,10.97,7.57
3557,1.79,3.4,6.78,4.43,11.6,7.78,4.01,0.21
3558,2.33,1.49,10.82,9.35,3.23,7.84,2.45,2.49
3559,1.75,4.49,5.26,8.6,6.49,7.16,1.98,4.27
3560,4.25,1.52,5.99,7.41,8.87,7.22,2.31,2.43
3561,3.51,5.56,7.08,1.99,3.08,8.86,5.01,4.91
3562,6.84,1.28,6.06,8.09,0.5,9.59,0.65,6.99
3563,7.44,0.47,7.62,7.88,1.11,8.58,6.83,0.07
3564,9.2,6.44,4.73,3.82,5.72,0.38,7.49,2.22
3565,7.55,1.35,3.95,9.17,4.99,6.78,4.71,1.5
3566,1.32,8.62,9.01,2.47,5.22,3.16,7.6,2.6
3567,2.13,8.57,6.03,5.81,1.02,2.06,1.07,13.31
3568,2.1,8.72,1.26,10.12,1.25,10.21,1.01,5.33
3569,0.78,11.08,5.0,4.93,1.09,7.43,9.63,0.06
3570,4.34,5.49,6.67,9.17,2.42,2.66,0.92,8.33
3571,1.39,9.84,3.51,8.43,3.43,5.96,4.02,3.42
3572,1.74,7.34,7.55,5.21,1.11,6.2,8.41,2.44
3573,1.46,7.93,9.87,1.22,3.54,4.4,8.02,3.56
3574,3.42,8.91,2.58,9.14,3.44,1.41,0.99,10.11
3575,9.65,7.28,5.87,0.8,1.22,1.58,5.95,7.65
3576,0.67,7.01,6.09,6.33,0.86,7.48,6.93,4.63
3577,2.85,2.29,2.32,1.66,6.8,1.26,11.07,11.75
3578,5.89,7.07,8.41,4.76,3.9,4.43,1.06,4.48
3579,0.73,10.25,6.15,8.23,2.38,6.45,0.44,5.37
3580,8.99,2.85,8.15,5.33,0.77,6.56,0.97,6.38
3581,4.85,3.18,4.59,0.76,4.14,4.48,12.31,5.69
3582,3.09,3.93,6.97,8.01,7.99,3.54,3.4,3.07
3583,5.45,1.38,3.8,6.42,5.26,3.59,12.27,1.83
3584,7.62,4.61,6.98,1.63,6.2,7.97,4.47,0.52
3585,8.75,3.29,2.52,4.64,4.11,10.93,4.24,1.52
3586,8.06,6.38,4.72,4.23,7.48,3.78,3.0,2.35
3587,9.21,5.55,7.83,4.03,5.26,3.39,4.32,0.41
3588,2.34,10.57,4.68,3.49,8.75,2.44,0.51,7.22
3589,6.25,0.97,8.14,2.62,0.64,1.99,9.67,9.72
3590,6.82,4.28,9.56,3.22,3.9,3.74,7.89,0.59
3591,3.61,3.48,2.63,8.47,3.34,7.71,9.88,0.88
3592,1.66,3.97,8.92,5.38,0.71,6.45,9.16,3.75
3593,8.04,0.7,1.78,2.83,11.08,1.69,12.71,1.17
3594,6.32,1.69,1.59,5.69,7.33,4.15,12.8,0.43
3595,3.18,2.51,2.4,4.3,4.75,8.86,6.97,7.03
3596,4.37,1.16,10.69,1.85,10.07,5.14,6.27,0.45
3597,1.23,2.77,2.77,6.48,4.0,9.33,0.73,12.69
3598,8.18,8.02,3.56,0.42,4.95,5.11,3.32,6.44
3599,3.7,7.71,0.79,6.69,7.06,2.95,6.94,4.16
3600,5.18,6.93,9.28,3.27,7.21,4.31,3.49,0.33
3601,8.82,2.36,3.91,3.99,6.4,6.8,1.02,6.7
3602,2.29,2.96,6.6,4.57,8.06,3.21,11.28,1.03
3603,9.67,7.11,4.98,4.12,6.92,0.85,5.83,0.52
3604,5.92,1.44,7.3,9.3,6.52,2.03,2.54,4.95
3605,5.9,3.0,2.46,0.79,4.88,10.65,4.7,7.62
3606,8.28,3.1,1.47,3.8,9.04,6.46,5.12,2.73
3607,3.84,2.76,7.88,8.42,2.14,1.28,4.83,8.85
3608,6.87,5.47,2.85,9.23,5.0,1.54,0.79,8.25
3609,0.97,5.24,9.41,3.99,4.77,7.57,2.96,5.09
3610,5.42,1.41,3.07,6.34,9.02,6.07,8.26,0.41
3611,5.65,6.48,0.83,1.81,6.14,3.62,15.41,0.06
3612,9.29,8.31,4.23,3.94,4.31,6.48,2.33,1.11
3613,4.96,5.7,1.94,5.06,10.69,5.56,0.94,5.15
3614,3.22,3.02,9.0,8.83,3.63,6.16,4.05,2.09
3615,3.35,5.5,6.65,4.55,3.4,5.62,10.33,0.6
3616,1.83,4.34,9.42,8.78,2.25,1.78,7.85,3.75
3617,4.24,1.06,8.64,7.86,8.72,5.11,2.57,1.8
3618,0.74,6.89,5.32,2.16,9.91,7.3,2.71,4.97
3619,5.06,2.83,0.94,8.8,9.36,4.24,6.19,2.58
3620,8.88,2.27,4.82,8.55,3.21,1.95,4.46,5.86
3621,0.88,9.33,1.8,9.04,6.55,3.7,1.84,6.86
3622,3.08,5.59,8.3,8.71,3.96,0.99,4.59,4.78
3623,7.33,3.7,1.5,4.1,10.44,4.12,0.83,7.98
3624,4.79,3.13,1.69,7.86,6.95,8.15,4.21,3.22
3625,8.05,0.63,7.5,1.06,8.01,4.81,2.31,7.63
3626,5.39,6.02,6.31,8.26,3.1,0.68,9.42,0.82
3627,5.33,2.05,1.29,8.07,4.5,1.31,6.46,10.99
3628,9.09,6.99,6.72,4.8,0.52,7.24,4.39,0.25
3629,5.85,4.75,2.98,0.76,10.37,9.57,2.45,3.27
3630,8.78,2.57,7.84,6.64,0.59,6.83,6.31,0.44
3631,5.12,9.58,6.11,7.05,1.15,0.48,1.03,9.48
3632,5.82,6.21,1.81,9.56,7.44,2.29,6.76,0.11
3633,9.55,7.18,6.7,4.72,4.9,3.19,0.69,3.07
3634,0.56,8.76,6.86,1.96,7.99,8.11,4.53,1.23
3635,3.57,1.71,6.5,8.14,1.59,2.21,1.64,14.64
3636,6.09,3.87,8.56,5.59,7.59,0.57,0.83,6.9
3637,6.62,2.99,8.8,4.48,2.13,2.95,0.81,11.22
3638,9.57,5.02,4.98,6.11,6.81,3.88,2.93,0.7
3639,7.61,3.25,9.25,4.14,2.72,1.21,2.61,9.21
3640,2.66,4.26,6.49,10.58,2.31,3.3,4.78,5.62
3641,6.53,7.85,1.57,0.73,6.64,4.7,1.45,10.53
3642,3.67,5.09,3.28,10.95,6.43,6.36,3.2,1.02
3643,8.78,0.76,6.85,7.02,1.21,7.11,3.91,4.36
3644,6.08,6.11,6.71,7.44,4.05,3.74,2.18,3.69
3645,4.94,8.22,8.91,1.22,6.23,3.68,6.72,0.08
3646,7.15,9.3,3.56,4.93,6.43,4.1,1.11,3.42
3647,2.77,0.83,8.63,4.8,4.07,2.04,14.12,2.74
3648,9.72,7.36,3.17,7.83,3.12,5.02,0.3,3.48
3649,6.55,2.13,2.88,5.35,2.42,10.58,6.89,3.2
3650,4.05,8.28,0.83,5.45,5.14,2.43,1.07,12.75
3651,3.56,5.09,7.02,6.18,0.66,9.7,0.6,7.19
3652,5.62,4.03,3.9,2.59,5.16,7.0,2.45,9.25
3653,7.01,5.35,6.53,3.08,3.77,9.32,1.48,3.46
3654,9.42,5.66,6.31,5.91,0.7,3.26,4.64,4.1
3655,2.27,9.28,7.84,0.76,9.89,6.31,2.85,0.8
3656,9.7,1.45,9.04,6.72,0.83,4.26,5.83,2.17
3657,1.32,9.18,6.51,7.41,1.59,8.35,4.05,1.59
3658,1.59,0.87,7.97,8.13,4.85,5.98,7.97,2.64
3659,9.59,3.03,5.91,1.42,1.65,1.17,10.55,6.68
3660,4.35,9.84,8.1,1.55,0.68,6.02,7.79,1.67
3661,8.0,1.41,9.62,0.65,0.77,4.04,8.62,6.89
3662,8.43,7.61,1.35,2.38,7.45,2.86,6.82,3.1
3663,0.55,2.77,11.21,4.6,2.58,7.86,8.95,1.48
3664,3.5,3.5,8.43,2.09,9.56,3.17,7.37,2.38
3665,5.07,7.01,3.72,5.89,1.31,10.58,5.62,0.8
3666,9.45,1.92,6.03,7.68,3.1,2.49,1.52,7.81
3667,7.66,5.3,1.6,7.1,8.95,3.05,0.54,5.8
3668,8.94,7.13,5.46,2.57,1.43,8.84,2.19,3.44
3669,6.64,8.43,2.5,2.98,3.93,2.96,8.3,4.26
3670,7.21,0.48,1.89,1.17,5.3,4.4,10.87,8.68
3671,2.25,7.92,2.4,7.95,9.31,2.54,2.73,4.9
3672,5.9,1.52,3.32,6.66,3.08,6.51,7.31,5.7
3673,0.66,6.29,7.21,8.59,7.93,0.71,2.24,6.37
3674,5.08,9.69,7.67,0.45,0.58,10.36,1.74,4.43
3675,2.19,8.48,7.65,1.54,1.03,6.82,8.09,4.2
3676,2.75,5.41,5.79,1.21,1.71,4.72,11.48,6.93
3677,2.46,2.33,4.82,1.77,3.63,2.49,14.2,8.3
3678,4.84,7.89,4.14,0.66,6.09,1.46,1.28,13.64
3679,5.93,1.85,8.84,5.04,4.69,7.28,2.61,3.76
3680,8.32,5.69,0.73,9.91,6.52,2.31,3.83,2.69
3681,6.88,2.06,6.47,7.32,0.43,6.29,6.57,3.98
3682,3.34,4.18,3.56,2.27,5.4,8.6,4.31,8.34
3683,8.79,8.78,3.25,2.62,5.38,3.76,1.13,6.29
3684,9.63,1.52,4.52,9.13,3.47,7.15,2.0,2.58
3685,7.16,7.45,8.28,5.84,4.03,1.77,3.02,2.45
3686,6.79,4.58,3.72,4.48,2.46,4.91,10.1,2.96
3687,2.62,5.43,2.44,1.76,11.32,4.45,1.49,10.49
3688,6.12,8.31,4.66,6.39,5.48,2.61,3.81,2.62
3689,9.13,4.37,4.58,2.45,2.44,4.71,11.74,0.58
3690,8.23,5.0,5.38,5.33,2.77,8.59,3.92,0.78
3691,3.58,3.62,9.07,5.96,8.51,2.96,0.34,5.96
3692,4.08,3.42,10.76,2.22,0.67,11.01,4.32,3.52
3693,5.0,3.63,8.64,7.42,7.03,5.13,1.41,1.74
3694,8.91,3.83,1.13,0.8,10.49,8.56,5.39,0.89
3695,5.55,8.57,4.18,5.03,0.42,5.43,4.32,6.5
3696,2.01,9.42,6.12,6.76,7.21,2.59,0.93,4.96
3697,7.55,2.8,1.87,3.54,8.07,5.63,8.99,1.55
3698,2.48,10.06,5.86,0.8,8.33,6.23,3.88,2.36
3699,1.6,4.25,6.88,5.88,6.19,7.91,1.13,6.16
3700,3.88,0.99,10.02,3.93,7.31,6.5,4.12,3.25
3701,8.28,4.55,6.8,4.17,2.72,2.71,9.31,1.46
3702,6.52,7.58,4.21,1.35,4.78,9.5,0.58,5.48
3703,1.24,1.99,5.61,2.87,9.01,7.39,8.95,2.94
3704,1.84,3.15,2.53,2.1,5.65,8.06,5.22,11.45
3705,0.79,0.88,9.49,8.22,7.25,5.62,6.74,1.01
3706,5.07,3.32,7.45,9.19,1.77,4.58,6.88,1.74
3707,2.73,8.66,2.56,0.72,6.6,4.74,1.93,12.06
3708,2.33,4.34,8.02,4.2,2.41,5.04,5.33,8.33
3709,4.88,5.54,7.33,4.89,4.39,4.3,7.89,0.78
3710,8.59,6.46,3.73,7.33,5.93,4.39,0.89,2.68
3711,4.03,6.04,7.0,6.61,6.1,5.28,1.88,3.06
3712,4.44,8.43,6.71,2.52,2.28,6.93,7.64,1.05
3713,0.85,6.61,8.46,1.42,4.55,2.85,8.64,6.62
3714,5.39,8.52,1.54,6.65,4.35,7.58,5.69,0.28
3715,9.42,4.45,3.59,5.02,7.26,3.71,3.16,3.39
3716,5.62,3.36,4.77,8.61,3.07,6.04,6.48,2.05
3717,8.55,1.09,5.93,8.16,6.26,1.92,3.61,4.48
3718,1.06,8.59,4.11,3.78,2.79,8.04,5.2,6.43
3719,5.42,7.93,8.66,1.15,8.19,1.44,1.7,5.51
3720,5.09,9.14,0.52,7.25,0.97,3.37,8.33,5.33
3721,7.31,7.22,1.16,0.55,1.85,7.59,3.63,10.69
3722,1.37,4.59,6.82,10.88,7.58,3.96,1.91,2.89
3723,8.13,6.92,6.23,5.87,1.83,5.48,2.13,3.41
3724,7.88,8.83,4.64,4.23,1.54,2.92,7.73,2.23
3725,9.82,4.06,2.03,4.5,3.49,7.46,7.87,0.77
3726,2.17,6.09,10.03,8.46,3.5,5.74,1.94,2.07
3727,5.39,7.32,7.42,1.15,5.91,1.74,8.65,2.42
3728,1.55,3.97,5.6,10.22,1.78,2.58,2.79,11.51
3729,2.92,2.97,2.86,7.22,7.63,3.02,3.62,9.76
3730,6.39,8.97,7.58,3.48,0.69,2.51,2.07,8.31
3731,3.01,10.45,8.4,4.46,6.61,4.19,1.37,1.51
3732,1.98,3.41,10.67,9.0,1.1,4.13,0.73,8.98
3733,1.6,8.0,2.41,2.15,11.79,5.9,2.3,5.85
3734,7.83,4.16,5.47,4.27,0.82,3.45,9.2,4.8
3735,1.04,5.05,6.45,1.26,2.18,7.03,7.15,9.84
3736,4.01,9.21,2.89,6.58,4.58,6.83,4.59,1.31
3737,6.24,5.91,0.9,6.64,2.06,2.16,11.99,4.1
3738,1.79,9.69,2.97,4.09,10.36,5.72,1.9,3.48
3739,9.06,5.07,5.26,3.15,5.47,7.08,3.58,1.33
3740,6.98,1.54,2.22,8.3,6.38,7.61,1.03,5.94
3741,2.52,10.48,6.29,7.77,0.51,2.11,3.74,6.58
3742,7.18,7.16,4.04,1.75,8.83,3.88,0.56,6.6
3743,9.63,3.3,6.63,5.78,4.96,0.69,8.14,0.87
3744,9.17,5.83,2.17,7.16,3.37,2.34,4.91,5.05
3745,5.34,7.91,6.11,7.17,5.11,4.21,3.43,0.72
3746,1.08,1.49,8.41,8.7,1.38,0.67,13.8,4.47
3747,1.16,10.97,2.07,7.34,3.47,6.32,7.66,1.01
3748,3.36,4.46,6.82,7.98,4.38,1.43,6.15,5.42
3749,2.02,5.68,5.5,8.59,6.18,7.47,4.24,0.32
3750,2.71,10.45,3.45,2.44,9.3,1.02,1.79,8.84
3751,3.79,8.31,6.07,7.72,4.83,1.62,5.41,2.25
3752,5.36,1.4,5.56,6.38,2.33,4.35,13.08,1.54
3753,5.6,8.71,7.71,0.69,3.88,1.13,4.71,7.57
3754,5.12,3.17,6.2,6.75,8.09,5.35,3.39,1.93
3755,3.99,0.79,7.94,2.33,0.83,12.17,8.4,3.55
3756,9.25,1.49,0.55,8.76,7.78,6.42,5.01,0.74
3757,8.22,6.47,5.44,1.3,9.07,6.3,0.88,2.32
3758,7.74,4.84,6.53,3.01,5.51,7.77,0.81,3.79
3759,2.68,9.81,5.33,4.93,4.06,4.03,6.96,2.2
3760,6.81,6.43,3.01,1.98,6.49,7.9,1.55,5.83
3761,2.37,3.46,0.84,5.59,9.9,9.82,5.25,2.77
3762,8.71,1.96,1.41,1.6,5.37,0.99,16.15,3.81
3763,5.76,9.66,2.25,5.25,2.79,4.35,4.58,5.36
3764,5.31,1.55,9.84,6.53,4.16,7.4,0.39,4.82
3765,7.81,6.88,3.41,1.22,5.27,4.56,2.33,8.52
3766,3.53,4.63,3.41,2.89,11.02,1.45,9.1,3.97
3767,8.34,6.58,0.72,9.4,3.05,6.52,5.24,0.15
3768,5.4,5.0,7.43,1.25,4.35,10.54,4.75,1.28
3769,7.34,2.77,4.65,2.06,9.68,3.73,1.66,8.11
3770,2.74,4.18,8.56,3.45,8.28,6.25,0.81,5.73
3771,3.12,5.25,4.71,8.31,8.78,2.96,3.05,3.82
3772,1.85,8.87,3.28,5.4,9.26,4.24,4.59,2.51
3773,8.91,6.89,5.8,7.34,3.73,2.99,1.9,2.44
3774,3.6,3.57,2.32,8.45,6.85,5.7,1.03,8.48
3775,2.18,4.2,4.95,9.65,3.43,5.83,3.14,6.62
3776,7.88,2.04,8.2,7.12,6.83,5.25,1.22,1.46
3777,5.28,1.84,10.04,3.21,8.46,1.36,3.96,5.85
3778,8.81,7.17,1.34,1.46,2.89,0.77,0.91,16.65
3779,5.07,1.26,5.74,3.53,11.28,6.53,5.74,0.85
3780,6.62,9.0,4.37,2.98,4.11,5.76,2.24,4.92
3781,8.18,3.27,9.3,5.72,1.26,0.66,4.56,7.05
3782,7.87,7.28,3.82,2.96,5.99,1.3,8.01,2.77
3783,4.61,1.6,6.08,6.72,9.88,0.38,9.11,1.62
3784,8.79,6.79,1.27,5.78,0.49,3.92,11.18,1.78
3785,2.38,5.63,5.92,2.51,2.05,13.2,5.71,2.6
3786,1.55,3.82,9.81,8.74,5.08,5.81,4.65,0.54
3787,9.07,5.58,3.33,2.69,0.76,5.72,3.86,8.99
3788,8.76,5.0,3.52,5.19,3.57,7.65,0.86,5.45
3789,4.35,6.55,8.74,7.38,2.01,2.68,1.87,6.42
3790,2.32,7.27,8.93,2.54,8.29,6.84,1.12,2.69
3791,8.31,3.68,6.07,6.79,6.1,1.29,4.81,2.95
3792,6.2,8.6,7.61,5.01,2.12,6.79,1.28,2.39
3793,0.72,3.8,2.61,6.79,8.32,8.74,7.21,1.81
3794,2.03,3.38,2.53,2.94,11.55,11.69,4.78,1.1
3795,2.85,3.97,1.8,2.45,5.36,3.93,14.88,4.76
3796,0.86,2.14,6.64,7.61,3.5,5.09,7.04,7.12
3797,7.54,6.95,6.94,6.8,1.35,1.0,4.4,5.02
3798,8.0,7.45,2.01,7.88,4.12,4.65,2.83,3.06
3799,5.54,5.96,1.9,8.47,1.66,1.83,10.78,3.86
3800,5.4,5.82,2.1,9.34,4.26,2.97,8.34,1.77
3801,1.33,3.32,4.9,5.64,5.74,5.21,11.89,1.97
3802,3.96,3.79,2.04,6.06,8.56,8.12,2.87,4.6
3803,6.87,5.16,7.87,2.1,1.89,10.21,3.04,2.86
3804,4.64,8.9,4.99,7.06,4.48,5.19,3.1,1.64
3805,6.8,4.17,0.92,5.18,7.96,4.69,1.56,8.72
3806,0.84,5.45,6.86,6.35,5.12,6.59,8.2,0.59
3807,2.79,1.68,10.87,9.34,4.04,4.29,0.69,6.3
3808,8.46,7.84,7.9,3.03,2.92,2.62,3.14,4.09
3809,5.12,7.42,2.36,1.87,1.85,1.72,5.85,13.81
3810,2.66,8.3,4.72,7.43,5.37,6.08,0.45,4.99
3811,9.38,0.46,7.06,6.95,0.96,1.21,3.57,10.41
3812,6.64,6.08,7.82,7.13,0.77,7.25,0.39,3.92
3813,5.92,2.34,3.48,5.15,4.42,8.5,3.44,6.75
3814,5.99,8.63,4.51,0.7,0.87,8.28,8.31,2.71
3815,4.34,2.79,1.61,5.48,12.58,6.94,1.24,5.02
3816,3.88,9.08,2.58,2.25,2.97,6.9,3.22,9.12
3817,4.19,2.73,5.97,7.78,1.81,7.31,1.13,9.08
3818,1.23,9.14,7.61,3.74,0.81,5.52,11.86,0.09
3819,5.26,8.17,0.52,6.81,9.1,1.81,3.99,4.34
3820,9.53,0.56,1.38,8.91,3.28,1.06,10.09,5.19
3821,8.42,6.22,3.05,5.08,6.41,5.72,0.81,4.29
3822,4.48,4.78,5.4,6.27,5.36,1.84,4.42,7.45
3823,7.78,2.69,3.76,5.94,2.03,4.73,7.63,5.44
3824,5.15,9.95,1.04,6.75,0.45,4.42,2.33,9.91
3825,3.84,7.7,5.89,0.8,6.86,9.53,1.18,4.2
3826,2.02,8.11,6.42,8.38,5.99,4.53,4.37,0.18
3827,5.72,2.98,7.61,4.92,1.77,6.96,5.5,4.54
3828,3.78,2.24,2.43,7.22,1.04,1.86,11.86,9.57
3829,5.85,2.63,9.36,5.7,2.3,8.71,4.55,0.9
3830,8.47,5.82,5.67,7.24,4.93,4.95,1.83,1.09
3831,1.0,2.41,3.01,3.25,11.35,7.04,5.4,6.54
3832,4.29,1.41,6.74,7.56,1.38,1.67,11.86,5.09
3833,2.92,5.24,1.13,5.17,7.18,11.06,1.1,6.2
3834,8.12,8.54,5.2,1.59,4.46,4.96,6.83,0.3
3835,4.5,2.52,6.47,2.14,2.95,4.11,13.06,4.25
3836,1.47,0.96,3.5,2.3,11.3,4.84,9.39,6.24
3837,8.24,5.81,6.42,6.06,2.08,0.67,4.55,6.17
3838,9.47,5.58,8.05,0.4,0.69,8.75,1.85,5.21
3839,4.98,1.65,6.78,1.68,6.57,4.78,9.71,3.85
3840,2.49,2.43,8.63,10.17,1.11,8.28,3.08,3.81
3841,2.83,5.15,2.93,2.61,12.98,6.21,5.0,2.29
3842,5.7,7.42,3.71,8.65,5.89,4.5,2.52,1.61
3843,3.35,7.68,2.52,7.81,2.84,5.25,3.97,6.58
3844,4.2,4.84,5.61,4.48,1.86,8.12,2.41,8.48
3845,7.19,8.71,4.09,7.68,1.33,4.79,3.61,2.6
3846,1.11,10.68,2.41,2.54,3.89,4.58,3.19,11.6
3847,2.68,1.31,2.52,1.56,15.15,1.96,7.78,7.04
3848,3.29,3.56,11.0,7.74,2.21,0.86,8.04,3.3
3849,9.41,3.68,4.7,4.55,1.34,9.21,6.11,1.0
3850,9.83,7.89,1.96,2.07,6.59,4.44,2.6,4.62
3851,0.94,10.57,3.13,9.77,2.7,2.24,4.97,5.68
3852,4.46,8.82,4.67,2.68,1.9,2.45,6.65,8.37
3853,6.25,9.36,6.67,5.29,0.75,5.16,1.97,4.55
3854,6.51,1.79,2.53,4.97,6.88,4.82,4.53,7.97
3855,4.37,5.85,9.25,4.73,1.96,7.37,3.01,3.46
3856,0.63,9.24,8.62,8.22,6.52,0.6,0.36,5.81
3857,7.08,4.27,6.27,4.77,4.29,3.46,3.87,5.99
3858,7.32,3.18,6.8,0.74,7.31,3.73,5.78,5.14
3859,9.28,6.06,6.92,0.78,4.17,0.54,5.24,7.01
3860,9.07,1.37,5.2,9.15,2.76,3.76,0.48,8.21
3861,4.31,7.85,7.89,7.63,3.8,2.57,0.67,5.28
3862,6.37,2.07,7.69,5.01,8.68,3.22,3.05,3.91
3863,8.24,6.02,8.51,3.95,2.21,2.27,2.72,6.08
3864,9.38,3.4,6.49,7.77,2.15,1.7,2.49,6.62
3865,4.41,7.01,3.52,2.4,10.72,1.25,3.11,7.58
3866,6.05,6.56,2.98,6.12,9.04,3.81,2.67,2.77
3867,6.38,2.01,6.06,5.83,2.18,0.93,13.2,3.41
3868,4.52,10.05,7.52,2.81,2.83,2.26,6.9,3.11
3869,1.26,1.34,1.55,3.85,12.19,1.37,2.85,15.59
3870,6.26,7.98,3.13,7.73,0.61,7.46,2.93,3.9
3871,5.52,3.88,5.67,6.37,6.76,3.03,5.61,3.16
3872,7.6,6.59,0.62,7.73,4.8,1.66,6.94,4.06
3873,5.5,0.85,1.34,7.93,7.73,8.43,3.36,4.86
3874,7.18,7.69,5.47,3.98,3.09,7.36,3.4,1.83
3875,9.27,2.76,3.17,2.11,6.71,4.1,1.16,10.72
3876,0.98,9.23,5.36,3.46,3.77,6.63,8.2,2.37
3877,1.93,10.75,1.7,7.96,1.44,5.52,5.59,5.11
3878,2.72,8.71,9.24,6.44,2.86,2.81,3.03,4.19
3879,3.11,4.25,1.63,12.39,3.2,6.39,2.25,6.78
3880,5.64,6.51,4.91,8.0,6.09,5.19,1.28,2.38
3881,0.79,9.45,2.01,4.68,7.46,4.99,8.37,2.25
3882,3.54,7.96,4.9,4.15,5.09,6.49,7.67,0.2
3883,9.16,8.76,3.54,1.12,3.57,0.61,10.81,2.43
3884,8.65,2.0,8.03,5.37,4.29,7.71,0.63,3.32
3885,2.67,1.02,3.13,13.18,7.79,3.14,0.58,8.49
3886,5.02,2.17,8.88,4.6,9.41,6.23,1.81,1.88
3887,8.12,4.48,0.57,8.04,0.52,1.9,15.78,0.59
3888,6.56,4.78,4.32,4.04,4.49,9.15,4.23,2.43
3889,2.43,6.57,4.63,8.54,3.12,7.27,3.2,4.24
3890,5.36,6.88,3.25,3.39,10.38,4.43,4.0,2.31
3891,8.85,4.39,7.33,3.34,5.75,4.49,0.94,4.91
3892,2.01,1.8,1.28,13.32,4.09,10.55,5.01,1.94
3893,8.88,6.16,2.82,2.29,8.58,5.37,2.51,3.39
3894,2.1,4.95,4.21,8.6,8.23,4.66,0.86,6.39
3895,8.75,2.05,7.89,6.13,6.58,4.1,3.38,1.12
3896,2.66,9.09,4.85,6.26,2.89,2.91,5.71,5.63
3897,6.75,6.6,6.48,4.82,6.34,0.95,0.82,7.24
3898,5.98,5.67,2.83,0.93,6.27,8.1,5.94,4.28
3899,8.85,3.67,7.23,6.03,1.88,7.86,2.04,2.44
3900,0.91,1.49,2.91,12.88,4.46,7.42,1.39,8.54
3901,5.3,2.93,7.67,7.68,2.86,3.18,2.98,7.4
3902,3.0,1.76,1.55,3.69,3.39,13.04,4.75,8.82
3903,3.3,3.02,2.86,10.73,9.42,2.31,6.52,1.84
3904,7.28,7.09,5.9,3.1,4.7,7.39,2.35,2.19
3905,5.28,6.23,6.74,7.35,0.82,5.77,1.09,6.72
3906,9.55,7.2,5.25,5.63,2.59,2.15,6.76,0.87
3907,2.69,4.98,1.61,0.69,0.99,13.49,12.38,3.17
3908,9.07,8.33,7.51,5.12,1.65,3.08,3.32,1.92
3909,6.78,8.09,7.06,7.22,0.86,6.59,0.39,3.01
3910,6.43,9.44,2.07,7.87,3.78,5.56,2.07,2.78
3911,5.11,1.02,4.17,5.72,9.52,7.24,3.04,4.18
3912,9.73,6.78,7.25,2.94,5.64,4.17,0.91,2.58
3913,1.52,9.76,5.43,5.64,3.44,6.54,6.56,1.11
3914,1.95,5.72,3.33,5.55,11.15,5.6,1.99,4.71
3915,9.25,5.14,4.35,7.28,6.93,3.37,1.02,2.66
3916,7.89,0.94,1.8,8.19,7.74,0.81,4.19,8.44
3917,9.53,8.18,1.47,7.73,6.38,0.86,0.51,5.34
3918,3.57,2.24,1.22,0.96,14.12,9.64,0.66,7.59
3919,4.57,0.72,9.12,9.82,3.93,5.01,4.18,2.65
3920,9.7,3.06,7.51,7.07,4.85,1.04,4.8,1.97
3921,7.05,3.82,9.14,4.31,7.47,1.8,0.76,5.65
3922,2.67,5.89,6.01,9.82,5.64,0.36,2.75,6.86
3923,6.04,3.54,7.53,2.78,6.71,0.76,3.6,9.04
3924,9.96,3.32,3.72,5.63,5.9,2.01,1.52,7.94
3925,7.05,2.72,6.61,0.54,5.02,2.28,8.18,7.6
3926,9.35,1.85,3.07,1.81,0.91,11.33,1.74,9.94
3927,9.75,4.08,7.63,6.04,4.76,1.48,5.59,0.67
3928,3.41,4.53,2.35,9.15,5.27,5.6,5.62,4.07
3929,5.41,1.43,10.54,2.69,2.75,2.44,7.38,7.36
3930,9.31,3.69,1.03,2.01,1.05,10.91,5.44,6.56
3931,9.18,6.56,0.51,6.92,4.54,2.29,4.55,5.45
3932,4.47,3.18,1.91,2.15,1.2,11.42,10.86,4.81
3933,6.52,7.92,7.61,1.73,0.81,5.66,8.92,0.83
3934,8.54,5.4,1.54,0.69,7.08,2.18,8.91,5.66
3935,5.91,4.12,2.95,0.55,2.09,3.51,12.7,8.17
3936,7.37,2.34,5.58,6.56,7.44,1.05,1.41,8.25
3937,1.11,6.32,1.26,8.83,2.15,8.19,1.65,10.49
3938,7.7,4.31,5.63,8.77,4.39,4.51,2.26,2.43
3939,1.74,3.25,6.63,5.73,9.57,7.49,4.83,0.76
3940,1.64,2.86,4.82,1.96,6.69,10.84,10.27,0.92
3941,9.09,8.55,5.26,2.95,6.26,4.46,2.15,1.28
3942,9.18,2.43,6.33,1.44,8.04,0.59,0.62,11.37
3943,2.24,3.36,1.87,1.91,8.4,8.28,6.26,7.68
3944,6.86,8.53,7.3,3.76,5.97,3.65,3.71,0.22
3945,5.88,2.22,3.84,2.03,3.26,2.45,17.16,3.16
3946,5.77,7.71,7.65,1.12,7.37,3.37,4.52,2.49
3947,7.02,1.04,1.0,4.58,11.95,4.57,2.93,6.91
3948,5.45,6.9,2.07,2.12,6.15,1.5,5.02,10.79
3949,6.79,2.51,3.57,6.13,6.65,5.44,0.46,8.45
3950,0.9,0.98,8.84,10.22,3.87,7.97,0.93,6.29
3951,4.72,5.82,2.93,2.78,3.08,12.44,7.11,1.12
3952,6.94,8.39,5.25,2.2,5.52,6.72,2.05,2.93
3953,9.27,0.65,1.45,0.83,1.14,16.06,4.52,6.08
3954,5.8,0.59,7.96,6.11,1.32,3.94,12.19,2.09
3955,4.92,6.89,2.49,2.26,10.3,2.78,5.8,4.56
3956,4.22,4.43,1.37,8.56,2.2,0.66,6.2,12.36
3957,8.85,7.92,6.87,4.1,1.48,6.73,3.24,0.81
3958,6.26,8.68,7.31,6.1,4.09,4.38,0.83,2.35
3959,3.98,4.18,7.79,5.5,4.33,4.02,6.33,3.87
3960,4.84,2.1,8.07,7.8,5.29,6.98,2.86,2.06
3961,7.0,7.52,7.02,3.73,6.0,4.39,4.13,0.21
3962,1.59,6.25,1.69,9.21,9.13,4.89,1.39,5.85
3963,3.76,0.71,1.61,9.88,1.92,13.9,5.01,3.21
3964,2.38,1.33,5.42,10.14,8.73,5.58,1.5,4.92
3965,1.13,2.15,10.11,8.35,5.86,5.42,1.6,5.38
3966,3.47,9.4,1.13,9.5,5.33,2.61,7.02,1.54
3967,8.96,3.8,6.9,8.02,1.09,4.65,3.66,2.92
3968,4.91,4.58,3.98,9.61,7.78,1.57,7.23,0.34
3969,7.8,5.1,0.8,6.47,3.42,4.34,1.9,10.17
3970,9.94,6.81,1.24,2.88,4.05,0.56,11.1,3.42
3971,1.65,10.61,1.92,6.47,9.05,5.84,0.91,3.55
3972,2.28,4.03,9.25,5.55,1.32,1.51,14.25,1.81
3973,5.57,2.92,1.49,8.85,9.47,2.56,3.39,5.75
3974,8.86,5.79,6.68,1.93,3.32,5.83,2.85,4.74
3975,5.76,6.25,1.5,7.4,6.25,6.05,3.22,3.57
3976,9.61,4.95,0.99,7.34,7.29,0.72,8.62,0.48
3977,0.64,3.66,9.85,6.81,5.99,6.02,6.66,0.37
3978,4.35,5.56,7.09,4.6,0.58,9.72,4.46,3.64
3979,6.99,2.05,1.04,8.74,2.37,7.95,9.87,0.99
3980,2.87,2.8,8.03,10.21,3.54,3.47,1.54,7.54
3981,6.77,4.89,4.61,0.75,4.22,12.04,0.36,6.36
3982,3.49,1.5,7.38,9.93,2.67,1.03,7.06,6.94
3983,1.42,5.66,2.42,9.42,4.76,10.29,4.96,1.07
3984,9.32,3.34,7.9,2.31,8.52,2.36,3.82,2.43
3985,0.69,2.1,2.81,6.3,4.68,2.84,16.02,4.56
3986,6.56,3.84,5.19,3.6,0.68,6.93,7.33,5.87
3987,3.98,8.63,6.14,8.0,0.44,8.23,1.55,3.03
3988,5.21,5.01,2.25,3.63,4.69,5.29,12.22,1.7
3989,3.17,6.77,8.29,4.23,4.59,2.54,1.62,8.79
3990,8.18,7.85,5.12,3.4,4.36,4.81,5.58,0.7
3991,3.18,1.21,1.48,1.37,5.86,1.15,12.19,13.56
3992,6.17,4.02,7.61,8.33,0.98,2.91,9.06,0.92
3993,3.48,2.02,1.93,3.45,12.87,5.4,9.13,1.72
3994,5.31,6.85,7.79,0.94,2.57,9.28,4.48,2.78
3995,3.51,9.13,4.99,5.43,2.75,8.32,5.53,0.34
3996,2.04,10.27,5.12,1.28,5.7,9.11,2.2,4.28
3997,6.04,8.9,5.8,6.97,3.32,4.64,3.76,0.57
3998,5.59,7.22,4.02,8.12,5.61,2.52,5.59,1.33
3999,7.74,3.16,1.54,3.19,3.41,9.54,1.89,9.53
4000,5.86,9.54,5.3,1.68,6.57,3.6,1.71,5.74
4001,3.8,9.12,0.8,6.08,3.32,7.33,1.52,8.03
4002,5.56,6.23,6.78,2.27,2.79,0.7,7.2,8.47
4003,3.89,8.73,4.5,4.6,8.25,0.55,6.18,3.3
4004,6.92,8.8,6.18,1.04,5.06,1.2,7.6,3.2
4005,3.27,0.75,6.48,2.73,9.64,1.12,10.06,5.95
4006,7.43,8.88,7.03,5.21,5.51,0.24,2.57,3.13
4007,3.13,7.14,4.49,9.54,5.02,3.23,6.46,0.99
4008,2.22,7.32,6.58,4.61,9.42,1.43,0.74,7.68
4009,1.65,4.53,5.85,5.48,2.42,9.82,0.97,9.28
4010,2.03,1.9,2.99,6.43,9.18,9.01,3.93,4.53
4011,9.66,4.5,8.12,6.37,4.74,3.18,2.36,1.07
4012,8.4,7.3,8.07,3.39,6.02,1.01,4.32,1.49
4013,3.15,1.54,2.47,5.3,12.84,6.74,5.96,2.0
4014,8.78,3.95,7.81,0.69,8.02,5.72,2.15,2.88
4015,3.61,4.26,4.47,3.81,8.94,6.49,2.15,6.27
4016,3.13,5.02,1.77,4.77,2.23,11.65,9.83,1.6
4017,3.68,5.88,9.4,4.94,2.84,7.62,5.44,0.2
4018,5.01,8.84,0.89,6.57,2.35,7.51,0.59,8.24
4019,9.2,4.67,0.85,7.31,5.57,5.54,3.58,3.28
4020,0.96,9.01,7.91,4.27,1.83,10.37,5.58,0.07
4021,1.98,9.39,8.07,4.92,2.14,0.87,8.58,4.05
4022,8.68,7.61,5.7,2.42,7.55,3.09,2.09,2.86
4023,3.01,5.07,6.69,6.94,1.68,10.13,0.5,5.98
4024,4.08,8.66,7.26,1.82,6.27,2.97,3.93,5.01
4025,3.31,2.09,3.35,4.56,4.03,14.8,4.31,3.55
4026,3.28,3.96,6.07,0.61,5.6,13.49,3.85,3.14
4027,7.15,6.75,7.41,2.05,6.95,3.57,2.5,3.62
4028,7.47,3.0,1.46,6.18,2.91,12.29,5.13,1.56
4029,2.7,2.31,1.23,10.45,7.14,9.03,4.16,2.98
4030,6.31,4.28,5.68,6.26,5.62,5.86,5.37,0.62
4031,7.11,6.01,2.49,3.23,2.28,9.95,5.95,2.98
4032,5.57,6.76,7.9,2.76,0.59,2.98,1.04,12.4
4033,8.75,2.87,6.3,3.61,7.22,3.44,5.17,2.64
4034,2.37,6.02,4.34,6.64,10.27,3.32,0.64,6.4
4035,3.36,5.35,9.63,2.95,7.67,5.31,4.52,1.21
4036,6.55,1.64,9.74,1.74,2.37,9.85,2.29,5.82
4037,4.03,2.84,6.65,2.0,6.57,0.79,4.3,12.82
4038,1.89,5.15,2.19,7.94,0.98,11.39,2.61,7.85
4039,5.86,6.36,2.54,0.87,1.14,3.43,18.25,1.55
4040,4.34,2.84,8.35,2.81,4.25,11.58,1.99,3.84
4041,5.84,6.78,4.05,5.91,5.38,7.73,1.23,3.08
4042,8.2,3.7,4.73,5.77,8.26,3.69,3.75,1.9
4043,1.28,5.15,9.77,8.23,0.7,6.66,8.12,0.09
4044,5.15,9.25,5.41,5.1,2.81,0.53,6.12,5.63
4045,4.55,5.64,6.26,1.82,3.37,5.5,8.44,4.42
4046,0.76,7.67,1.16,3.99,1.24,2.35,17.3,5.53
4047,9.63,4.7,4.42,2.31,3.87,5.6,6.44,3.03
4048,9.57,1.14,2.57,5.92,7.7,5.48,5.56,2.06
4049,4.67,8.15,2.99,3.2,9.98,2.44,2.94,5.63
4050,1.4,1.01,10.72,7.99,7.51,7.53,2.82,1.02
4051,5.43,8.94,7.33,2.61,3.04,3.8,6.37,2.48
4052,2.0,10.63,6.78,5.72,5.77,4.0,2.25,2.85
4053,7.66,8.85,7.82,1.85,6.79,1.2,5.42,0.41
4054,6.24,2.62,0.95,6.63,5.08,1.3,12.13,5.05
4055,6.25,2.76,7.4,2.31,4.37,2.68,12.48,1.75
4056,1.65,5.02,6.08,9.34,4.44,2.48,10.77,0.22
4057,3.87,6.37,4.57,7.13,5.68,2.51,4.62,5.25
4058,2.11,3.33,6.74,1.7,8.61,10.75,6.17,0.59
4059,6.07,3.92,9.18,4.26,2.0,1.89,3.28,9.4
4060,4.64,6.43,9.25,1.25,4.72,5.83,1.27,6.61
4061,0.51,4.96,7.08,9.46,4.94,2.61,10.16,0.28
4062,4.88,3.44,3.9,10.71,5.41,4.55,2.65,4.46
4063,4.29,4.26,4.71,10.38,0.67,4.8,7.03,3.86
4064,7.48,6.46,4.19,2.41,7.13,6.21,0.73,5.39
4065,1.26,4.13,3.55,6.75,8.46,8.92,5.65,1.28
4066,7.48,3.81,6.64,7.65,5.04,3.9,2.42,3.06
4067,8.45,8.15,4.83,1.66,3.67,3.63,8.88,0.73
4068,3.62,9.3,6.66,7.29,4.78,4.22,3.8,0.33
4069,6.85,4.63,7.22,0.92,5.99,3.71,0.64,10.04
4070,3.66,1.9,3.84,4.23,2.67,11.93,6.17,5.6
4071,5.75,0.82,3.6,9.67,3.41,4.45,10.89,1.41
4072,2.82,4.47,4.77,1.68,13.07,7.99,2.43,2.77
4073,2.65,2.48,8.91,2.33,7.36,4.05,7.4,4.82
4074,1.57,3.87,2.85,2.98,10.78,9.97,5.21,2.77
4075,1.32,7.74,9.74,1.57,9.45,4.83,3.99,1.36
4076,7.25,1.02,9.69,0.54,7.46,4.96,7.39,1.69
4077,1.1,9.09,5.05,2.15,3.2,6.62,9.66,3.13
4078,0.8,7.2,4.42,3.38,7.9,6.42,1.55,8.33
4079,9.6,4.55,3.58,2.97,4.9,2.68,4.11,7.61
4080,7.71,4.33,6.96,4.07,0.98,2.7,0.81,12.44
4081,2.78,4.92,5.11,4.51,4.56,8.57,5.2,4.35
4082,3.56,1.3,4.21,12.15,5.33,2.08,1.9,9.47
4083,2.27,2.98,6.11,10.03,0.68,6.54,5.69,5.7
4084,6.65,5.02,1.86,6.49,1.17,8.4,0.83,9.58
4085,9.22,0.7,0.74,6.48,10.95,6.61,1.95,3.35
4086,0.95,9.01,5.16,1.48,9.32,3.56,9.09,1.43
4087,4.99,2.83,3.93,1.28,8.32,7.94,10.53,0.18
4088,2.27,1.74,2.1,10.43,9.95,4.3,5.34,3.87
4089,9.74,5.77,3.08,7.46,3.13,1.64,6.55,2.63
4090,2.16,6.09,0.92,11.49,9.31,2.62,4.74,2.67
4091,7.42,8.54,1.38,9.03,4.02,2.65,3.26,3.7
4092,2.43,5.95,2.77,6.4,6.54,1.24,12.29,2.38
4093,0.53,6.49,10.34,8.18,4.01,1.73,3.27,5.45
4094,0.67,7.68,7.46,8.21,7.35,5.16,0.2,3.27
4095,8.55,8.66,4.68,1.53,7.97,1.58,5.39,1.64
4096,1.78,1.59,1.0,10.28,2.11,10.9,3.66,8.68
4097,9.3,1.11,5.39,7.43,6.82,4.29,1.82,3.84
4098,2.16,2.76,11.28,8.16,2.66,6.39,4.32,2.27
4099,4.38,2.76,10.91,2.39,2.72,5.34,10.37,1.13
4100,2.04,0.68,12.36,3.63,2.95,3.7,13.45,1.19
4101,4.19,8.28,4.14,7.27,2.74,7.86,2.12,3.4
4102,4.65,9.01,2.8,1.04,10.65,2.14,1.65,8.06
4103,4.94,6.86,4.46,0.76,5.73,8.77,5.65,2.83
4104,2.78,3.54,4.71,9.95,0.77,1.36,3.78,13.11
4105,4.17,5.68,4.39,10.19,0.53,2.47,9.13,3.44
4106,4.3,7.47,8.01,1.38,5.81,5.99,5.04,2.0
4107,5.67,4.13,0.65,7.9,4.35,10.55,3.37,3.38
4108,5.35,9.29,8.03,1.33,1.01,6.78,3.08,5.13
4109,2.86,1.95,4.11,6.88,4.59,4.11,9.15,6.35
4110,7.95,3.71,7.46,5.53,6.22,0.73,6.05,2.35
4111,6.35,1.9,5.77,4.23,9.74,0.82,2.22,8.97
4112,8.95,5.75,7.65,5.24,5.56,0.82,5.01,1.02
4113,8.94,1.39,1.37,8.48,2.34,3.26,11.47,2.75
4114,9.96,6.91,6.26,3.23,1.52,0.6,4.47,7.05
4115,6.61,1.19,6.89,7.32,7.34,4.37,0.62,5.66
4116,5.73,3.9,2.41,9.39,1.98,3.74,10.15,2.7
4117,3.45,2.87,8.02,1.78,6.09,2.14,4.04,11.61
4118,8.54,5.53,8.38,2.32,2.08,1.11,9.76,2.28
4119,4.87,1.64,0.82,7.96,6.43,1.58,12.66,4.04
4120,6.42,1.2,4.36,10.8,6.52,2.9,4.81,2.99
4121,5.58,9.4,7.17,6.73,1.46,0.75,1.95,6.96
4122,9.05,5.07,8.22,5.68,2.91,3.13,5.32,0.62
4123,2.12,1.94,4.22,6.08,5.3,2.26,10.71,7.37
4124,6.12,8.46,7.97,3.88,2.84,3.21,4.86,2.66
4125,4.29,7.6,5.77,5.07,0.81,4.9,4.8,6.76
4126,6.19,8.58,3.25,6.23,6.46,5.38,1.29,2.62
4127,8.27,0.92,6.21,3.18,1.8,10.75,7.76,1.11
4128,6.01,3.01,2.22,6.86,1.24,7.69,6.59,6.38
4129,5.66,0.86,8.46,7.14,4.41,4.51,5.35,3.61
4130,2.84,4.89,5.66,5.45,6.11,3.65,5.95,5.45
4131,1.51,0.79,10.5,4.74,1.14,10.88,5.57,4.87
4132,4.17,10.0,4.41,3.27,5.16,5.86,3.81,3.32
4133,0.64,7.62,7.33,2.02,6.14,2.01,11.83,2.41
4134,4.77,7.86,1.83,8.85,7.88,3.92,3.39,1.5
4135,2.26,10.22,4.69,6.45,2.93,4.14,7.22,2.09
4136,6.02,2.09,3.53,3.46,7.75,9.46,3.61,4.08
4137,8.93,0.63,1.58,5.77,10.72,2.11,3.52,6.74
4138,7.32,1.55,4.26,2.74,8.45,5.36,2.92,7.4
4139,6.95,7.4,7.96,4.18,1.02,1.23,10.87,0.39
4140,5.72,7.62,6.85,6.49,4.04,3.59,4.22,1.47
4141,6.72,5.13,5.37,4.02,3.5,6.28,4.92,4.06
4142,2.45,2.53,2.0,11.95,8.8,5.04,6.96,0.27
4143,3.85,10.08,3.82,4.67,3.74,0.85,6.75,6.24
4144,0.77,3.67,10.28,1.92,2.55,5.04,13.38,2.39
4145,7.54,7.62,0.91,7.11,3.59,8.61,3.1,1.52
4146,9.17,7.07,1.71,2.0,8.59,3.48,5.13,2.85
4147,0.63,5.1,3.31,10.13,6.96,3.67,0.56,9.64
4148,2.28,4.23,8.14,3.0,6.98,6.42,1.83,7.12
4149,2.16,1.33,0.99,9.23,4.52,11.64,6.75,3.38
4150,5.58,5.82,5.26,7.94,4.33,6.93,1.07,3.07
4151,6.87,5.44,3.7,4.08,5.22,1.43,12.16,1.1
4152,1.91,2.07,4.86,11.43,1.47,4.7,10.77,2.79
4153,8.48,4.24,5.09,3.33,3.34,5.46,4.38,5.68
4154,3.42,6.21,7.06,2.48,4.86,4.58,1.41,9.98
4155,8.43,7.37,6.57,5.42,2.41,1.8,0.92,7.08
4156,7.36,7.18,4.56,3.0,8.89,1.02,0.57,7.42
4157,6.28,0.62,5.36,0.73,0.7,9.25,5.98,11.08
4158,8.9,2.82,0.74,2.81,10.79,1.78,10.22,1.94
4159,9.29,1.83,8.3,5.55,4.87,2.81,7.12,0.23
4160,2.32,3.24,4.86,3.37,10.99,1.28,5.83,8.11
4161,1.26,6.59,7.59,5.64,8.31,2.88,5.22,2.51
4162,9.87,3.68,8.81,4.31,3.08,5.72,2.08,2.45
4163,0.9,5.78,4.01,8.58,8.41,7.58,2.18,2.56
4164,2.14,6.45,4.44,3.02,4.41,12.89,2.02,4.63
4165,8.42,6.47,6.08,2.22,7.84,3.64,1.89,3.44
4166,5.0,1.19,4.01,6.33,7.24,7.36,7.06,1.81
4167,5.76,1.94,9.82,4.58,7.72,3.21,2.36,4.61
4168,3.09,3.36,2.43,6.39,0.97,12.41,4.97,6.38
4169,5.15,5.96,8.62,4.98,5.0,5.53,2.18,2.58
4170,0.87,2.71,8.37,8.77,5.42,3.17,9.58,1.11
4171,1.21,8.8,4.86,7.81,8.64,5.47,2.57,0.64
4172,2.43,8.57,4.89,8.8,3.05,5.14,4.42,2.7
4173,7.94,5.21,7.09,5.19,5.41,4.55,3.89,0.72
4174,1.19,1.4,1.18,0.8,13.61,5.73,7.87,8.22
4175,3.13,6.84,9.43,0.97,2.33,2.02,11.62,3.66
4176,4.92,8.45,8.13,0.56,5.99,3.99,1.99,5.97
4177,4.33,1.27,1.34,3.98,12.4,5.32,11.22,0.14
4178,3.86,7.78,4.67,9.08,0.49,8.75,3.62,1.75
4179,6.84,2.82,8.48,8.41,2.43,0.59,7.71,2.72
4180,1.18,4.24,5.82,1.18,2.02,9.88,6.25,9.43
4181,8.43,4.63,8.76,4.5,2.85,6.21,1.87,2.75
4182,1.89,4.14,9.28,8.92,1.63,9.11,0.49,4.54
4183,5.45,2.8,5.96,1.02,5.07,11.83,3.17,4.7
4184,7.51,6.15,2.51,8.49,5.82,1.65,3.47,4.4
4185,4.44,7.41,6.7,7.64,5.08,3.94,3.4,1.39
4186,5.8,6.72,7.09,2.49,3.17,1.99,6.85,5.89
4187,4.72,7.73,8.94,2.89,1.13,0.9,3.49,10.2
4188,9.12,6.34,1.38,4.85,8.65,1.05,3.05,5.56
4189,7.15,7.67,8.01,6.15,2.08,5.76,2.63,0.55
4190,5.51,7.45,8.7,7.03,1.31,4.94,3.1,1.96
4191,3.65,8.05,9.25,3.24,0.6,9.13,3.81,2.27
4192,6.64,8.7,1.35,7.73,5.61,4.54,0.55,4.88
4193,2.76,4.82,8.89,3.65,7.01,7.61,4.47,0.79
4194,4.01,9.88,3.62,8.57,0.41,4.56,0.46,8.49
4195,9.19,7.4,5.5,2.27,0.83,3.55,10.95,0.31
4196,8.67,7.34,4.41,7.02,4.15,4.56,1.64,2.21
4197,4.8,1.38,10.94,6.43,0.95,9.74,4.31,1.45
4198,1.65,3.63,0.82,2.44,13.1,3.89,4.55,9.92
4199,7.56,4.04,5.04,8.04,6.6,3.75,1.92,3.05
4200,4.25,2.23,2.07,6.68,10.78,6.05,1.15,6.79
4201,8.96,3.88,7.7,3.24,7.67,2.58,4.57,1.4
4202,4.05,9.87,0.82,2.47,10.43,3.06,3.65,5.65
4203,2.27,3.36,8.79,10.14,4.61,2.33,8.21,0.29
4204,9.28,4.37,2.57,5.63,3.81,5.55,2.04,6.75
4205,3.11,9.94,5.58,8.4,5.98,0.96,2.01,4.02
4206,8.88,0.46,4.36,5.36,7.32,5.99,6.3,1.33
4207,9.41,1.19,6.03,0.96,3.74,4.2,2.48,11.99
4208,2.32,7.71,3.47,3.87,1.06,3.01,10.04,8.52
4209,1.14,3.39,0.9,5.35,7.59,7.9,9.52,4.21
4210,6.87,1.05,6.3,9.99,3.86,4.25,7.27,0.41
4211,0.97,5.49,6.18,4.84,3.56,10.47,1.37,7.12
4212,1.56,0.83,1.38,12.35,3.34,2.86,5.71,11.97
4213,1.02,3.58,4.17,9.72,4.99,6.26,9.79,0.47
4214,2.68,3.0,9.71,0.79,6.01,9.37,2.14,6.3
4215,5.01,3.77,5.5,2.7,3.0,8.38,5.22,6.42
4216,4.14,10.12,5.36,1.81,5.79,7.29,3.06,2.43
4217,9.6,8.25,0.48,6.64,5.76,5.25,0.66,3.36
4218,3.41,6.56,7.98,3.74,1.25,4.36,10.07,2.63
4219,8.92,0.95,1.79,11.24,8.39,3.68,2.69,2.34
4220,2.95,7.84,4.23,7.29,5.98,0.93,4.56,6.22
4221,3.91,4.45,6.23,6.59,8.39,4.2,1.85,4.38
4222,4.38,9.18,1.87,8.47,7.99,1.08,2.73,4.3
4223,8.07,6.02,6.45,5.46,6.08,1.38,5.55,0.99
4224,3.99,4.92,2.79,4.3,7.09,4.35,3.15,9.41
4225,1.26,1.38,6.92,1.32,2.38,14.52,9.94,2.28
4226,5.84,5.87,1.37,1.08,2.19,15.18,5.21,3.26
4227,6.42,8.13,4.07,1.01,5.76,9.08,2.48,3.05
4228,3.81,9.17,1.0,10.4,3.45,4.08,6.42,1.67
4229,5.91,9.37,2.15,1.08,3.93,10.24,1.73,5.59
4230,2.77,8.59,6.56,4.15,0.55,8.7,7.38,1.3
4231,3.53,8.63,4.88,6.07,3.51,0.75,12.33,0.3
4232,5.31,3.65,8.71,6.73,3.71,0.61,3.32,7.96
4233,5.5,1.26,6.44,7.71,7.75,1.69,5.8,3.85
4234,5.25,4.73,9.1,7.02,4.88,2.36,3.92,2.74
4235,5.9,1.17,7.31,2.44,6.73,6.19,5.43,4.83
4236,2.53,4.22,4.74,10.76,3.91,7.49,0.86,5.49
4237,4.2,1.04,10.32,1.58,10.15,1.89,8.63,2.19
4238,6.84,7.19,3.88,7.38,2.28,5.57,1.46,5.4
4239,4.37,6.98,8.73,6.0,0.88,7.75,4.31,0.98
4240,1.01,3.18,6.87,9.53,5.46,2.03,10.18,1.74
4241,9.87,4.46,3.3,0.77,7.29,1.68,1.16,11.47
4242,4.91,1.66,5.77,10.94,2.1,7.01,2.28,5.33
4243,9.21,6.68,2.18,6.35,5.29,2.57,5.47,2.25
4244,3.11,2.74,3.98,2.11,4.57,7.4,5.86,10.23
4245,6.93,6.54,5.5,7.39,0.49,8.26,4.15,0.74
4246,3.53,9.08,1.15,5.43,2.47,7.91,1.29,9.14
4247,3.0,5.07,6.98,5.12,2.64,2.76,3.08,11.35
4248,7.22,1.61,1.74,6.71,9.57,1.59,9.2,2.36
4249,1.71,3.23,1.53,2.07,14.86,9.57,1.63,5.4
4250,2.83,3.61,1.58,2.65,9.49,1.68,13.86,4.3
4251,0.59,10.78,3.87,5.32,6.01,7.35,4.77,1.31
4252,1.16,4.26,9.98,6.46,5.11,0.69,7.42,4.92
4253,2.62,4.82,1.73,3.13,2.16,3.25,15.89,6.4
4254,2.88,10.37,5.18,6.79,5.81,5.25,1.81,1.91
4255,9.45,5.83,7.46,2.86,4.82,2.35,5.97,1.26
4256,2.51,4.16,0.96,7.72,10.59,6.49,4.33,3.24
4257,7.42,7.5,2.38,5.97,1.95,7.53,1.88,5.37
4258,7.98,2.38,2.68,5.68,2.45,3.51,6.56,8.76
4259,2.52,3.55,6.83,10.46,7.45,3.34,3.14,2.71
4260,8.05,8.49,7.7,3.15,6.28,3.17,3.05,0.11
4261,1.8,8.9,5.05,8.74,5.84,5.16,1.15,3.36
4262,1.38,8.01,5.5,3.98,6.21,6.16,5.97,2.79
4263,7.19,2.06,9.39,8.28,3.54,6.11,2.42,1.01
4264,9.55,4.2,6.11,3.45,6.61,3.05,6.02,1.01
4265,9.19,0.8,0.98,5.27,9.99,5.31,1.17,7.29
4266,7.91,1.89,4.96,1.93,1.77,10.15,10.5,0.89
4267,1.92,6.83,6.73,5.71,5.48,4.28,2.19,6.86
4268,2.75,2.63,0.93,10.8,6.45,7.12,7.06,2.26
4269,7.83,3.68,8.6,6.15,5.62,0.63,6.86,0.63
4270,1.36,4.57,11.27,1.89,2.7,5.96,4.1,8.15
4271,8.27,2.88,0.89,6.44,10.26,0.92,5.33,5.01
4272,1.59,5.08,3.64,6.65,1.93,6.16,9.77,5.18
4273,9.51,5.49,1.71,8.84,1.04,3.05,3.28,7.08
4274,1.35,9.74,4.37,8.44,2.06,1.64,3.29,9.11
4275,9.68,5.32,3.63,1.45,6.62,8.08,2.93,2.29
4276,6.96,5.94,5.59,6.77,3.51,1.84,3.59,5.8
4277,5.11,3.57,3.01,6.3,4.02,9.67,3.94,4.38
4278,6.26,6.26,7.34,2.91,1.99,3.99,7.49,3.76
4279,7.24,7.05,7.81,2.43,0.59,4.09,8.49,2.3
4280,5.5,7.32,4.9,1.54,2.69,5.51,8.38,4.16
4281,7.35,4.38,5.5,7.3,5.14,3.12,0.79,6.42
4282,9.78,6.95,4.03,6.67,2.96,1.69,3.73,4.19
4283,5.14,6.11,7.16,3.27,3.64,1.05,5.39,8.24
4284,1.59,0.81,6.14,1.11,7.75,10.04,1.35,11.21
4285,6.71,6.65,5.72,6.42,1.02,1.1,11.5,0.88
4286,4.96,2.4,4.81,4.18,9.41,3.08,4.53,6.63
4287,9.28,5.88,7.37,6.39,2.44,4.44,0.91,3.29
4288,6.55,7.41,5.45,4.22,2.17,9.27,3.44,1.49
4289,7.11,3.66,5.98,0.81,9.15,2.86,4.39,6.04
4290,6.41,7.47,4.85,4.35,4.98,7.01,2.42,2.51
4291,4.23,8.37,1.51,0.55,8.57,1.54,3.69,11.54
4292,9.37,8.05,3.03,2.59,6.99,5.33,3.36,1.28
4293,6.54,8.68,4.53,3.69,1.96,6.95,5.53,2.12
4294,8.64,6.6,3.66,4.5,2.44,4.32,4.28,5.56
4295,1.07,9.77,9.06,2.58,3.38,3.09,5.17,5.88
4296,7.28,3.53,7.67,2.73,0.78,9.41,3.6,5.0
4297,0.75,1.28,1.56,0.8,6.9,3.03,15.82,9.86
4298,3.88,1.47,4.87,4.46,4.69,7.89,7.9,4.84
4299,1.58,7.64,8.61,3.24,5.96,8.4,3.03,1.54
4300,0.6,7.69,7.5,8.12,2.17,1.67,6.38,5.87
4301,5.73,1.05,5.71,8.77,5.04,7.44,4.11,2.15
4302,6.26,2.21,9.16,7.08,4.02,3.58,4.08,3.61
4303,2.32,3.24,0.64,12.21,9.31,1.28,3.85,7.15
4304,0.84,3.45,6.1,0.89,10.37,3.72,4.12,10.51
4305,4.56,1.74,2.14,10.33,1.49,11.62,6.14,1.98
4306,5.33,1.23,4.75,4.02,4.96,7.64,9.22,2.85
4307,3.27,2.97,2.66,4.92,9.38,3.28,8.15,5.37
4308,1.05,8.63,5.26,1.32,1.57,6.04,15.2,0.93
4309,2.94,1.42,5.84,8.16,3.61,7.47,4.82,5.74
4310,4.52,0.58,2.16,4.02,2.67,13.64,5.27,7.14
4311,9.12,4.58,7.17,1.48,3.13,8.44,0.72,5.36
4312,8.28,0.74,9.71,2.51,6.15,4.22,5.76,2.63
4313,6.32,9.3,1.78,2.39,8.55,2.62,3.76,5.28
4314,3.53,7.75,3.81,9.95,4.83,6.42,2.19,1.52
4315,8.33,8.42,6.61,4.5,2.13,4.05,1.28,4.68
4316,1.34,10.63,4.7,0.58,2.29,3.53,15.97,0.96
4317,1.89,6.91,6.2,1.89,2.27,11.11,1.63,8.1
4318,6.05,5.15,0.95,8.76,8.43,6.18,2.29,2.19
4319,2.01,8.72,6.11,1.76,9.11,2.11,4.9,5.28
4320,9.71,6.1,0.95,4.25,7.55,3.4,0.96,7.08
4321,2.89,8.54,7.09,8.13,6.39,1.11,3.01,2.84
4322,2.15,5.89,0.67,11.28,1.82,1.3,5.27,11.62
4323,4.86,2.85,0.95,12.22,4.18,5.28,3.66,6.0
4324,6.42,9.12,1.0,8.68,7.02,4.88,2.69,0.19
4325,1.35,1.69,5.56,6.77,3.85,8.05,3.58,9.15
4326,6.1,0.69,2.57,6.45,4.1,1.6,17.43,1.06
4327,7.93,5.13,1.89,8.98,6.44,3.99,4.6,1.04
4328,6.21,6.81,8.97,5.68,6.1,1.52,0.54,4.17
4329,4.27,10.11,2.11,5.38,8.49,4.04,5.36,0.24
4330,4.32,7.67,6.72,6.07,2.93,5.13,1.15,6.01
4331,5.01,7.15,7.47,6.91,4.58,2.07,6.65,0.16
4332,5.15,1.35,3.23,5.19,8.09,9.36,0.51,7.12
4333,7.3,2.65,7.95,1.93,5.83,4.3,3.53,6.51
4334,0.78,0.81,5.87,3.29,12.44,0.63,10.58,5.6
4335,7.29,6.31,1.79,6.19,7.23,2.45,5.58,3.16
4336,2.36,4.42,0.67,3.37,5.92,1.43,10.06,11.77
4337,1.78,3.16,11.54,1.59,7.62,8.64,4.1,1.57
4338,4.43,6.31,1.95,10.76,7.62,2.76,4.85,1.32
4339,6.51,8.0,5.88,7.52,1.36,3.6,0.84,6.29
4340,4.37,2.73,9.78,3.02,5.5,4.76,8.68,1.16
4341,5.43,7.6,7.61,0.82,5.42,1.44,11.27,0.41
4342,6.5,0.57,7.02,7.67,6.77,4.88,3.68,2.91
4343,6.51,9.43,0.83,2.65,8.78,2.42,9.31,0.07
4344,5.66,4.29,4.7,7.85,1.41,1.61,5.3,9.18
4345,3.43,6.52,4.36,5.94,3.03,8.62,0.69,7.41
4346,4.78,8.19,5.79,1.12,9.31,5.49,4.17,1.15
4347,6.38,4.65,1.72,7.15,7.53,1.55,9.86,1.16
4348,9.71,2.93,8.73,1.08,6.26,1.07,2.06,8.16
4349,9.87,4.2,1.37,4.31,1.23,4.62,7.88,6.52
4350,2.85,7.51,4.45,0.92,7.15,8.67,4.94,3.51
4351,5.13,7.37,6.87,6.84,1.21,2.31,8.81,1.46
4352,3.43,3.34,9.9,0.84,0.82,12.34,7.42,1.91
4353,2.5,5.64,5.81,4.91,1.86,2.78,4.17,12.33
4354,2.09,6.26,9.53,6.3,5.51,1.77,5.63,2.91
4355,8.16,6.17,0.8,0.7,5.67,8.81,1.08,8.61
4356,1.36,10.9,9.23,2.78,7.03,1.41,5.14,2.15
4357,2.88,7.09,7.76,3.35,2.38,3.28,1.47,11.79
4358,4.04,6.57,7.65,4.72,5.23,1.44,5.54,4.81
4359,5.78,2.57,2.45,10.37,8.6,6.23,2.1,1.9
4360,6.09,9.18,2.45,7.56,5.2,2.88,6.44,0.2
4361,7.09,0.94,1.39,8.1,4.35,9.1,3.88,5.15
4362,5.01,8.35,1.41,4.6,7.84,6.95,3.55,2.29
4363,5.17,7.73,6.92,4.47,3.55,8.06,0.76,3.34
4364,1.01,8.35,1.66,7.79,2.94,9.34,3.23,5.68
4365,7.1,6.96,0.8,6.46,7.46,7.12,2.89,1.21
4366,1.47,6.94,9.95,0.51,10.14,1.23,2.7,7.06
4367,8.78,6.57,1.05,5.61,3.39,1.18,9.9,3.52
4368,2.95,8.75,9.34,3.95,6.4,2.54,1.6,4.47
4369,0.85,1.66,8.97,10.95,5.46,6.01,1.57,4.53
4370,9.84,6.74,6.93,0.81,7.08,3.33,0.91,4.36
4371,2.99,9.39,1.01,4.55,5.8,4.45,5.08,6.73
4372,4.54,5.71,6.74,1.61,2.49,4.3,12.95,1.66
4373,7.27,7.24,5.17,4.57,1.41,1.26,2.88,10.2
4374,5.54,0.8,8.46,6.59,4.76,3.03,10.57,0.25
4375,0.64,6.51,10.09,8.52,1.43,2.75,6.51,3.55
4376,3.95,0.76,3.41,3.23,12.21,3.78,2.32,10.34
4377,8.35,8.35,3.42,3.4,3.45,5.98,2.56,4.49
4378,3.87,9.47,6.65,1.53,3.68,2.63,11.75,0.42
4379,4.11,2.22,9.86,4.7,3.55,10.21,1.21,4.14
4380,7.24,8.15,7.45,4.04,1.42,5.69,0.54,5.47
4381,1.97,9.96,2.57,7.62,0.73,10.78,2.23,4.14
4382,6.32,7.02,0.45,9.96,5.03,2.43,4.65,4.14
4383,8.99,0.66,5.1,9.09,0.7,4.87,9.55,1.04
4384,3.74,6.6,4.67,3.43,6.69,4.3,8.92,1.65
4385,9.72,8.31,4.57,3.26,6.53,0.71,0.69,6.21
4386,7.07,8.49,6.6,3.59,1.19,4.2,7.91,0.95
4387,7.4,2.27,0.99,3.25,6.33,6.07,13.08,0.61
4388,2.06,10.55,2.43,6.63,6.67,7.18,2.43,2.05
4389,2.74,6.87,8.68,3.25,1.87,5.37,3.0,8.22
4390,1.24,8.96,9.63,5.57,0.83,5.87,6.4,1.5
4391,7.7,7.75,2.82,0.98,7.67,5.4,0.93,6.75
4392,5.82,5.25,8.62,2.94,5.55,4.44,3.5,3.88
4393,7.48,7.51,6.28,6.53,4.54,1.98,4.59,1.09
4394,3.75,0.93,6.37,2.35,7.92,5.35,6.82,6.51
4395,9.88,5.1,5.02,5.93,4.94,4.56,1.01,3.56
4396,1.79,2.2,8.66,0.66,8.47,1.71,8.1,8.41
4397,9.22,3.3,4.23,4.16,3.95,8.33,5.36,1.45
4398,6.69,9.33,2.56,5.54,3.09,6.16,2.81,3.82
4399,7.44,7.56,7.9,1.41,1.72,6.16,5.27,2.54
4400,7.85,7.89,4.67,3.31,5.71,2.47,4.38,3.72
4401,3.03,7.22,5.15,9.06,5.82,4.58,4.14,1.0
4402,4.1,1.82,7.56,3.68,8.35,2.5,1.83,10.16
4403,0.72,10.13,9.46,7.22,5.13,2.39,2.22,2.73
4404,9.63,1.65,6.99,6.09,3.49,5.06,6.84,0.25
4405,4.59,7.07,6.81,1.15,6.3,7.89,2.83,3.36
4406,8.31,3.9,1.01,5.45,6.12,5.54,8.23,1.44
4407,8.1,3.79,4.69,5.72,2.42,4.95,8.65,1.68
4408,4.24,7.7,5.3,5.07,2.99,8.88,1.73,4.09
4409,3.5,9.59,7.07,6.44,1.69,5.96,1.67,4.08
4410,3.88,6.37,7.3,1.26,2.2,8.92,1.24,8.83
4411,0.63,3.72,4.15,4.32,9.85,6.93,2.34,8.06
4412,4.01,5.91,4.6,8.43,4.2,4.35,7.3,1.2
4413,7.47,4.18,1.5,5.89,7.63,0.64,2.74,9.95
4414,8.26,5.9,5.3,7.84,3.7,3.96,1.9,3.14
4415,7.74,3.78,0.81,1.95,8.15,8.34,7.18,2.05
4416,8.58,0.93,8.36,5.07,2.41,4.88,7.7,2.07
4417,8.92,1.92,8.96,2.76,4.81,5.02,0.41,7.2
4418,4.87,2.98,6.4,5.5,5.62,0.62,4.53,9.48
4419,7.16,8.28,7.69,4.51,5.93,1.0,1.01,4.42
4420,9.46,7.07,7.68,3.39,1.02,0.77,10.42,0.19
4421,8.06,5.38,3.63,8.72,4.85,2.34,3.81,3.21
4422,4.77,1.25,0.79,3.11,3.94,4.58,9.36,12.2
4423,3.8,8.8,7.71,1.1,0.83,9.41,1.94,6.41
4424,5.92,6.76,0.79,8.21,1.99,5.44,10.65,0.24
4425,9.06,2.86,6.8,7.71,5.47,3.99,1.76,2.35
4426,5.2,1.53,0.89,11.56,7.44,3.4,8.34,1.64
4427,3.2,6.26,6.98,7.21,6.09,3.09,4.05,3.12
4428,6.47,4.34,6.22,2.71,8.78,6.04,3.21,2.23
4429,2.58,1.95,7.51,2.33,5.72,4.49,2.42,13.0
4430,7.06,6.55,6.33,7.48,2.49,6.1,0.37,3.62
4431,2.92,6.44,1.17,0.66,10.39,2.66,7.16,8.6
4432,4.16,8.77,6.28,1.63,1.99,5.81,10.97,0.39
4433,9.49,1.07,1.52,1.82,3.69,6.6,2.44,13.37
4434,9.9,8.3,2.82,7.32,1.94,1.28,4.41,4.03
4435,7.01,8.34,7.81,3.14,1.37,5.33,0.67,6.33
4436,3.38,2.39,7.84,6.61,5.19,4.67,5.11,4.81
4437,5.92,8.39,1.77,5.8,7.92,6.7,1.29,2.21
4438,0.95,9.73,8.9,8.08,4.75,3.05,0.25,4.29
4439,8.75,7.33,1.67,3.78,4.94,7.35,2.37,3.81
4440,4.47,3.06,7.54,4.65,6.73,4.89,6.09,2.57
4441,3.25,8.48,4.56,7.54,5.57,5.38,0.6,4.62
4442,5.25,2.19,2.85,1.73,7.25,5.74,1.3,13.69
4443,2.39,5.87,7.1,7.37,1.74,3.95,9.44,2.14
4444,7.35,3.19,6.21,6.44,5.26,5.75,3.01,2.79
4445,2.04,3.19,9.3,7.8,0.64,9.32,5.54,2.17
4446,1.71,3.81,4.66,10.83,5.01,8.44,3.59,1.95
4447,6.82,9.37,6.88,4.41,3.29,3.17,3.59,2.47
4448,1.46,9.87,3.36,3.28,7.36,4.17,0.94,9.56
4449,1.13,5.98,1.79,6.71,6.83,3.54,13.3,0.72
4450,5.27,8.9,1.51,4.73,9.63,6.35,0.65,2.96
4451,2.28,3.33,6.24,1.87,8.05,9.18,8.24,0.81
4452,2.89,7.87,2.92,2.32,6.71,5.85,1.68,9.76
4453,8.48,8.43,2.84,3.17,2.32,5.39,4.85,4.52
4454,6.34,5.44,0.57,7.78,0.81,9.58,1.44,8.04
4455,9.72,8.03,4.59,4.16,0.67,6.79,0.53,5.51
4456,8.45,1.3,2.82,2.7,8.01,8.51,7.05,1.16
4457,4.05,3.7,5.18,4.12,3.51,2.06,10.32,7.06
4458,4.31,7.91,8.33,4.34,5.08,2.37,0.92,6.74
4459,9.59,1.74,3.38,3.01,0.94,5.43,15.61,0.3
4460,1.25,6.44,3.59,6.51,9.81,0.82,1.16,10.42
4461,1.37,6.02,6.93,4.7,1.4,10.21,6.89,2.48
4462,6.28,5.85,6.9,7.62,3.18,0.5,7.15,2.52
4463,1.87,9.15,8.55,1.72,9.12,1.1,7.98,0.51
4464,9.37,3.88,8.32,6.5,2.59,5.18,1.29,2.87
4465,7.1,0.6,0.93,5.2,8.38,4.55,12.66,0.58
4466,9.28,4.19,4.34,8.47,1.76,2.48,9.39,0.09
4467,4.71,8.83,5.75,2.74,5.08,4.49,3.97,4.43
4468,3.39,4.23,1.88,7.79,4.59,6.8,8.36,2.96
4469,7.01,9.39,7.11,5.94,1.01,4.37,0.91,4.26
4470,5.78,3.5,1.15,1.73,4.78,2.67,9.63,10.76
4471,1.87,9.4,8.88,3.32,6.31,5.59,3.61,1.02
4472,5.01,4.52,3.49,1.86,5.42,11.46,4.73,3.51
4473,4.76,1.16,5.42,7.97,7.76,7.94,3.12,1.87
4474,5.43,6.73,6.91,5.04,2.3,8.83,4.38,0.38
4475,8.61,7.44,0.99,2.93,1.34,12.42,1.26,5.01
4476,0.64,5.67,1.07,9.19,1.76,9.56,5.84,6.27
4477,7.68,7.68,3.62,2.01,3.15,3.38,10.04,2.44
4478,2.6,6.7,2.11,6.96,6.17,0.79,4.53,10.14
4479,8.87,3.98,2.06,2.92,10.65,5.05,3.14,3.33
4480,3.22,8.46,2.21,9.1,3.93,5.47,5.71,1.9
4481,3.46,6.27,5.3,3.31,8.65,8.25,4.62,0.14
4482,7.14,8.35,4.77,5.61,6.03,2.23,1.01,4.86
4483,4.49,4.68,5.38,4.81,7.72,1.94,4.56,6.42
4484,6.97,5.08,5.95,7.72,4.37,3.07,1.28,5.56
4485,7.51,0.61,3.16,8.1,2.41,6.03,0.63,11.55
4486,8.78,8.47,0.42,2.12,0.74,1.3,3.81,14.36
4487,1.38,6.51,4.41,1.74,7.25,4.87,7.19,6.65
4488,5.77,1.33,2.72,11.65,4.8,5.5,6.41,1.82
4489,2.58,9.02,4.8,1.39,8.1,3.76,4.53,5.82
4490,1.01,8.84,5.73,3.95,7.44,5.97,2.04,5.02
4491,9.05,2.53,1.73,8.07,6.95,3.96,5.03,2.68
4492,2.21,1.57,10.54,9.92,3.86,2.0,9.71,0.19
4493,6.12,9.59,2.74,7.97,4.47,5.48,1.45,2.18
4494,1.16,2.37,1.35,5.55,8.3,12.72,1.32,7.23
4495,1.57,8.11,6.06,9.65,3.49,2.14,3.84,5.14
4496,9.61,2.29,3.88,9.23,6.34,3.31,2.72,2.62
4497,6.27,6.08,1.88,9.13,8.12,1.67,1.81,5.04
4498,5.91,9.07,3.54,0.65,2.94,10.89,4.25,2.75
4499,3.82,5.1,5.58,9.78,7.08,3.8,2.6,2.24
4500,7.72,5.2,8.7,6.76,2.98,3.14,5.04,0.46
4501,4.3,5.92,6.24,5.45,4.42,4.8,2.27,6.6
4502,6.7,3.74,1.72,7.86,3.47,2.43,5.2,8.88
4503,9.91,4.37,6.96,3.56,3.35,6.94,2.85,2.06
4504,4.1,9.56,1.62,8.14,6.85,4.6,4.48,0.65
4505,9.0,1.79,4.61,5.22,2.78,9.16,5.82,1.62
4506,4.24,8.12,6.2,1.28,0.64,5.29,2.73,11.5
4507,7.96,1.17,5.55,3.24,7.65,7.26,4.06,3.11
4508,7.0,4.31,8.09,5.2,7.34,4.01,0.84,3.21
4509,4.38,3.84,9.31,2.98,1.22,5.18,5.93,7.16
4510,2.86,1.07,8.17,5.6,9.46,6.18,4.57,2.09
4511,6.28,8.01,6.37,7.63,4.19,1.22,3.33,2.97
4512,2.8,5.76,3.55,4.9,10.58,2.54,9.08,0.79
4513,2.37,5.8,9.92,2.91,7.7,4.04,7.09,0.17
4514,5.62,6.07,2.64,7.36,3.5,7.34,0.68,6.79
4515,8.13,3.23,4.09,0.88,3.79,8.3,1.92,9.66
4516,3.82,5.19,2.23,5.23,4.72,9.39,6.65,2.77
4517,9.32,7.84,3.14,2.11,7.92,5.35,1.45,2.87
4518,4.8,9.84,4.56,8.13,2.56,3.47,3.35,3.29
4519,7.21,3.29,6.97,8.26,5.91,2.0,4.65,1.71
4520,0.85,6.01,5.99,10.52,2.51,8.01,0.42,5.69
4521,8.6,5.58,2.65,6.0,1.66,9.46,4.6,1.45
4522,7.63,3.89,8.47,3.67,0.79,9.06,2.09,4.4
4523,3.79,0.65,8.83,10.39,4.67,3.46,5.94,2.27
4524,3.48,6.64,2.37,1.37,6.55,7.56,9.4,2.63
4525,7.22,0.62,3.06,7.14,10.32,3.12,5.65,2.87
4526,3.49,6.76,2.97,2.43,8.11,7.66,4.36,4.22
4527,6.64,6.28,1.4,3.77,1.01,8.63,1.1,11.17
4528,9.18,4.97,0.6,6.43,8.49,5.54,2.36,2.43
4529,9.77,6.74,7.78,3.53,4.67,3.03,3.27,1.21
4530,9.96,3.34,5.96,0.5,1.99,5.73,3.02,9.5
4531,5.43,1.37,4.35,9.19,2.93,9.32,3.18,4.23
4532,6.52,4.72,5.31,7.88,1.8,2.59,8.21,2.97
4533,6.4,4.85,3.87,9.93,2.62,4.99,1.18,6.16
4534,7.58,7.7,3.16,7.66,5.81,5.04,2.69,0.36
4535,3.8,2.36,4.91,1.67,3.05,16.14,3.68,4.39
4536,2.43,6.12,9.38,7.49,4.93,6.23,2.03,1.39
4537,8.67,2.07,7.29,6.36,3.48,1.95,7.41,2.77
4538,7.65,1.89,5.81,6.73,4.3,4.8,2.64,6.18
4539,4.9,1.95,7.77,7.91,7.28,1.54,5.11,3.54
4540,8.11,4.54,5.81,4.36,6.05,2.85,2.33,5.95
4541,8.01,5.6,3.6,8.24,5.2,4.7,0.66,3.99
4542,8.06,7.05,1.54,2.91,8.2,4.63,0.89,6.72
4543,8.66,7.6,1.16,8.87,0.84,6.24,2.39,4.24
4544,6.73,1.43,8.53,4.24,5.28,7.72,4.45,1.62
4545,6.93,8.1,2.58,4.17,3.16,7.16,1.41,6.49
4546,0.87,6.47,3.93,0.63,11.59,3.95,11.19,1.37
4547,7.44,3.64,5.97,8.88,5.47,5.55,1.88,1.17
4548,7.5,6.26,1.59,5.64,3.5,7.64,6.88,0.99
4549,0.58,7.59,3.27,9.58,3.34,6.19,1.99,7.46
4550,2.14,4.58,3.0,4.63,0.68,4.07,8.17,12.73
4551,5.55,1.5,1.59,1.9,7.54,3.93,7.32,10.67
4552,4.87,4.06,9.4,3.97,7.47,2.24,2.06,5.93
4553,1.86,1.43,7.51,5.73,1.47,6.26,2.95,12.79
4554,4.12,9.02,6.51,6.76,6.65,0.97,3.7,2.27
4555,9.79,7.15,6.16,3.6,4.57,0.68,1.81,6.24
4556,2.91,8.94,7.66,3.18,3.18,7.54,3.26,3.33
4557,4.94,1.87,9.17,4.5,3.9,4.6,6.65,4.37
4558,9.71,7.1,4.4,0.57,7.49,4.04,1.65,5.04
4559,8.03,8.78,5.06,4.18,5.08,1.67,3.99,3.21
4560,0.54,10.58,0.9,2.44,8.48,0.89,3.39,12.78
4561,7.61,2.89,9.44,4.68,4.71,3.46,1.44,5.77
4562,4.03,5.16,7.26,7.68,4.85,6.28,3.1,1.64
4563,6.84,1.5,9.13,4.25,5.29,2.77,3.69,6.53
4564,9.63,6.2,3.16,4.51,1.83,3.42,7.45,3.8
4565,1.3,4.2,6.67,2.71,11.17,4.8,5.75,3.4
4566,2.8,9.18,6.46,3.04,4.32,5.03,5.59,3.58
4567,9.32,4.87,5.27,5.13,5.25,2.72,3.0,4.44
4568,8.4,5.13,1.13,5.94,3.03,1.88,8.29,6.2
4569,5.66,7.43,2.81,0.52,3.37,5.55,10.39,4.27
4570,1.96,7.74,3.69,7.67,6.8,1.12,1.57,9.45
4571,7.93,1.85,6.03,8.9,4.37,5.12,3.76,2.04
4572,5.55,8.18,6.01,4.04,4.22,1.89,2.19,7.92
4573,8.86,7.24,2.75,7.54,1.33,5.53,4.83,1.92
4574,4.05,9.97,1.6,5.66,7.86,3.05,1.32,6.49
4575,2.03,6.22,5.41,8.74,7.54,1.18,7.17,1.71
4576,9.19,1.85,3.75,1.24,1.02,10.78,9.76,2.41
4577,2.62,10.16,7.56,5.62,4.3,6.17,3.38,0.19
4578,3.76,9.46,1.81,8.46,1.42,8.53,3.7,2.86
4579,5.51,6.67,2.57,2.08,1.87,2.06,12.89,6.35
4580,9.92,2.26,1.25,10.16,3.95,8.16,1.03,3.27
4581,7.54,7.9,0.51,2.05,6.12,8.94,3.96,2.98
4582,7.98,2.44,3.12,6.08,2.84,5.31,2.71,9.52
4583,5.52,4.55,4.27,7.51,6.28,2.59,4.73,4.55
4584,7.12,7.72,8.05,2.5,1.6,7.69,2.28,3.04
4585,5.14,8.1,6.55,3.26,6.4,2.3,2.8,5.45
4586,1.86,2.11,10.87,2.51,5.26,8.11,6.95,2.33
4587,4.59,2.49,10.13,5.96,2.26,4.31,8.65,1.61
4588,5.82,2.83,6.6,5.63,5.94,3.14,8.23,1.81
4589,2.24,6.63,8.82,1.81,7.47,2.47,1.99,8.57
4590,2.24,2.3,5.34,0.61,14.31,4.32,0.61,10.27
4591,5.09,9.72,3.46,6.27,1.39,4.48,2.45,7.14
4592,7.79,2.6,8.96,6.43,0.54,1.14,12.44,0.1
4593,6.3,1.96,8.14,2.95,9.02,4.39,1.2,6.04
4594,4.46,7.32,5.66,6.8,2.49,3.63,8.44,1.2
4595,3.35,7.73,1.06,6.74,4.49,10.25,5.58,0.8
4596,4.97,5.02,2.42,10.6,2.78,8.51,5.03,0.67
4597,3.58,0.78,3.05,9.71,4.69,8.29,8.99,0.91
4598,6.14,9.57,5.59,3.51,2.97,2.42,2.61,7.19
4599,5.77,3.47,8.42,7.82,0.48,4.76,1.85,7.43
4600,3.18,9.26,4.61,3.91,7.06,7.62,3.58,0.78
4601,6.69,8.45,3.38,3.86,8.56,5.42,1.58,2.06
4602,5.01,5.16,4.18,4.49,9.28,5.39,3.82,2.67
4603,6.77,3.24,4.64,1.97,1.54,6.31,1.32,14.21
4604,1.43,6.7,5.5,9.2,5.43,5.05,3.58,3.11
4605,3.76,1.73,11.25,2.05,6.9,8.74,2.45,3.12
4606,5.29,8.33,2.03,5.03,8.4,0.93,1.29,8.7
4607,6.5,1.5,4.7,2.55,8.31,1.35,11.27,3.82
4608,1.89,7.11,2.74,3.02,3.12,8.04,10.94,3.14
4609,0.89,9.23,7.76,4.58,7.64,6.3,2.9,0.7
4610,6.37,8.91,7.69,0.76,1.42,0.51,3.12,11.22
4611,3.76,4.33,0.81,7.85,2.78,5.88,7.89,6.7
4612,7.02,6.99,5.28,7.52,4.33,4.31,4.12,0.43
4613,1.8,2.09,3.32,8.95,0.9,4.71,15.87,2.36
4614,1.69,9.15,1.96,3.54,2.81,11.13,3.0,6.72
4615,0.87,5.29,10.39,2.79,1.87,5.94,3.3,9.55
4616,3.29,3.45,8.32,6.62,0.53,8.69,4.26,4.84
4617,9.83,8.0,3.54,0.91,7.93,4.61,4.25,0.93
4618,8.87,1.59,4.0,8.13,6.87,1.19,8.67,0.68
4619,9.03,2.37,2.57,7.01,0.55,1.75,11.42,5.3
4620,3.99,3.32,4.84,9.09,6.06,2.11,2.84,7.75
4621,5.15,5.41,7.15,1.76,8.88,4.68,3.3,3.67
4622,8.96,5.52,4.89,7.47,3.91,1.52,2.01,5.72
4623,5.3,8.06,1.72,7.32,8.07,1.76,7.59,0.18
4624,5.67,5.7,3.94,9.35,7.61,3.0,0.64,4.09
4625,7.5,4.25,2.43,5.05,7.91,2.06,5.41,5.39
4626,3.38,1.02,11.12,0.86,1.26,2.12,4.56,15.68
4627,7.49,4.35,0.92,7.48,7.34,5.69,2.78,3.95
4628,6.43,4.25,3.0,6.62,8.54,5.41,1.19,4.56
4629,5.93,4.37,7.05,1.28,7.41,1.71,11.49,0.76
4630,7.81,7.06,2.21,1.16,7.24,2.16,12.15,0.21
4631,7.99,8.49,5.09,7.29,1.01,0.51,1.3,8.32
4632,1.32,1.52,9.28,6.21,3.39,6.64,8.47,3.17
4633,7.13,7.11,7.73,7.07,0.34,6.95,3.23,0.44
4634,2.69,9.25,5.22,2.07,7.09,3.94,2.63,7.11
4635,3.72,4.39,5.99,4.51,0.84,7.08,1.3,12.17
4636,6.34,9.33,3.58,6.31,5.88,1.4,0.59,6.57
4637,4.66,3.86,8.91,8.55,5.34,5.07,2.17,1.44
4638,2.28,7.36,9.78,6.77,5.78,5.31,0.91,1.81
4639,4.94,4.98,4.99,4.56,5.14,9.92,1.75,3.72
4640,1.92,0.78,6.23,5.03,8.08,3.4,2.02,12.54
4641,7.66,3.37,3.44,3.35,10.66,4.2,1.22,6.1
4642,6.96,6.3,2.19,4.18,2.8,3.09,9.29,5.19
4643,3.07,5.42,7.11,6.2,2.52,9.82,5.36,0.5
4644,7.97,7.67,6.16,1.61,1.83,4.74,4.36,5.66
4645,8.89,8.74,3.58,5.12,3.96,3.51,0.56,5.64
4646,1.51,7.38,8.55,1.98,1.82,10.67,1.24,6.85
4647,3.04,2.85,6.32,1.69,0.77,2.72,11.05,11.56
4648,1.59,5.29,10.26,9.04,4.61,5.34,3.7,0.17
4649,2.98,8.39,9.52,3.96,1.72,5.6,4.56,3.27
4650,2.67,4.76,10.6,1.78,2.12,11.29,1.03,5.75
4651,4.06,3.23,8.03,3.39,9.24,8.02,1.26,2.77
4652,5.31,6.42,4.54,6.46,0.52,3.82,1.27,11.66
4653,9.03,1.5,8.73,5.2,4.92,4.32,5.25,1.05
4654,2.09,3.54,6.31,8.41,3.05,4.93,4.49,7.18
4655,9.21,4.01,6.95,1.05,4.64,3.21,1.45,9.48
4656,7.69,5.5,4.57,7.56,1.63,6.43,4.86,1.76
4657,6.86,2.54,7.16,9.12,2.01,8.16,3.75,0.4
4658,3.01,5.0,7.8,3.06,8.05,3.69,4.25,5.14
4659,5.81,7.09,5.77,1.86,7.26,1.29,9.26,1.66
4660,9.86,3.89,5.02,5.12,1.7,7.3,4.38,2.73
4661,3.07,10.49,2.29,2.31,5.18,7.5,5.94,3.22
4662,7.17,2.58,5.49,2.61,4.07,7.13,8.28,2.67
4663,1.26,10.06,0.93,7.35,1.29,4.94,6.03,8.14
4664,1.98,7.72,8.47,2.85,4.76,8.85,3.65,1.72
4665,2.86,5.73,8.43,3.11,5.56,6.72,5.44,2.15
4666,1.6,10.77,4.84,4.32,1.28,8.88,3.51,4.8
4667,8.21,8.71,3.35,4.39,4.09,5.46,4.67,1.12
4668,8.27,1.9,7.66,1.12,6.22,8.7,5.8,0.33
4669,8.08,6.55,7.55,3.18,2.05,7.98,1.78,2.83
4670,6.41,1.83,1.37,4.33,13.02,6.38,5.92,0.74
4671,3.87,6.04,8.97,0.8,6.12,1.16,5.17,7.87
4672,0.58,8.43,3.51,6.03,10.36,1.13,3.33,6.63
4673,9.19,3.35,5.44,4.9,1.64,9.43,3.34,2.71
4674,1.52,2.52,9.53,3.73,0.93,11.37,8.43,1.97
4675,4.54,6.68,3.27,3.98,10.28,6.97,0.71,3.57
4676,0.86,10.63,4.96,3.92,1.44,8.65,2.83,6.71
4677,7.75,8.23,5.44,0.84,5.67,4.06,2.64,5.37
4678,0.55,7.85,7.53,4.38,1.71,8.54,6.18,3.26
4679,5.72,4.02,0.81,1.26,6.55,9.25,7.09,5.3
4680,7.46,1.03,4.55,6.3,10.23,4.65,2.41,3.37
4681,2.19,0.89,1.65,9.4,7.96,11.3,2.13,4.48
4682,9.97,5.89,6.6,4.63,5.32,2.91,0.35,4.33
4683,8.41,8.14,2.39,2.15,1.32,5.17,10.1,2.32
4684,9.58,2.47,3.09,9.87,3.71,1.67,3.63,5.98
4685,1.16,1.41,5.31,7.31,2.44,13.39,2.35,6.63
4686,5.11,9.73,2.0,3.62,8.32,6.88,2.22,2.12
4687,4.01,3.81,9.7,0.76,3.86,2.93,1.62,13.31
4688,8.16,4.24,3.24,2.06,5.94,5.57,10.02,0.77
4689,4.51,8.59,0.88,8.87,4.42,5.17,4.48,3.08
4690,3.82,8.04,7.81,3.07,2.39,1.82,9.38,3.67
4691,2.21,9.81,1.17,6.37,6.03,4.43,0.72,9.26
4692,7.92,6.26,8.32,1.53,0.57,6.56,5.35,3.49
4693,0.63,1.07,10.89,10.66,4.14,1.88,7.24,3.49
4694,1.57,5.84,8.52,7.57,5.24,5.98,0.3,4.98
4695,4.2,9.66,7.13,2.2,1.01,9.46,4.23,2.11
4696,0.96,1.32,3.17,1.01,8.45,5.25,14.18,5.66
4697,5.19,2.7,5.47,0.71,6.42,0.73,7.5,11.28
4698,8.94,8.21,2.44,6.39,6.63,3.69,1.53,2.17
4699,4.84,5.47,0.98,4.66,3.36,9.62,10.06,1.01
4700,3.07,2.8,6.75,7.88,7.83,5.56,4.88,1.23
4701,0.7,7.83,5.52,0.71,12.43,5.44,1.98,5.39
4702,2.58,1.04,9.24,4.59,9.02,5.89,5.59,2.05
4703,8.81,5.03,6.6,5.42,4.79,1.97,4.78,2.6
4704,4.33,2.71,6.94,8.01,7.51,5.26,1.8,3.44
4705,9.29,2.81,2.52,10.03,5.95,0.92,5.61,2.87
4706,0.85,9.55,9.83,2.84,5.7,4.25,4.51,2.47
4707,6.37,3.42,0.81,5.82,6.17,1.57,3.15,12.69
4708,2.57,1.8,1.42,12.32,4.4,0.86,8.28,8.35
4709,3.55,0.98,11.17,6.34,4.1,6.03,0.57,7.26
4710,6.87,7.39,4.36,4.58,6.79,2.09,7.9,0.02
4711,9.62,5.49,8.17,2.91,5.79,4.62,0.89,2.51
4712,2.95,6.15,9.02,5.5,5.44,3.88,3.82,3.24
4713,5.72,7.31,2.98,6.1,4.79,6.19,6.38,0.53
4714,3.09,8.96,7.2,1.57,3.25,3.41,4.41,8.11
4715,2.88,6.61,9.19,6.73,5.43,2.33,1.09,5.74
4716,3.51,6.54,9.05,4.98,4.14,1.95,1.48,8.35
4717,2.57,5.88,4.64,2.94,9.94,7.11,3.13,3.79
4718,6.35,5.97,9.17,6.96,4.9,3.6,0.82,2.23
4719,5.29,7.51,2.69,1.88,6.87,8.15,2.35,5.26
4720,9.74,7.25,4.99,1.05,1.96,1.96,3.57,9.48
4721,8.23,7.69,1.06,4.92,1.43,3.18,2.68,10.81
4722,6.88,4.89,1.66,2.54,4.51,3.98,7.8,7.74
4723,2.77,2.1,3.33,2.6,12.64,3.9,12.6,0.06
4724,9.57,8.63,0.42,2.58,3.97,4.07,4.0,6.76
4725,3.71,6.32,7.69,1.97,9.96,1.98,6.21,2.16
4726,3.29,7.02,4.35,3.8,3.68,5.9,10.41,1.55
4727,4.69,3.11,10.16,6.06,1.6,3.94,7.53,2.91
4728,4.75,8.5,7.25,2.97,7.05,4.97,4.21,0.3
4729,3.93,9.49,1.36,0.65,3.32,6.9,6.37,7.98
4730,1.29,1.78,5.07,7.74,1.91,6.74,8.08,7.39
4731,8.29,0.54,1.92,6.67,5.87,6.06,7.94,2.71
4732,4.57,5.22,5.67,2.87,6.81,7.49,3.25,4.12
4733,8.76,7.3,5.33,5.6,1.89,6.79,0.71,3.62
4734,1.84,2.69,4.21,2.94,10.13,7.58,1.63,8.98
4735,5.03,4.4,6.51,1.79,3.42,2.07,15.85,0.93
4736,9.76,1.34,5.84,2.64,4.99,5.71,3.3,6.42
4737,4.66,8.95,1.78,5.58,5.73,7.64,3.21,2.45
4738,2.48,1.9,2.14,2.35,15.18,1.19,0.86,13.9
4739,9.11,2.68,6.79,2.94,7.79,6.98,3.57,0.14
4740,1.74,4.66,3.49,4.43,11.31,0.98,8.74,4.65
4741,6.13,5.25,7.36,2.31,4.76,4.28,7.44,2.47
4742,8.46,3.61,6.91,6.97,1.9,6.59,1.97,3.59
4743,8.8,7.08,0.96,5.09,2.63,4.98,7.19,3.27
4744,1.36,4.38,7.11,10.55,3.13,6.79,1.45,5.23
4745,3.39,4.94,7.92,7.33,2.32,2.1,3.22,8.78
4746,3.2,0.84,5.39,7.02,7.08,1.33,13.0,2.14
4747,6.32,9.53,3.95,4.05,5.41,3.21,0.45,7.08
4748,7.57,8.42,5.17,1.96,0.7,4.61,4.87,6.7
4749,8.7,2.66,2.02,3.47,8.48,8.86,1.02,4.79
4750,7.15,1.34,7.15,6.74,1.97,4.66,10.22,0.77
4751,7.43,8.88,6.8,5.74,1.69,3.3,4.48,1.68
4752,3.88,1.35,5.95,7.55,1.42,7.28,9.65,2.92
4753,4.05,3.22,2.48,9.83,9.65,4.84,1.34,4.59
4754,9.36,5.66,2.29,2.3,6.73,2.19,6.25,5.22
4755,5.27,2.17,3.32,10.26,2.13,4.5,2.25,10.1
4756,2.92,2.06,0.87,1.44,4.25,17.2,5.88,5.38
4757,6.36,7.43,2.21,4.72,6.05,5.35,6.03,1.85
4758,1.02,9.11,8.55,4.37,3.71,4.39,1.75,7.1
4759,7.55,6.78,4.26,1.86,2.37,9.85,1.12,6.21
4760,9.92,1.52,5.78,6.06,2.15,4.25,3.01,7.31
4761,8.24,3.25,3.19,1.96,2.52,12.67,5.21,2.96
4762,8.68,2.8,6.8,7.09,0.41,2.63,7.83,3.76
4763,6.21,6.55,7.12,5.84,0.49,4.7,8.48,0.61
4764,3.82,7.86,5.92,4.19,4.07,5.41,5.11,3.62
4765,7.92,2.97,1.77,2.49,5.54,7.27,5.92,6.12
4766,8.15,2.87,4.26,8.18,6.56,0.69,3.58,5.71
4767,9.17,5.12,4.06,5.83,1.16,3.69,4.17,6.8
4768,9.3,6.17,6.76,3.64,5.57,4.15,3.03,1.38
4769,9.21,6.85,7.14,2.8,6.46,4.45,1.95,1.14
4770,9.27,5.6,5.2,3.62,1.85,8.72,4.04,1.7
4771,2.54,10.03,3.45,7.95,2.84,1.64,2.61,8.94
4772,6.97,6.98,0.73,6.88,7.49,0.58,9.88,0.49
4773,0.68,4.17,2.09,12.96,1.41,7.92,4.47,6.3
4774,7.98,5.1,8.77,0.76,1.64,3.53,6.56,5.66
4775,3.09,7.83,2.56,3.48,9.52,8.89,3.42,1.21
4776,7.46,1.36,6.79,4.71,0.58,3.08,4.22,11.8
4777,7.41,5.84,3.02,7.22,3.04,7.5,4.49,1.48
4778,2.37,7.92,3.93,7.34,8.87,1.05,6.53,1.99
4779,1.69,0.98,5.71,1.81,1.66,5.99,2.18,19.98
4780,5.25,7.18,2.62,8.53,7.58,4.56,0.83,3.45
4781,3.21,1.59,5.18,7.07,7.88,3.21,11.09,0.77
4782,5.38,8.16,1.9,6.49,2.27,1.67,10.1,4.03
4783,2.1,10.5,6.81,6.74,1.29,5.26,2.44,4.86
4784,8.85,4.35,6.64,1.55,1.97,10.37,4.4,1.87
4785,7.84,7.51,2.42,7.48,1.83,4.52,6.58,1.82
4786,6.06,1.22,4.19,6.55,6.71,1.94,3.46,9.87
4787,5.31,2.86,8.8,1.93,3.45,7.61,9.72,0.32
4788,3.99,3.0,5.81,9.21,5.02,6.61,4.12,2.24
4789,9.33,1.96,8.99,1.96,7.69,4.39,0.62,5.06
4790,9.55,0.54,5.04,8.82,6.27,0.9,0.69,8.19
4791,2.78,9.19,0.55,1.42,7.56,4.66,12.37,1.47
4792,5.56,7.6,6.22,0.89,9.13,1.03,6.02,3.55
4793,3.45,2.96,4.96,9.1,0.55,11.1,3.04,4.84
4794,3.69,2.83,4.18,1.01,10.68,6.17,11.42,0.02
4795,3.55,2.3,5.69,6.03,4.46,8.28,8.48,1.21
4796,7.33,6.74,2.94,7.13,4.96,3.41,0.54,6.95
4797,8.86,5.29,2.51,7.62,0.66,5.23,7.45,2.38
4798,9.99,7.39,2.62,4.51,4.93,5.18,4.53,0.85
4799,7.23,0.84,8.99,8.24,6.91,0.5,3.46,3.83
4800,3.14,7.71,4.1,6.63,8.91,0.39,2.84,6.28
4801,7.01,7.91,7.51,6.2,5.24,2.4,0.36,3.37
4802,5.12,2.59,5.93,1.82,6.75,11.4,1.85,4.54
4803,6.32,4.9,2.37,7.82,9.25,3.86,1.38,4.1
4804,5.09,7.39,4.79,0.95,6.54,4.93,8.85,1.46
4805,2.57,8.47,2.34,9.7,3.88,5.09,3.84,4.11
4806,1.94,1.36,10.21,6.51,7.69,1.0,8.07,3.22
4807,8.49,1.68,2.58,6.76,6.58,6.5,4.4,3.01
4808,8.95,0.96,4.76,8.75,1.43,5.83,3.27,6.05
4809,1.74,7.15,8.53,1.46,3.45,4.61,6.87,6.19
4810,4.03,1.57,7.08,9.51,6.28,4.53,1.52,5.48
4811,8.25,5.05,5.35,4.82,7.67,2.5,4.99,1.37
4812,8.12,1.09,3.07,3.26,0.94,15.37,0.5,7.65
4813,5.59,2.5,1.06,1.95,14.41,6.1,6.16,2.23
4814,7.77,3.57,2.58,4.3,0.91,7.42,7.86,5.59
4815,8.01,2.88,4.84,2.11,8.93,4.3,3.03,5.9
4816,4.44,1.53,10.64,1.59,4.86,8.92,4.88,3.14
4817,2.23,7.27,4.03,7.01,2.17,2.68,10.97,3.64
4818,1.02,10.51,7.9,6.72,4.0,3.85,2.85,3.15
4819,7.02,5.81,1.5,2.71,9.82,3.78,8.84,0.52
4820,8.55,8.97,3.51,4.61,4.17,3.37,3.02,3.8
4821,5.82,1.61,6.03,6.67,9.02,2.53,5.23,3.09
4822,4.0,6.0,3.6,9.24,0.81,4.03,6.54,5.78
4823,9.81,4.74,4.76,7.66,0.45,6.29,4.49,1.8
4824,5.3,5.17,4.42,4.0,3.3,3.31,9.68,4.82
4825,2.1,0.97,3.49,3.4,8.2,11.68,6.42,3.74
4826,6.72,2.63,6.28,6.81,6.4,6.77,2.87,1.52
4827,7.12,0.49,8.57,0.95,9.65,0.44,9.22,3.56
4828,5.98,0.79,2.28,11.95,2.22,10.04,2.49,4.25
4829,8.84,0.82,8.51,7.03,6.49,3.32,2.35,2.64
4830,4.84,2.4,10.43,4.78,8.67,5.7,0.45,2.73
4831,0.7,8.79,0.84,5.12,3.31,12.86,7.21,1.17
4832,0.99,7.49,0.66,11.36,0.51,3.13,9.22,6.64
4833,9.88,7.81,2.23,6.28,2.26,4.56,0.91,6.07
4834,8.09,6.3,6.88,3.91,4.99,4.65,2.03,3.15
4835,5.26,7.41,6.9,7.31,3.48,4.47,3.46,1.71
4836,7.05,1.22,4.76,4.75,1.13,2.73,10.44,7.92
4837,8.83,6.37,2.14,4.36,6.17,6.44,0.78,4.91
4838,4.05,8.48,5.31,1.9,8.79,2.92,0.72,7.83
4839,3.52,10.34,4.89,1.42,1.9,11.69,3.19,3.05
4840,2.31,9.94,2.29,1.48,8.51,4.8,6.99,3.68
4841,1.28,7.23,0.54,11.53,6.36,8.52,4.48,0.06
4842,6.14,5.96,6.64,2.0,7.86,7.54,1.6,2.26
4843,7.24,3.28,7.75,7.44,6.45,0.65,2.14,5.05
4844,3.73,10.15,6.22,0.45,5.82,1.56,7.39,4.68
4845,1.12,5.73,3.46,7.06,10.08,1.24,9.07,2.24
4846,2.28,4.79,1.96,10.39,5.99,7.83,4.96,1.8
4847,3.91,2.53,8.58,3.58,1.94,8.85,5.96,4.65
4848,6.94,8.88,4.6,6.13,0.61,6.26,6.07,0.51
4849,8.65,2.44,1.37,6.61,9.77,6.44,3.23,1.49
4850,6.7,6.37,2.31,4.27,3.36,6.5,7.13,3.36
4851,5.9,3.33,9.26,8.16,5.12,1.39,1.73,5.11
4852,4.99,0.61,4.11,10.97,4.33,9.47,0.34,5.18
4853,6.37,5.41,7.69,0.94,5.62,9.0,1.4,3.57
4854,6.5,4.77,5.83,1.15,0.91,3.41,1.17,16.26
4855,9.41,5.9,6.06,5.27,0.91,6.29,2.47,3.69
4856,6.89,5.46,2.02,3.63,7.79,4.02,1.86,8.33
4857,5.2,2.97,6.27,5.71,8.88,4.46,0.49,6.02
4858,2.93,9.27,3.71,8.54,0.91,6.51,1.22,6.91
4859,5.63,1.19,0.8,2.37,12.14,10.54,2.82,4.51
4860,5.62,3.91,2.6,0.58,0.87,5.14,16.36,4.92
4861,8.6,8.92,5.37,5.42,4.86,1.79,2.9,2.14
4862,5.53,6.29,7.76,1.73,3.36,1.12,9.61,4.6
4863,8.14,6.02,0.97,7.63,7.73,5.16,3.11,1.24
4864,1.49,3.26,2.08,11.04,6.08,10.13,4.17,1.75
4865,0.65,6.11,8.21,7.21,4.27,3.78,7.02,2.75
4866,9.54,3.17,2.71,2.34,6.19,1.32,6.15,8.58
4867,5.1,9.61,0.47,4.15,5.27,1.17,4.51,9.72
4868,5.53,5.21,5.27,3.46,3.58,11.12,3.58,2.25
4869,7.82,3.5,7.81,0.88,9.76,5.03,1.42,3.78
4870,6.69,8.52,2.18,1.17,6.33,8.76,2.11,4.24
4871,4.33,4.13,1.11,4.97,11.81,6.48,2.6,4.57
4872,4.42,6.79,2.39,5.14,3.98,7.35,4.36,5.57
4873,9.2,0.82,5.13,9.13,0.95,9.25,3.29,2.23
4874,5.5,0.96,2.18,1.09,8.23,4.07,9.19,8.78
4875,6.34,8.91,6.44,2.74,7.7,4.61,2.26,1.0
4876,9.32,4.73,0.66,4.17,6.72,4.11,7.08,3.21
4877,2.27,8.58,3.04,5.89,8.73,6.22,1.58,3.69
4878,0.64,4.74,6.59,1.42,5.31,10.31,3.26,7.73
4879,2.98,9.97,1.15,4.93,8.29,6.24,1.99,4.45
4880,7.59,1.47,9.93,7.97,3.91,1.2,2.86,5.07
4881,8.76,3.78,8.94,4.8,3.23,3.96,4.91,1.62
4882,4.51,6.41,9.02,6.28,5.73,2.38,1.03,4.64
4883,4.89,4.91,6.56,5.43,7.17,5.46,5.47,0.11
4884,7.29,3.54,9.09,5.12,6.06,5.84,1.75,1.31
4885,8.86,7.96,1.45,3.38,2.57,3.32,3.07,9.39
4886,5.45,5.44,3.03,4.71,2.34,8.05,6.8,4.18
4887,6.26,5.25,9.1,5.57,1.96,6.16,3.4,2.3
4888,5.33,8.58,2.79,5.58,8.71,2.08,1.31,5.62
4889,0.75,3.29,2.63,6.18,4.4,3.02,3.61,16.12
4890,9.41,7.9,2.07,4.58,6.66,5.36,3.06,0.96
4891,9.69,5.4,4.01,1.81,4.05,7.56,5.98,1.5
4892,4.66,2.77,2.11,10.41,6.7,6.46,6.78,0.11
4893,5.39,3.81,3.7,4.75,6.98,8.0,6.33,1.04
4894,3.19,8.38,8.3,7.3,4.29,4.68,1.48,2.38
4895,8.2,4.05,2.77,5.17,6.9,8.48,1.88,2.55
4896,5.55,7.96,1.65,1.83,7.2,1.27,12.52,2.02
4897,6.8,7.39,2.25,4.12,3.55,3.03,3.12,9.74
4898,1.37,3.0,8.92,3.14,10.54,0.55,3.21,9.27
4899,1.63,9.08,4.32,6.72,2.4,1.23,14.19,0.43
4900,4.62,5.4,2.96,8.79,1.75,2.38,7.8,6.3
4901,6.69,7.76,8.32,5.92,3.08,4.29,2.36,1.58
4902,8.45,4.65,3.22,2.32,1.01,12.3,3.78,4.27
4903,1.56,0.84,6.54,2.96,8.67,11.39,2.6,5.44
4904,3.26,5.01,9.13,2.31,4.44,10.19,1.68,3.98
4905,2.9,3.8,3.67,4.16,3.44,1.7,9.75,10.58
4906,1.0,2.35,4.25,5.16,11.43,9.34,2.62,3.85
4907,5.88,3.52,8.05,1.84,7.53,1.36,4.21,7.61
4908,3.44,9.14,4.78,3.79,0.7,11.59,6.14,0.42
4909,5.36,6.78,6.19,6.15,5.33,2.41,7.49,0.29
4910,0.71,9.41,3.5,2.15,9.48,9.33,0.64,4.78
4911,8.86,7.52,2.78,3.75,7.47,0.41,1.01,8.2
4912,8.25,4.04,1.76,1.87,4.76,2.58,15.98,0.76
4913,9.88,1.02,3.45,6.64,7.15,5.88,5.47,0.51
4914,3.16,0.85,4.39,7.75,10.86,1.3,1.95,9.74
4915,0.79,8.92,2.22,4.89,10.18,4.25,1.07,7.68
4916,4.46,4.19,8.33,9.06,2.57,6.17,2.33,2.89
4917,6.73,1.69,5.72,3.1,1.06,1.28,19.26,1.16
4918,6.86,7.84,3.69,5.71,4.8,6.17,0.37,4.56
4919,4.07,7.73,8.2,3.18,4.24,2.53,5.2,4.85
4920,6.78,8.82,7.07,5.44,5.36,1.07,0.6,4.86
4921,8.53,7.0,6.87,6.68,4.74,0.95,3.1,2.13
4922,1.97,3.53,2.71,12.14,1.43,3.97,12.7,1.55
4923,4.69,7.87,1.24,1.83,1.49,6.73,2.31,13.84
4924,2.34,5.46,7.77,4.94,9.42,1.45,5.48,3.14
4925,6.58,1.14,3.27,8.78,6.19,2.51,2.03,9.5
4926,6.89,8.14,2.62,4.06,8.44,2.04,6.55,1.26
4927,6.41,3.02,7.97,5.72,0.78,3.12,9.37,3.61
4928,6.15,3.27,0.8,7.38,5.33,9.16,6.87,1.04
4929,1.93,2.05,6.21,5.28,5.6,11.06,3.63,4.24
4930,2.86,9.5,6.27,7.13,5.01,6.1,0.78,2.35
4931,5.69,3.73,1.51,6.05,5.36,2.7,14.49,0.47
4932,7.52,3.52,5.26,9.14,2.21,1.45,6.23,4.67
4933,3.9,1.78,3.62,4.1,1.09,13.92,7.32,4.27
4934,9.69,5.21,5.72,6.32,0.6,3.29,0.46,8.71
4935,3.1,5.06,1.24,8.76,5.04,4.49,7.01,5.3
4936,2.48,1.84,1.39,11.37,5.44,1.82,12.07,3.59
4937,9.76,7.03,1.74,3.36,5.59,5.76,3.16,3.6
4938,0.59,9.07,3.65,7.69,1.9,8.16,2.41,6.53
4939,0.69,9.11,7.28,1.44,7.67,8.53,2.84,2.44
4940,4.07,1.38,2.87,11.61,5.07,8.35,1.67,4.98
4941,0.64,4.65,9.78,3.61,1.04,3.26,8.95,8.07
4942,9.49,7.58,1.59,7.87,4.22,0.41,7.16,1.68
4943,8.78,8.12,0.47,3.1,6.59,2.24,9.16,1.54
4944,4.81,0.51,7.94,7.26,8.8,3.25,2.13,5.3
4945,8.69,8.73,7.22,2.3,6.5,0.4,5.99,0.17
4946,4.9,2.03,5.24,1.11,9.38,10.72,5.77,0.85
4947,0.56,4.43,2.92,11.63,8.93,6.55,4.76,0.22
4948,6.18,6.63,3.37,4.36,0.59,2.58,1.49,14.8
4949,6.65,4.92,6.38,0.74,2.11,4.66,5.97,8.57
4950,8.48,0.81,0.8,3.55,7.03,10.21,8.4,0.72
4951,9.25,3.08,4.06,4.85,6.47,2.9,7.71,1.68
4952,9.86,7.59,1.86,2.41,1.65,2.3,11.21,3.12
4953,6.98,5.52,2.01,9.61,4.27,3.13,3.12,5.36
4954,3.4,7.26,6.4,2.32,8.27,4.86,4.55,2.94
4955,7.38,5.35,4.85,4.19,1.67,3.74,4.18,8.64
4956,9.29,3.25,1.93,5.49,9.25,0.81,8.07,1.91
4957,6.89,1.41,0.88,5.66,12.46,4.83,5.91,1.96
4958,8.91,1.44,4.56,6.2,2.88,1.63,7.98,6.4
4959,5.38,7.3,1.41,10.29,4.29,5.33,0.67,5.33
4960,8.45,4.16,2.16,4.65,3.84,3.83,9.37,3.54
4961,5.16,8.41,7.73,4.67,5.5,0.84,2.27,5.42
4962,4.95,4.74,9.23,2.82,0.86,1.65,10.8,4.95
4963,7.69,7.54,1.41,3.42,3.33,2.98,0.92,12.71
4964,2.95,5.99,9.7,2.96,1.43,2.71,8.84,5.42
4965,2.08,9.01,8.66,6.3,3.39,0.79,9.44,0.33
4966,8.66,0.98,3.62,7.06,8.41,7.29,1.35,2.63
4967,0.84,1.48,12.34,4.25,8.02,1.45,5.48,6.14
4968,9.08,5.0,1.72,4.61,7.23,3.38,7.98,1.0
4969,6.02,6.99,0.58,2.32,5.39,8.88,4.77,5.05
4970,2.85,8.35,7.19,3.26,8.45,4.11,2.78,3.01
4971,8.54,5.88,1.52,7.63,6.23,1.21,2.24,6.75
4972,8.4,7.03,3.66,1.23,3.95,10.11,4.71,0.91
4973,5.56,3.83,3.79,3.61,10.64,5.88,2.22,4.47
4974,5.47,1.57,1.98,8.98,1.73,12.61,4.64,3.02
4975,5.44,3.0,3.11,5.76,3.43,2.69,14.63,1.94
4976,6.02,2.98,8.92,8.26,5.14,0.73,0.84,7.11
4977,7.46,7.3,5.15,1.41,4.17,4.71,7.78,2.02
4978,5.18,8.19,3.57,3.77,5.39,7.36,1.44,5.1
4979,7.71,6.08,2.71,6.71,4.66,0.94,0.63,10.56
4980,2.43,1.54,7.29,6.84,3.22,8.66,2.5,7.52
4981,4.7,5.48,3.14,9.27,0.52,7.81,8.34,0.74
4982,7.3,1.54,6.15,9.09,3.51,1.77,5.11,5.53
4983,7.05,6.52,4.07,6.18,2.37,8.15,0.76,4.9
4984,8.11,6.5,5.12,7.7,1.84,0.69,2.53,7.51
4985,4.98,9.96,2.54,7.39,4.02,6.32,3.14,1.65
4986,7.46,4.32,2.26,3.34,11.1,6.29,4.82,0.41
4987,4.63,6.81,8.52,7.0,5.04,3.65,1.57,2.78
4988,9.3,8.76,1.64,2.81,4.31,4.05,0.49,8.64
4989,7.28,4.1,5.96,4.09,9.24,2.79,4.2,2.34
4990,7.37,6.73,6.01,0.93,4.09,1.31,8.03,5.53
4991,0.88,8.83,7.84,5.43,2.91,5.67,1.46,6.98
4992,4.18,3.98,9.85,2.46,5.86,8.26,4.7,0.71
4993,9.7,4.99,5.65,6.05,4.48,5.01,2.86,1.26
4994,8.02,1.35,1.25,1.35,3.7,16.13,2.91,5.29
4995,2.12,7.82,0.79,1.34,9.66,1.98,9.28,7.01
4996,4.08,6.45,7.77,4.05,0.63,10.42,3.74,2.86
4997,1.51,7.6,3.37,5.75,5.15,6.38,1.42,8.82
4998,3.6,1.35,3.11,7.06,6.41,1.18,7.08,10.21
4999,9.87,7.86,0.97,5.32,2.95,3.95,1.02,8.06
5000,8.11,4.26,0.86,2.69,3.41,12.79,4.77,3.11
5001,8.8,1.73,2.04,2.55,3.45,9.09,5.51,6.83
5002,1.77,5.51,4.91,2.25,8.05,11.27,5.28,0.96
5003,1.73,6.73,9.53,1.77,9.35,1.65,6.43,2.81
5004,1.91,3.12,2.95,4.77,5.18,7.09,2.18,12.8
5005,9.85,3.6,8.47,1.85,4.55,5.41,5.12,1.15
5006,5.84,9.68,6.81,3.18,5.58,2.19,0.91,5.81
5007,8.12,3.72,6.57,0.92,1.94,6.4,7.49,4.84
5008,5.91,6.1,8.07,4.93,1.4,2.97,6.21,4.41
5009,0.7,5.52,11.18,8.57,6.35,2.03,2.78,2.87
5010,5.08,4.51,9.68,1.14,9.25,5.3,2.97,2.07
5011,7.66,6.0,2.89,5.0,7.72,2.79,2.73,5.21
5012,4.28,4.79,4.59,2.45,7.97,7.24,4.61,4.07
5013,8.1,1.28,5.87,1.3,0.95,8.93,11.49,2.08
5014,6.06,7.81,0.96,2.02,4.94,7.85,4.22,6.14
5015,1.5,4.78,3.04,10.28,7.75,7.23,2.33,3.09
5016,2.82,9.19,8.82,5.18,6.58,3.77,1.31,2.33
5017,9.05,4.42,6.6,5.77,4.79,4.53,2.49,2.35
5018,8.16,8.44,4.78,6.02,1.24,3.05,2.46,5.85
5019,3.08,1.56,2.15,5.69,9.67,11.21,2.49,4.15
5020,9.6,1.77,5.82,7.37,6.15,3.72,2.52,3.05
5021,9.39,2.61,5.02,8.17,5.1,2.61,6.56,0.54
5022,7.55,4.45,8.77,4.1,4.7,6.12,0.9,3.41
5023,1.25,0.84,8.21,4.95,4.62,9.52,3.9,6.71
5024,2.61,0.74,5.15,11.74,7.68,7.78,2.59,1.71
5025,3.71,1.44,11.1,4.17,6.07,7.3,5.71,0.5
5026,8.44,0.5,5.39,1.57,4.3,11.42,7.33,1.05
5027,9.65,7.97,4.55,0.49,1.91,2.12,7.82,5.49
5028,4.31,6.74,0.85,6.84,9.29,2.01,9.12,0.84
5029,6.54,5.94,0.86,2.13,12.15,6.81,4.18,1.39
5030,1.11,10.87,9.33,7.32,3.87,2.94,3.05,1.51
5031,7.62,8.64,7.66,2.86,6.16,4.22,0.4,2.44
5032,0.73,6.46,7.83,7.03,2.15,5.66,7.03,3.11
5033,4.19,5.04,4.96,6.48,1.79,1.37,7.39,8.78
5034,8.49,0.91,4.24,1.01,7.26,11.54,4.66,1.89
5035,9.78,3.43,0.52,3.2,10.62,4.03,0.88,7.54
5036,6.28,1.74,9.85,8.26,4.65,4.79,0.84,3.59
5037,3.31,9.33,6.43,3.07,1.57,9.13,5.55,1.61
5038,9.99,2.92,7.03,4.66,1.08,6.42,2.18,5.72
5039,6.73,0.72,2.98,10.85,7.87,3.86,0.92,6.07
5040,9.31,7.69,6.98,4.63,4.23,3.29,1.27,2.6
5041,6.35,4.75,1.12,10.84,4.63,6.18,3.66,2.47
5042,1.07,7.98,5.38,0.89,7.64,3.97,7.52,5.55
5043,9.22,8.53,5.58,1.93,3.78,2.89,1.35,6.72
5044,7.57,7.13,6.7,3.18,5.95,5.98,3.27,0.22
5045,1.61,3.33,1.98,10.23,2.19,6.88,4.48,9.3
5046,9.78,2.14,0.47,5.24,7.58,8.36,6.17,0.26
5047,4.93,3.37,2.1,5.45,8.42,6.37,6.46,2.9
5048,9.54,0.8,5.44,9.47,2.57,7.68,2.33,2.17
5049,3.47,9.97,0.99,1.21,1.46,14.08,8.19,0.63
5050,4.92,7.62,9.1,3.12,6.49,5.16,3.16,0.43
5051,9.67,2.41,2.7,1.57,5.51,0.62,5.56,11.96
5052,3.31,1.96,10.61,3.58,10.22,1.39,4.39,4.54
5053,2.61,5.78,0.85,0.75,11.4,10.71,2.97,4.93
5054,2.27,7.08,2.04,9.92,5.58,0.48,12.49,0.14
5055,8.87,0.84,1.29,0.81,13.67,9.37,4.34,0.81
5056,1.41,9.21,0.61,8.37,9.09,7.14,3.69,0.48
5057,2.04,10.67,6.69,2.07,5.3,3.16,2.25,7.82
5058,1.29,5.5,2.27,8.13,8.03,5.83,5.43,3.52
5059,9.21,7.19,1.46,0.71,10.19,3.09,3.7,4.45
5060,2.63,10.37,2.59,1.75,9.71,6.08,5.48,1.39
5061,9.46,1.48,8.06,0.81,4.32,10.48,3.79,1.6
5062,2.9,0.53,10.98,8.14,3.7,6.7,3.36,3.69
5063,4.87,3.63,8.02,1.01,4.7,3.37,10.67,3.73
5064,7.58,1.88,8.67,4.71,2.04,9.97,2.26,2.89
5065,2.15,4.02,10.97,3.97,2.65,1.41,0.8,14.03
5066,2.46,1.44,3.56,5.49,2.3,11.09,4.25,9.41
5067,9.85,1.08,3.04,2.15,6.7,5.29,1.54,10.35
5068,1.78,8.92,1.65,7.05,4.39,2.92,1.46,11.83
5069,5.2,1.54,1.51,8.79,7.84,2.5,4.67,7.95
5070,5.98,8.55,4.2,5.24,1.15,1.46,3.02,10.4
5071,2.19,5.1,6.56,3.43,1.47,12.53,2.96,5.76
5072,4.92,6.32,6.33,7.64,3.94,6.65,3.62,0.58
5073,2.08,1.06,12.05,6.48,9.13,0.75,1.15,7.3
5074,0.73,9.15,0.53,11.47,5.39,5.63,4.94,2.16
5075,9.12,6.21,1.34,3.81,3.3,1.45,4.43,10.34
5076,2.45,8.13,2.72,4.34,7.33,7.45,4.71,2.87
5077,4.57,4.06,8.56,3.08,3.8,8.03,6.11,1.79
5078,3.34,6.62,7.39,7.95,1.76,2.17,9.27,1.5
5079,4.68,1.58,1.13,10.31,5.94,9.69,5.99,0.68
5080,9.29,0.55,3.07,1.43,5.66,4.2,9.77,6.03
5081,9.6,5.33,8.22,4.62,2.17,5.84,3.99,0.23
5082,4.11,5.68,8.48,6.37,3.51,2.34,2.83,6.68
5083,3.45,3.62,4.14,1.79,10.31,1.08,5.98,9.63
5084,5.06,9.33,6.55,1.81,2.82,5.22,9.12,0.09
5085,3.51,4.73,6.42,4.2,6.4,9.01,5.08,0.65
5086,5.87,1.7,2.95,8.88,4.59,8.68,2.68,4.65
5087,3.72,4.94,5.93,2.06,10.83,5.05,4.06,3.41
5088,0.74,5.8,6.0,4.56,8.06,9.87,4.55,0.42
5089,1.99,4.54,9.95,0.66,5.46,0.61,14.82,1.97
5090,2.65,7.73,5.64,4.69,3.96,5.55,0.98,8.8
5091,2.86,4.1,10.49,4.43,8.06,4.33,5.28,0.45
5092,0.78,5.31,8.99,3.28,8.87,7.34,4.55,0.88
5093,3.81,0.72,6.93,10.53,1.77,10.69,2.39,3.16
5094,7.39,3.89,9.32,6.36,2.47,5.1,1.99,3.48
5095,2.56,4.8,6.52,0.76,3.73,13.3,4.77,3.56
5096,5.35,8.63,5.28,7.58,4.94,4.43,2.06,1.73
5097,3.63,6.94,2.75,5.88,10.15,4.19,5.86,0.6
5098,8.42,2.61,7.84,2.4,5.88,3.26,8.05,1.54
5099,8.33,4.72,2.38,5.38,4.43,3.49,6.74,4.53
5100,6.8,0.63,6.44,2.4,6.38,7.39,7.31,2.65
5101,3.93,6.47,6.27,7.13,2.49,3.64,3.75,6.32
5102,3.72,10.2,4.49,1.64,6.37,6.29,5.93,1.36
5103,4.15,3.46,2.3,7.09,8.3,5.59,3.02,6.09
5104,3.0,6.37,7.32,5.93,6.91,5.47,2.96,2.04
5105,3.87,7.29,5.46,9.07,2.83,7.53,1.03,2.92
5106,4.02,1.81,2.93,11.29,1.26,6.67,3.35,8.67
5107,9.25,1.47,2.1,5.62,10.07,1.74,3.41,6.34
5108,7.1,2.38,8.64,6.38,5.21,6.78,1.59,1.92
5109,8.15,1.48,4.69,6.01,7.16,7.03,1.95,3.53
5110,7.73,5.71,7.2,6.19,5.21,1.57,4.47,1.92
5111,3.89,5.0,2.57,4.38,11.65,1.4,7.72,3.39
5112,8.7,6.62,7.61,3.22,4.31,4.7,1.49,3.35
5113,6.62,2.88,0.81,7.21,9.51,8.41,1.22,3.34
5114,8.46,5.66,0.53,3.95,6.62,8.9,4.67,1.21
5115,9.05,4.2,3.73,3.67,6.12,5.16,2.49,5.58
5116,5.11,3.35,8.48,8.12,4.23,6.27,1.63,2.81
5117,7.67,7.59,0.87,3.39,8.53,6.93,1.4,3.62
5118,8.54,2.07,5.01,0.64,2.03,5.41,12.87,3.43
5119,2.65,7.75,8.75,6.11,0.81,4.86,1.58,7.49
5120,9.23,4.32,5.58,7.98,1.26,6.88,4.64,0.11
5121,2.73,3.29,5.66,6.18,7.98,7.9,0.36,5.9
5122,7.5,1.44,4.1,3.76,2.28,3.22,5.06,12.64
5123,8.25,4.8,4.44,1.9,1.82,7.8,2.59,8.4
5124,2.32,5.99,1.09,2.92,4.05,15.66,3.43,4.54
5125,2.64,3.09,5.04,1.93,13.43,0.92,8.08,4.87
5126,3.1,7.41,7.27,3.51,0.91,3.23,14.08,0.49
5127,2.81,8.24,6.72,4.47,6.82,0.74,8.24,1.96
5128,9.74,5.5,2.81,6.3,5.27,1.77,4.06,4.55
5129,0.86,5.02,8.93,2.52,9.38,2.19,7.61,3.49
5130,5.93,5.63,3.03,4.38,4.22,0.88,3.11,12.82
5131,4.82,0.65,9.92,8.51,3.27,5.42,2.01,5.4
5132,8.27,5.62,2.05,1.01,9.42,2.73,7.86,3.04
5133,1.36,6.19,0.65,5.42,11.75,8.37,4.45,1.81
5134,3.89,2.4,10.39,7.58,6.14,0.65,5.32,3.63
5135,3.93,4.92,1.73,9.61,4.09,1.05,12.37,2.3
5136,2.09,9.49,6.04,0.63,2.08,11.12,0.56,7.99
5137,6.44,2.28,9.84,4.01,8.56,5.39,2.33,1.15
5138,9.43,3.7,2.29,5.11,5.4,6.14,1.57,6.36
5139,0.52,4.86,9.83,6.74,3.02,4.63,7.04,3.36
5140,7.06,6.34,3.92,7.14,5.94,2.66,4.76,2.18
5141,4.12,4.59,10.31,2.69,5.73,6.85,2.5,3.21
5142,5.13,4.33,1.71,5.17,1.11,4.81,6.5,11.24
5143,2.6,7.78,8.83,3.51,0.9,8.37,2.01,6.0
5144,9.8,6.0,7.39,5.68,2.55,1.75,6.42,0.41
5145,9.43,7.32,2.79,2.44,1.94,9.08,2.09,4.91
5146,8.99,5.7,7.19,5.49,2.62,5.1,1.91,3.0
5147,7.92,7.53,1.76,4.0,2.82,8.2,3.08,4.69
5148,0.66,9.09,2.66,2.15,8.17,1.47,9.4,6.4
5149,9.19,7.08,3.43,1.42,2.75,6.65,6.26,3.22
5150,7.22,2.99,2.51,0.87,4.97,8.85,5.42,7.17
5151,1.01,10.53,2.51,8.48,2.45,7.14,3.35,4.53
5152,1.28,9.13,2.06,8.21,2.7,5.94,3.63,7.05
5153,8.09,7.66,7.74,2.26,1.94,2.14,4.81,5.36
5154,7.15,7.97,1.46,4.33,4.99,6.34,3.82,3.94
5155,8.75,5.26,3.13,6.22,1.58,4.71,4.69,5.66
5156,6.3,1.89,3.66,5.37,4.12,9.98,3.29,5.39
5157,9.16,3.09,1.47,4.47,3.17,8.45,9.09,1.1
5158,7.26,0.6,1.22,3.44,3.74,2.43,8.86,12.45
5159,9.21,7.18,1.04,5.98,2.61,5.47,6.19,2.32
5160,3.75,3.8,9.93,8.66,1.26,2.41,8.6,1.59
5161,8.39,4.9,0.6,9.42,2.7,1.5,5.92,6.57
5162,3.68,9.77,3.87,1.03,6.63,6.92,2.89,5.21
5163,1.34,5.58,4.12,7.05,10.38,2.89,4.87,3.77
5164,3.17,3.11,2.46,3.62,11.34,1.35,9.29,5.66
5165,1.88,2.07,8.59,6.81,1.15,5.42,1.17,12.91
5166,9.78,2.01,2.67,9.91,5.59,1.24,6.45,2.35
5167,9.35,6.34,4.24,0.84,3.26,1.6,11.56,2.81
5168,6.85,2.14,9.93,4.35,6.42,2.52,7.0,0.79
5169,1.22,5.59,4.74,4.72,6.36,6.76,3.72,6.89
5170,6.94,2.9,3.97,1.48,4.2,4.1,7.51,8.9
5171,2.47,9.99,6.14,5.91,2.06,8.27,0.59,4.57
5172,3.06,9.01,5.2,2.97,8.31,4.73,5.5,1.22
5173,5.05,4.06,1.47,6.38,1.01,2.63,7.87,11.53
5174,0.73,2.95,8.21,1.88,4.83,13.25,7.34,0.81
5175,6.67,4.92,6.05,8.07,6.32,2.68,2.75,2.54
5176,8.92,1.01,4.66,6.16,3.7,8.85,0.58,6.12
5177,7.23,7.2,6.36,4.59,3.67,2.67,2.03,6.25
5178,5.33,9.59,5.92,7.65,0.96,2.86,1.94,5.75
5179,4.83,7.96,5.3,2.7,1.69,4.98,1.71,10.83
5180,6.54,7.53,6.11,6.44,3.73,3.29,4.82,1.54
5181,4.31,1.79,9.05,2.4,7.26,6.6,6.87,1.72
5182,8.77,3.02,2.55,4.21,10.65,5.37,4.68,0.75
5183,0.91,2.25,3.58,9.86,0.72,7.73,9.12,5.83
5184,5.81,6.49,4.81,6.94,3.17,2.74,6.98,3.06
5185,1.15,6.67,9.08,5.93,0.85,8.01,7.96,0.35
5186,8.2,1.49,3.59,7.11,4.08,6.35,2.43,6.75
5187,4.76,1.9,1.73,1.09,5.81,1.07,22.2,1.44
5188,7.77,5.51,6.86,0.9,7.56,6.14,0.74,4.52
5189,3.27,8.01,0.65,5.18,9.32,2.3,9.25,2.02
5190,1.04,4.42,8.11,8.25,0.6,11.52,3.78,2.28
5191,7.6,1.31,3.28,10.48,6.97,1.3,4.97,4.09
5192,4.4,5.64,6.67,4.22,4.07,8.05,5.52,1.43
5193,6.09,0.61,6.61,7.53,3.51,4.31,0.87,10.47
5194,1.77,7.33,2.29,4.53,1.35,15.14,2.0,5.59
5195,2.38,10.63,2.51,1.46,4.46,5.46,12.9,0.2
5196,9.36,2.46,0.95,10.87,5.39,4.56,3.06,3.35
5197,4.42,0.59,8.74,5.21,3.32,9.73,5.91,2.08
5198,2.44,4.66,10.4,7.46,7.34,2.89,4.4,0.41
5199,2.31,2.77,9.18,8.25,8.09,5.39,0.23,3.78
5200,4.04,3.13,3.15,1.1,3.95,1.49,11.2,11.94
5201,8.66,2.44,1.58,8.35,8.09,6.4,3.28,1.2
5202,3.49,3.29,6.47,1.77,0.76,3.45,7.42,13.35
5203,6.15,1.97,4.95,7.45,0.68,1.69,10.58,6.53
5204,7.13,6.2,6.66,4.93,6.03,0.56,1.05,7.44
5205,3.39,5.89,0.59,7.82,7.03,7.53,1.36,6.39
5206,0.82,2.42,3.33,2.22,7.52,0.87,15.47,7.35
5207,0.51,9.58,8.11,6.34,5.0,6.01,2.41,2.04
5208,3.67,1.32,2.23,7.37,1.53,15.2,1.97,6.71
5209,6.2,2.15,5.8,5.36,3.93,7.94,1.94,6.68
5210,0.63,2.89,4.67,2.03,6.54,9.78,5.7,7.76
5211,7.65,6.94,2.74,3.52,8.41,1.76,0.9,8.08
5212,8.72,4.42,7.53,1.43,1.7,0.78,0.96,14.46
5213,1.98,2.25,7.35,9.18,4.42,2.72,7.57,4.53
5214,3.33,3.14,4.32,7.3,3.5,8.08,2.34,7.99
5215,9.76,1.57,5.85,6.25,1.95,9.61,2.23,2.78
5216,3.77,4.66,8.42,5.83,1.39,5.19,1.81,8.93
5217,6.11,8.7,4.74,0.81,7.69,0.91,10.36,0.68
5218,3.27,8.24,5.18,7.48,1.41,1.55,6.35,6.52
5219,7.49,0.95,6.67,7.01,5.94,7.76,3.09,1.09
5220,2.58,8.56,6.39,2.02,4.49,10.38,5.49,0.09
5221,2.09,10.09,2.27,3.52,9.95,7.41,0.76,3.91
5222,6.45,9.52,4.07,0.85,7.13,7.97,1.52,2.49
5223,8.39,5.57,2.33,4.01,5.16,9.08,3.88,1.58
5224,0.82,6.96,7.77,4.18,8.63,6.47,2.98,2.19
5225,6.13,6.18,1.53,8.45,1.35,10.9,5.18,0.28
5226,3.46,8.95,5.17,3.57,5.43,7.45,3.35,2.62
5227,7.67,9.13,0.73,2.62,3.21,6.28,2.6,7.76
5228,5.61,5.74,6.19,1.81,2.98,3.95,1.74,11.98
5229,0.66,11.18,7.07,5.75,6.1,3.37,5.21,0.66
5230,7.34,7.77,7.2,1.33,3.4,2.24,10.29,0.43
5231,1.93,0.62,1.29,3.38,14.37,7.53,3.54,7.34
5232,3.83,3.04,6.41,1.43,9.79,1.4,8.72,5.38
5233,2.73,2.79,3.59,10.5,7.68,0.77,1.94,10.0
5234,6.85,8.81,2.37,1.88,4.52,8.45,5.38,1.74
5235,2.46,2.05,4.89,10.01,2.23,4.49,1.03,12.84
5236,1.63,10.29,2.55,3.62,4.34,5.62,5.02,6.93
5237,2.24,3.38,5.45,7.88,9.96,5.23,4.51,1.35
5238,2.93,3.14,10.61,4.92,5.33,5.56,3.97,3.54
5239,0.5,10.64,4.56,4.87,9.04,5.51,1.61,3.27
5240,2.85,7.16,3.74,10.03,0.85,6.55,4.79,4.03
5241,7.32,1.88,5.2,2.92,8.24,3.56,7.69,3.19
5242,4.44,2.8,2.18,9.5,3.96,10.09,5.22,1.81
5243,6.84,4.23,9.23,6.67,2.19,2.9,5.92,2.02
5244,8.52,4.47,3.98,4.88,5.33,3.9,3.38,5.54
5245,5.32,9.36,2.03,3.46,4.26,7.06,6.87,1.64
5246,1.93,8.2,3.82,4.94,2.66,8.27,0.75,9.43
5247,7.56,1.31,8.57,6.49,7.28,4.13,4.12,0.54
5248,9.65,3.86,5.27,5.3,4.74,6.18,4.0,1.0
5249,6.23,6.09,4.49,8.07,7.51,3.77,2.71,1.13
5250,0.79,4.36,9.0,7.51,4.93,2.73,5.65,5.03
5251,2.07,8.87,5.72,6.0,2.63,0.81,10.06,3.84
5252,1.89,1.96,5.68,4.67,9.38,3.87,4.4,8.15
5253,3.11,9.0,7.65,1.81,8.68,2.25,1.99,5.51
5254,1.35,5.93,9.97,3.4,6.41,5.94,0.86,6.14
5255,5.84,7.0,2.1,6.18,3.28,9.59,0.49,5.52
5256,9.55,7.62,0.97,4.13,1.22,2.53,10.43,3.55
5257,8.51,1.75,9.38,0.69,5.38,0.74,8.5,5.05
5258,2.56,8.96,5.73,3.79,4.9,0.73,2.12,11.21
5259,4.7,7.05,1.58,4.11,7.33,9.02,1.11,5.1
5260,3.39,6.66,8.18,2.45,2.17,11.05,4.87,1.23
5261,1.27,10.34,5.02,8.42,6.43,1.37,3.39,3.76
5262,0.84,8.24,3.28,2.68,1.79,12.08,1.28,9.81
5263,3.85,0.65,5.41,8.56,1.91,3.31,12.47,3.84
5264,0.78,1.56,6.06,8.42,1.72,7.01,12.78,1.67
5265,6.55,0.7,9.9,2.72,6.06,8.36,2.07,3.64
5266,3.9,8.11,4.75,7.82,5.46,1.85,1.03,7.08
5267,9.97,3.63,3.41,9.1,6.89,3.52,2.24,1.24
5268,1.07,3.73,0.85,10.43,2.73,3.7,7.4,10.09
5269,1.15,5.17,10.73,2.0,2.99,3.47,10.57,3.92
5270,6.19,2.46,8.33,5.25,5.67,2.49,5.12,4.49
5271,3.65,5.44,1.91,3.44,2.49,9.07,7.92,6.08
5272,0.72,6.13,5.71,10.98,2.29,2.5,8.44,3.23
5273,3.53,9.98,8.76,4.71,4.65,3.16,3.37,1.84
5274,2.04,6.21,2.85,11.22,4.78,5.42,6.78,0.7
5275,0.5,2.51,8.79,9.46,0.65,1.1,6.18,10.81
5276,9.92,0.93,9.05,6.73,6.26,0.93,0.89,5.29
5277,2.51,0.91,3.46,11.9,2.23,0.99,9.04,8.96
5278,3.56,10.38,6.22,3.14,2.11,5.28,1.4,7.91
5279,5.25,8.41,2.19,2.9,4.95,6.82,2.28,7.2
5280,9.04,1.34,2.54,10.31,1.91,5.19,8.17,1.5
5281,4.07,9.39,6.72,6.09,3.06,2.56,0.91,7.2
5282,9.36,5.41,5.18,3.56,7.21,2.56,4.8,1.92
5283,1.76,8.64,3.23,10.05,3.26,4.43,4.55,4.08
5284,0.58,6.54,4.31,6.61,2.75,11.68,0.94,6.59
5285,6.22,8.9,4.69,1.46,2.73,6.28,7.52,2.2
5286,1.34,10.85,4.02,9.02,0.97,0.61,4.33,8.86
5287,3.15,4.41,7.6,3.92,7.59,8.88,4.24,0.21
5288,5.06,3.26,8.65,4.75,7.68,1.04,2.53,7.03
5289,3.98,8.49,2.18,6.53,7.78,0.88,1.08,9.08
5290,5.47,6.06,2.25,8.27,2.15,9.08,4.55,2.17
5291,3.24,4.29,4.81,5.36,3.32,10.77,7.15,1.06
5292,9.73,8.01,1.94,4.14,1.48,1.87,6.0,6.83
5293,5.5,1.48,9.86,2.7,5.07,7.13,4.3,3.96
5294,9.23,4.92,4.66,0.44,3.32,7.96,2.12,7.35
5295,2.75,4.74,1.18,9.86,2.78,8.42,1.28,8.99
5296,8.39,6.36,3.79,7.83,5.82,5.03,1.35,1.43
5297,5.25,7.38,1.53,2.36,2.98,5.23,8.97,6.3
5298,4.21,3.51,7.58,3.35,5.55,10.22,1.41,4.17
5299,1.18,3.06,5.16,10.49,4.07,6.86,7.77,1.41
5300,1.27,8.63,6.19,8.26,3.66,1.66,2.85,7.48
5301,5.22,2.61,6.66,2.94,1.81,7.11,7.2,6.45
5302,3.36,3.29,1.52,4.85,12.84,1.59,12.47,0.08
5303,7.79,6.68,3.39,6.48,0.69,6.74,1.79,6.44
5304,6.72,2.35,8.63,2.29,8.8,2.04,2.72,6.45
5305,6.7,4.63,5.97,1.89,3.12,4.06,3.06,10.57
5306,6.6,3.35,4.0,3.82,6.32,4.61,6.25,5.05
5307,2.05,6.2,1.88,2.15,3.13,2.71,3.66,18.22
5308,1.61,9.15,2.2,1.76,3.19,11.42,4.35,6.32
5309,5.53,2.92,10.15,5.73,6.35,2.22,1.91,5.19
5310,1.07,9.59,8.96,5.33,6.13,2.44,4.9,1.58
5311,8.68,6.68,3.04,5.9,1.1,5.94,5.82,2.84
5312,2.88,8.39,7.16,1.65,1.82,2.87,7.69,7.54
5313,3.58,6.58,2.04,0.83,2.12,15.87,2.72,6.26
5314,9.49,7.22,6.02,5.35,1.15,5.62,0.26,4.89
5315,0.89,3.91,9.81,4.87,3.57,4.55,9.62,2.78
5316,3.74,10.11,8.6,4.96,0.46,3.67,6.48,1.98
5317,8.73,3.47,0.9,10.33,7.49,3.35,2.45,3.28
5318,6.55,7.26,3.82,2.74,7.24,8.04,2.87,1.48
5319,9.19,5.41,7.5,5.61,2.69,4.27,1.17,4.16
5320,3.17,6.03,6.67,5.59,1.11,5.99,8.16,3.28
5321,2.01,4.54,4.53,1.07,3.86,13.66,1.4,8.93
5322,5.3,0.54,6.17,9.74,8.45,2.87,2.7,4.23
5323,3.71,9.07,7.48,7.79,1.47,6.13,0.95,3.4
5324,6.01,5.1,6.74,7.62,4.08,0.72,8.69,1.04
5325,5.27,5.97,4.25,5.43,5.16,7.96,4.13,1.83
5326,0.54,1.37,1.69,2.59,3.95,5.72,16.93,7.21
5327,3.62,8.43,6.77,4.1,4.42,6.25,4.56,1.85
5328,0.69,8.17,5.03,4.56,8.29,1.83,3.66,7.77
5329,5.32,8.07,3.63,6.67,6.09,4.14,3.86,2.22
5330,2.43,9.62,1.83,4.47,6.12,8.15,2.77,4.61
5331,8.44,1.59,8.66,2.87,4.69,6.82,1.22,5.71
5332,9.82,4.71,3.28,8.05,2.27,3.74,5.51,2.62
5333,5.19,3.76,8.87,1.03,1.57,6.14,13.27,0.17
5334,1.29,10.06,2.85,6.1,1.18,10.11,8.2,0.21
5335,9.78,5.65,1.26,3.66,1.59,5.51,3.45,9.1
5336,4.73,2.21,3.86,10.88,5.09,0.77,8.99,3.47
5337,2.38,0.57,1.92,8.6,4.15,5.41,4.08,12.89
5338,1.49,4.28,6.2,5.47,5.63,4.47,10.73,1.73
5339,3.5,9.68,1.01,4.38,2.34,2.73,12.08,4.28
5340,6.38,3.07,1.96,9.06,2.71,9.88,6.27,0.67
5341,9.06,8.83,2.11,3.07,7.76,4.26,3.66,1.25
5342,3.26,3.01,7.91,1.4,3.78,13.5,6.1,1.04
5343,6.29,1.47,6.41,2.26,1.61,13.69,3.37,4.9
5344,6.47,8.97,7.04,4.66,4.11,2.8,0.84,5.11
5345,5.54,6.51,3.14,2.04,1.46,0.87,11.59,8.85
5346,1.65,10.84,7.98,7.79,4.16,4.12,1.79,1.67
5347,6.53,3.91,1.26,0.87,3.66,12.5,7.49,3.78
5348,4.01,5.74,4.57,9.79,7.07,2.98,2.86,2.98
5349,0.57,10.83,7.62,7.19,2.63,2.34,8.37,0.45
5350,0.79,5.23,9.58,5.7,1.89,6.56,1.26,8.99
5351,1.13,6.18,8.87,9.35,5.91,4.43,3.64,0.49
5352,0.76,1.99,1.69,13.28,10.63,1.06,7.15,3.44
5353,7.41,7.07,7.72,6.5,1.5,6.04,1.46,2.3
5354,3.24,5.32,10.22,4.8,2.93,7.99,0.72,4.78
5355,4.24,1.15,4.19,4.89,2.17,11.15,0.85,11.36
5356,8.81,8.04,3.28,5.28,6.81,1.7,1.13,4.95
5357,3.12,9.67,2.45,8.03,3.21,2.03,8.44,3.05
5358,3.74,10.18,1.55,2.14,7.87,8.57,2.0,3.95
5359,1.64,1.94,7.69,1.14,2.0,5.86,4.51,15.22
5360,5.75,8.38,3.4,2.16,1.52,10.73,5.72,2.34
5361,9.67,7.37,0.94,5.7,2.76,5.16,5.72,2.68
5362,0.84,3.88,7.27,7.69,6.37,2.44,4.02,7.49
5363,2.9,5.22,10.47,8.18,1.64,4.32,1.34,5.93
5364,5.2,9.58,6.87,2.46,6.7,5.38,1.85,1.96
5365,2.13,9.57,7.54,7.21,1.21,3.23,6.88,2.23
5366,3.31,7.54,4.28,9.0,2.43,1.25,4.92,7.27
5367,2.52,8.32,3.77,7.04,9.1,3.27,4.14,1.84
5368,5.91,7.81,5.19,4.96,5.29,5.9,0.78,4.16
5369,3.99,4.5,1.26,3.06,12.43,6.85,3.77,4.14
5370,1.32,5.86,1.17,11.3,1.73,4.0,5.62,9.0
5371,1.79,8.89,6.27,5.84,4.54,4.61,7.39,0.67
5372,4.0,4.49,0.64,1.92,6.63,10.7,8.95,2.67
5373,4.75,3.25,6.55,4.43,5.67,8.5,6.35,0.5
5374,4.29,5.84,8.97,5.0,2.39,0.93,4.51,8.07
5375,6.85,4.97,3.82,6.62,3.99,1.99,10.46,1.3
5376,8.89,0.9,6.04,3.56,6.92,2.34,8.49,2.86
5377,8.15,6.21,0.55,3.44,5.31,4.96,5.35,6.03
5378,1.38,4.53,10.74,5.99,4.14,5.55,7.2,0.47
5379,6.46,6.34,3.83,1.42,4.78,9.71,2.11,5.35
5380,9.18,2.49,3.07,6.84,3.04,8.84,2.69,3.85
5381,4.74,3.15,3.93,5.87,9.35,2.48,4.97,5.51
5382,9.41,7.67,2.73,1.47,7.93,1.4,7.03,2.36
5383,2.5,3.24,9.58,7.65,6.27,6.23,4.32,0.21
5384,4.29,5.77,4.89,5.02,3.38,2.44,7.43,6.78
5385,9.38,6.38,5.14,5.2,1.47,1.24,5.43,5.76
5386,5.99,7.38,2.27,2.55,3.91,1.79,7.18,8.93
5387,7.17,1.78,4.1,9.34,7.41,5.8,1.74,2.66
5388,7.39,6.47,4.0,4.36,0.47,10.9,6.37,0.04
5389,7.21,8.91,1.13,4.6,6.68,5.48,1.05,4.94
5390,0.63,9.98,8.34,4.88,7.06,1.79,6.8,0.52
5391,8.24,1.97,7.18,0.68,10.87,6.05,3.25,1.76
5392,7.21,1.88,4.03,1.77,3.13,11.3,8.8,1.88
5393,3.06,7.6,4.36,4.51,9.8,4.97,1.61,4.09
5394,3.01,1.36,7.43,1.16,1.99,6.61,10.1,8.34
5395,2.11,6.72,2.7,4.61,5.63,9.01,1.66,7.56
5396,8.09,3.53,2.26,4.27,6.9,7.25,4.7,3.0
5397,4.7,4.24,6.02,6.06,3.75,5.0,2.57,7.66
5398,8.48,3.6,3.97,3.82,8.14,1.61,6.86,3.52
5399,9.48,0.8,7.06,5.22,7.55,0.94,0.56,8.39
5400,3.25,8.99,6.02,2.89,6.24,5.18,4.17,3.26
5401,4.0,6.34,4.28,10.14,4.17,7.02,2.65,1.4
5402,7.88,3.02,8.13,6.69,1.25,7.79,2.96,2.28
5403,3.9,0.67,6.24,7.03,6.97,3.01,9.24,2.94
5404,4.52,1.1,10.67,5.16,7.02,4.95,3.15,3.43
5405,7.11,6.08,3.42,5.11,2.74,1.44,2.68,11.42
5406,9.73,3.64,1.97,2.75,4.2,8.47,6.05,3.19
5407,9.47,6.5,4.9,1.73,8.33,0.31,1.03,7.73
5408,9.66,5.41,6.21,1.82,5.34,0.58,4.6,6.38
5409,1.73,7.08,5.88,1.91,2.27,6.06,6.4,8.67
5410,6.58,1.63,4.07,1.12,4.66,7.1,2.88,11.96
5411,5.23,7.49,8.47,4.84,5.09,5.46,3.33,0.09
5412,1.51,7.49,7.97,0.66,7.61,0.81,13.91,0.04
5413,4.58,2.24,2.65,6.52,8.75,0.59,11.34,3.33
5414,3.27,10.16,3.89,8.51,0.72,7.72,0.7,5.03
5415,7.57,5.95,8.48,0.76,8.12,1.54,5.23,2.35
5416,1.71,3.5,3.84,8.12,5.27,2.67,5.86,9.03
5417,8.81,0.68,6.11,4.07,2.26,11.39,6.4,0.28
5418,6.91,9.17,7.9,5.34,2.28,3.97,1.56,2.87
5419,5.01,8.71,7.35,3.1,7.91,1.15,4.3,2.47
5420,2.27,2.32,5.86,10.15,8.91,1.78,1.3,7.41
5421,0.72,5.81,3.21,5.48,7.21,11.58,0.52,5.47
5422,9.66,8.37,2.22,6.34,3.83,3.68,3.8,2.1
5423,7.12,1.91,9.33,0.61,4.32,3.17,9.75,3.79
5424,2.45,4.81,8.97,7.67,3.89,7.29,0.72,4.2
5425,6.4,4.56,8.62,3.95,6.08,3.82,2.22,4.35
5426,1.04,7.07,5.19,6.75,8.66,0.55,9.75,0.99
5427,6.46,2.79,1.74,0.66,11.22,10.27,1.9,4.96
5428,1.63,2.19,6.43,8.76,6.07,7.54,5.38,2.0
5429,6.02,4.85,7.13,2.14,6.95,2.38,1.75,8.78
5430,1.34,5.97,10.15,5.08,8.25,3.11,4.92,1.18
5431,9.45,3.38,8.53,0.56,2.07,8.64,1.18,6.19
5432,3.93,2.6,8.58,9.76,2.16,4.85,6.49,1.63
5433,2.88,6.92,3.95,5.28,1.63,3.96,1.15,14.23
5434,9.1,1.42,7.83,8.03,2.05,6.79,1.48,3.3
5435,4.05,4.76,3.36,10.84,2.52,7.97,2.74,3.76
5436,9.24,6.49,6.63,6.74,3.63,1.02,5.52,0.73
5437,5.9,3.71,10.0,5.57,1.69,4.86,6.57,1.7
5438,3.74,4.1,4.66,5.47,6.68,5.13,3.11,7.11
5439,3.84,8.97,1.01,1.61,0.84,5.56,8.5,9.67
5440,7.9,6.27,7.47,3.53,6.2,4.87,3.67,0.09
5441,1.26,9.43,1.31,8.2,1.17,7.01,9.27,2.35
5442,3.47,3.31,8.14,4.91,9.78,3.84,4.88,1.67
5443,3.5,4.74,4.03,3.57,9.62,7.61,2.66,4.27
5444,5.68,7.24,2.06,7.73,7.68,5.17,3.51,0.93
5445,4.57,9.54,7.29,3.41,5.86,6.18,0.25,2.9
5446,3.39,6.59,0.58,7.1,10.48,2.92,5.74,3.2
5447,9.1,4.81,2.81,5.91,8.4,2.02,3.95,3.0
5448,0.57,6.58,6.71,0.93,10.85,3.2,7.31,3.85
5449,2.78,3.48,8.43,8.62,6.56,5.53,4.11,0.49
5450,4.75,1.74,8.84,6.1,1.06,2.84,9.65,5.02
5451,4.36,1.96,10.68,5.23,1.36,9.59,1.18,5.64
5452,4.47,4.67,1.0,3.34,11.75,4.38,9.33,1.06
5453,9.06,7.01,6.83,2.1,3.9,1.77,4.54,4.79
5454,8.14,3.72,6.31,2.84,5.55,1.85,1.69,9.9
5455,2.62,6.47,3.79,10.12,1.71,4.39,5.86,5.04
5456,9.83,5.25,6.91,5.45,1.49,5.52,0.6,4.95
5457,5.81,9.19,3.23,4.26,7.26,1.49,4.52,4.24
5458,3.25,5.07,9.47,8.25,3.81,6.27,1.35,2.53
5459,1.49,8.59,2.85,2.37,4.91,6.95,6.96,5.88
5460,6.27,5.48,9.18,2.95,4.17,3.08,4.02,4.85
5461,2.15,4.67,8.23,1.15,9.77,7.65,1.8,4.58
5462,1.93,10.22,7.88,3.67,3.45,8.29,2.34,2.22
5463,6.13,8.86,4.4,1.36,6.51,2.53,2.83,7.38
5464,8.39,6.63,3.91,0.7,8.75,4.2,5.06,2.36
5465,3.84,5.42,0.69,3.5,8.3,11.66,2.45,4.14
5466,9.68,1.92,5.94,7.96,4.84,4.27,1.97,3.42
5467,7.53,1.58,3.16,1.82,3.58,11.25,3.1,7.98
5468,2.67,5.96,8.49,4.13,8.39,3.35,1.92,5.09
5469,5.24,3.55,8.46,7.27,3.58,7.86,2.86,1.18
5470,2.32,8.58,4.77,4.63,0.94,7.66,3.44,7.66
5471,9.61,6.16,1.58,5.69,5.65,6.32,2.27,2.72
5472,5.85,7.9,5.54,7.23,4.74,4.53,1.76,2.45
5473,4.73,6.81,9.14,6.99,4.71,4.3,1.01,2.31
5474,5.63,1.42,2.52,1.64,3.84,16.32,0.77,7.86
5475,0.63,0.68,5.81,9.29,1.65,3.7,18.0,0.24
5476,3.65,0.78,6.69,1.57,9.25,0.82,10.81,6.43
5477,4.6,2.95,8.66,8.79,5.51,6.23,1.51,1.75
5478,2.15,2.96,7.64,5.15,4.41,3.57,12.0,2.12
5479,2.24,0.93,7.07,8.14,8.75,1.75,4.98,6.14
5480,3.37,4.86,9.36,3.27,6.35,8.07,1.41,3.31
5481,6.69,5.63,7.3,3.04,8.49,3.35,1.49,4.01
5482,7.16,6.11,0.55,2.41,1.83,8.61,8.41,4.92
5483,1.25,7.64,0.83,5.53,9.66,4.37,10.27,0.45
5484,6.69,6.84,8.69,0.9,8.17,4.64,2.93,1.14
5485,8.49,3.75,4.83,2.38,7.38,7.47,5.65,0.05
5486,6.35,2.48,3.91,4.21,1.44,5.95,15.63,0.03
5487,3.58,3.74,9.59,2.08,7.3,2.52,3.59,7.6
5488,7.05,7.36,1.91,8.87,6.75,2.93,1.44,3.69
5489,9.47,7.98,4.25,4.36,5.71,0.43,3.4,4.4
5490,2.78,3.58,11.17,3.24,6.49,4.59,1.28,6.87
5491,0.79,3.55,1.53,13.05,9.87,6.45,1.16,3.6
5492,7.07,7.77,1.74,3.24,7.2,7.21,3.9,1.87
5493,8.42,2.18,3.91,0.76,6.85,5.89,9.91,2.08
5494,7.17,5.47,4.48,4.29,0.57,3.81,1.31,12.9
5495,3.72,5.94,0.62,2.43,5.06,1.03,5.51,15.69
5496,9.89,1.64,5.26,2.0,2.68,11.26,5.4,1.87
5497,9.07,8.77,7.37,5.15,2.11,3.74,3.62,0.17
5498,8.21,1.34,5.18,6.36,4.63,5.5,3.06,5.72
5499,7.7,6.18,7.21,0.9,7.48,3.28,0.93,6.32
5500,4.81,1.1,5.87,1.82,7.28,10.39,7.19,1.54
5501,4.15,10.19,4.95,3.29,2.81,7.36,1.79,5.46
5502,5.86,2.0,3.26,8.17,8.7,6.35,3.25,2.41
5503,4.24,5.42,2.08,10.33,3.73,1.87,4.56,7.77
5504,8.79,2.1,8.53,6.96,5.1,1.11,6.06,1.35
5505,3.38,9.74,5.76,4.02,1.25,1.09,2.74,12.02
5506,5.18,5.57,2.2,7.36,1.75,4.16,2.77,11.01
5507,4.67,7.71,2.07,4.51,3.43,2.13,12.2,3.28
5508,1.79,7.5,3.31,2.54,11.1,5.64,1.01,7.11
5509,2.67,0.85,2.34,3.1,13.74,1.24,3.8,12.26
5510,6.28,1.94,2.05,10.22,3.21,1.84,0.82,13.64
5511,9.0,1.28,4.6,1.64,1.35,6.95,4.3,10.88
5512,1.47,2.35,8.18,1.0,10.18,1.87,2.24,12.71
5513,7.32,5.84,8.09,2.63,5.21,3.45,5.34,2.12
5514,6.18,6.19,8.22,5.61,2.27,3.68,1.27,6.58
5515,2.07,6.91,10.09,6.59,2.29,0.42,4.58,7.05
5516,7.88,7.84,0.5,6.1,4.42,3.21,1.87,8.18
5517,8.56,8.23,7.17,1.65,1.61,2.1,8.35,2.33
5518,2.51,0.85,9.75,7.66,0.93,5.29,11.03,1.98
5519,8.64,8.7,0.88,4.89,2.24,2.34,3.1,9.21
5520,9.51,5.59,2.13,1.0,4.3,4.83,7.5,5.14
5521,5.99,1.38,10.75,5.25,3.43,4.07,1.87,7.26
5522,7.56,2.13,5.26,0.91,9.88,4.86,1.89,7.51
5523,4.94,0.96,6.91,1.76,12.08,4.4,0.62,8.33
5524,6.39,2.43,9.4,1.32,6.69,8.86,3.95,0.96
5525,8.7,3.42,0.72,2.14,2.03,14.04,4.51,4.44
5526,2.35,7.82,8.06,5.15,2.93,2.56,1.18,9.95
5527,8.48,5.53,2.7,4.05,6.35,1.72,8.29,2.88
5528,3.96,3.28,10.52,1.06,3.45,2.73,3.17,11.83
5529,7.84,7.46,7.71,6.53,4.26,1.18,4.63,0.39
5530,4.35,5.62,3.24,6.5,4.27,10.19,4.15,1.68
5531,7.22,1.85,7.57,1.49,8.8,0.67,10.22,2.18
5532,8.31,5.41,7.16,4.98,2.89,2.2,2.9,6.15
5533,6.62,6.92,3.61,8.16,4.09,3.91,0.4,6.29
5534,3.65,1.85,5.56,2.72,12.01,7.38,1.6,5.23
5535,0.92,10.78,0.65,9.24,3.58,2.26,3.02,9.55
5536,5.14,8.57,4.84,2.3,4.87,6.14,3.54,4.6
5537,8.37,8.58,4.1,3.42,2.58,7.77,2.25,2.93
5538,7.73,4.46,4.56,6.88,5.29,6.67,1.68,2.73
5539,8.36,1.91,4.4,6.44,8.48,2.52,6.8,1.09
5540,4.54,3.5,6.14,7.57,6.05,2.7,2.4,7.1
5541,8.3,4.81,4.11,7.07,3.82,3.92,1.64,6.33
5542,9.02,2.04,7.23,1.11,2.04,0.74,7.19,10.63
5543,2.05,4.27,1.75,9.4,10.18,4.37,2.49,5.49
5544,8.02,1.57,7.32,5.78,8.52,1.32,4.55,2.92
5545,1.84,1.33,9.57,1.03,7.33,9.72,2.87,6.31
5546,4.22,8.26,3.15,1.21,7.87,4.06,8.38,2.85
5547,2.05,3.92,5.76,8.66,5.16,2.0,10.85,1.6
5548,8.49,4.59,8.82,6.34,5.73,3.96,1.15,0.92
5549,6.83,8.05,0.65,5.86,1.65,2.29,14.27,0.4
5550,6.99,9.19,3.9,6.23,3.41,2.89,2.36,5.03
5551,9.26,8.37,5.13,2.45,1.05,3.86,8.34,1.54
5552,9.33,0.87,6.89,4.35,8.73,4.6,4.55,0.68
5553,7.95,7.89,4.89,3.49,6.38,4.65,0.82,3.93
5554,2.79,3.21,4.01,7.48,6.93,5.2,4.98,5.4
5555,1.08,5.64,9.14,8.3,1.13,4.41,8.13,2.17
5556,5.82,4.88,5.23,4.99,1.24,3.91,6.69,7.24
5557,5.44,5.33,6.67,1.77,6.97,7.6,5.51,0.71
5558,5.49,9.07,8.45,6.53,4.63,0.33,0.64,4.86
5559,9.41,1.76,0.71,6.09,1.77,0.84,8.4,11.02
5560,2.05,2.62,10.89,4.13,5.1,2.65,1.84,10.72
5561,8.8,8.71,2.51,6.15,3.79,4.55,0.49,5.0
5562,5.18,2.25,3.17,5.27,1.54,4.5,3.25,14.84
5563,6.13,9.35,1.7,3.66,7.67,1.19,9.71,0.59
5564,1.27,5.13,3.29,7.43,10.39,2.31,3.75,6.43
5565,3.41,7.61,7.1,7.38,6.08,1.55,1.54,5.33
5566,3.46,1.88,8.5,2.16,10.21,1.7,3.43,8.66
5567,8.68,4.92,8.46,6.59,4.97,3.45,1.54,1.39
5568,5.2,6.5,3.69,9.08,2.99,3.72,6.5,2.32
5569,6.94,3.44,5.99,7.23,3.37,4.42,7.09,1.52
5570,6.48,6.78,2.53,2.65,8.19,7.77,2.29,3.31
5571,2.18,0.68,1.4,7.32,6.64,4.0,3.52,14.26
5572,8.62,2.72,5.98,4.12,1.31,6.87,9.99,0.39
5573,5.17,8.28,2.87,1.26,3.61,2.8,11.85,4.16
5574,7.84,3.87,6.23,6.09,3.98,3.74,1.12,7.13
5575,3.19,6.07,10.05,2.47,2.27,10.17,4.33,1.45
5576,9.58,2.53,9.22,1.83,3.85,7.93,2.74,2.32
5577,5.13,9.68,7.69,6.68,0.79,3.0,3.24,3.79
5578,4.93,3.7,9.45,1.69,2.63,5.59,8.58,3.43
5579,5.97,7.5,5.73,5.01,3.82,0.96,7.42,3.59
5580,2.57,0.72,7.32,9.6,8.79,3.75,4.15,3.1
5581,2.56,0.74,1.21,2.97,13.44,5.53,10.18,3.37
5582,1.16,7.0,5.91,9.24,4.47,2.54,7.61,2.07
5583,1.81,2.42,8.11,2.64,11.22,7.39,4.93,1.48
5584,8.04,4.09,8.3,5.94,3.2,3.97,0.84,5.62
5585,6.71,2.03,0.89,11.39,7.43,4.2,1.52,5.83
5586,7.63,4.67,7.73,2.06,5.88,5.75,4.63,1.65
5587,1.04,9.47,5.21,7.71,5.46,6.42,1.19,3.5
5588,3.42,0.88,4.61,8.4,4.94,9.56,5.12,3.07
5589,8.56,0.45,5.73,8.37,0.97,7.82,1.54,6.56
5590,5.85,8.62,7.8,0.91,3.61,6.7,0.47,6.04
5591,6.98,0.88,9.02,2.11,0.72,0.77,11.16,8.36
5592,7.31,6.8,6.08,6.2,0.35,4.06,8.64,0.56
5593,2.76,1.67,4.93,5.78,6.06,5.7,3.96,9.14
5594,9.29,3.66,4.76,8.79,1.99,1.49,9.89,0.13
5595,5.56,1.42,8.53,5.94,7.51,0.54,10.26,0.24
5596,5.05,4.43,9.78,0.65,6.38,2.49,4.52,6.7
5597,4.34,0.7,3.93,7.7,10.65,6.18,4.39,2.11
5598,3.14,6.44,9.66,6.77,2.49,7.11,3.93,0.46
5599,4.7,1.98,10.05,3.11,8.97,6.72,1.65,2.82
5600,4.78,1.43,4.81,8.87,3.35,5.93,5.32,5.51
5601,0.58,9.29,8.35,7.05,0.59,7.76,2.97,3.41
5602,8.42,4.56,2.32,8.5,0.8,3.59,8.61,3.2
5603,6.42,1.98,10.29,4.92,7.12,4.98,3.88,0.41
5604,0.81,4.03,6.88,8.69,7.3,5.1,4.28,2.91
5605,4.55,5.39,2.32,6.95,1.11,8.08,1.83,9.77
5606,6.71,3.38,6.19,3.95,3.69,10.08,1.64,4.36
5607,1.62,1.95,6.65,11.54,1.31,7.81,2.26,6.86
5608,4.34,4.78,3.1,9.3,6.11,0.98,6.41,4.98
5609,8.01,2.18,6.45,4.83,2.43,4.1,1.05,10.95
5610,9.64,0.67,3.0,9.77,5.77,7.33,2.59,1.23
5611,9.97,6.88,6.56,4.76,4.25,4.39,2.4,0.79
5612,1.86,3.47,9.0,9.08,2.63,9.02,2.78,2.16
5613,2.62,10.54,3.27,1.25,7.34,6.15,5.09,3.74
5614,6.17,7.06,2.2,6.56,2.14,2.47,7.04,6.36
5615,5.82,2.88,2.88,5.92,8.52,4.79,2.6,6.59
5616,9.31,4.86,2.3,6.2,7.46,4.54,4.85,0.48
5617,2.02,8.53,5.32,8.94,4.61,6.17,1.27,3.14
5618,5.52,1.15,5.85,3.02,3.9,12.53,7.87,0.16
5619,2.77,6.76,9.02,4.58,2.87,8.05,0.96,4.99
5620,4.31,2.81,9.88,6.94,2.91,3.89,1.59,7.67
5621,5.42,1.13,4.64,2.69,4.16,4.12,14.46,3.38
5622,4.37,4.35,8.13,0.63,7.23,4.6,5.14,5.55
5623,3.42,2.28,7.97,5.06,6.09,9.81,5.08,0.29
5624,7.54,4.75,8.0,2.41,3.01,6.88,3.26,4.15
5625,5.24,7.75,1.07,6.98,4.75,8.37,2.87,2.97
5626,0.52,9.19,2.7,9.15,5.28,8.39,2.82,1.95
5627,5.71,2.34,7.14,4.83,1.21,10.43,4.67,3.67
5628,8.84,2.09,4.88,9.41,1.44,1.71,4.99,6.64
5629,8.77,5.42,3.2,7.95,4.94,1.26,0.7,7.76
5630,2.18,1.51,11.03,4.59,3.68,2.19,2.71,12.11
5631,3.15,7.36,7.08,5.62,3.23,4.22,4.42,4.92
5632,3.54,7.11,2.78,5.1,7.65,1.44,5.56,6.82
5633,5.56,5.25,5.29,1.16,8.57,1.53,3.01,9.63
5634,2.93,2.86,5.33,1.92,6.57,9.54,8.4,2.45
5635,5.22,1.92,9.74,5.56,7.55,1.72,2.26,6.03
5636,2.56,1.9,3.25,2.8,6.33,13.47,2.13,7.56
5637,1.91,9.73,2.55,6.67,4.75,3.82,4.37,6.2
5638,4.32,3.2,5.53,5.49,5.25,2.46,9.82,3.93
5639,6.65,1.16,3.14,9.43,9.33,3.84,0.84,5.61
5640,7.48,1.1,4.9,7.22,9.1,2.34,7.13,0.73
5641,9.68,2.22,1.79,6.84,4.41,1.86,9.76,3.44
5642,1.11,4.33,8.01,2.69,6.31,3.84,1.88,11.83
5643,8.2,8.85,5.06,1.9,1.84,7.85,1.84,4.46
5644,5.13,7.87,1.24,9.72,7.68,3.37,1.93,3.06
5645,7.79,1.26,8.23,3.78,6.76,3.82,1.14,7.22
5646,2.67,6.39,5.62,1.93,10.84,2.01,2.5,8.04
5647,5.24,4.81,7.88,2.83,8.66,1.75,3.15,5.68
5648,6.11,6.74,5.84,4.48,3.61,3.3,8.67,1.25
5649,4.47,9.2,7.6,5.86,4.4,5.45,2.16,0.86
5650,4.07,6.64,1.13,6.98,1.07,0.79,5.64,13.68
5651,9.72,3.49,4.86,0.61,4.12,5.11,3.93,8.16
5652,3.81,6.51,1.65,8.06,5.05,1.95,11.55,1.42
5653,2.24,10.49,2.06,4.06,8.02,2.47,4.74,5.92
5654,2.37,5.56,7.92,5.49,6.04,0.75,1.0,10.87
5655,4.4,1.93,3.54,1.33,5.96,7.43,5.1,10.31
5656,3.84,9.37,6.08,5.61,3.48,2.48,2.28,6.86
5657,6.52,2.73,6.74,8.01,6.06,0.51,6.64,2.79
5658,5.78,6.97,7.06,6.61,4.02,1.13,7.87,0.56
5659,4.71,5.68,1.76,1.56,7.36,10.81,8.04,0.08
5660,4.74,6.43,6.45,6.08,1.78,1.24,12.98,0.3
5661,7.09,8.68,1.65,2.73,3.82,5.11,3.89,7.03
5662,4.68,1.69,5.41,11.01,8.53,4.52,3.36,0.8
5663,7.62,5.98,7.16,5.88,3.22,2.36,7.17,0.61
5664,8.55,6.4,2.96,7.4,2.12,8.0,1.47,3.1
5665,3.35,5.86,2.79,0.86,3.02,14.37,0.89,8.86
5666,2.31,1.19,1.82,6.11,6.74,3.46,8.17,10.2
5667,3.73,5.26,9.06,6.04,3.17,0.75,3.73,8.26
5668,7.95,2.57,4.92,2.35,2.43,4.94,7.36,7.48
5669,1.43,4.56,3.39,4.79,12.47,5.82,3.65,3.89
5670,0.69,3.38,2.35,12.16,8.15,7.62,3.19,2.46
5671,3.4,1.42,7.36,7.85,4.83,2.55,8.38,4.21
5672,4.68,5.13,0.6,7.09,7.11,9.9,2.89,2.6
5673,9.62,2.11,7.62,5.71,0.72,8.58,4.37,1.27
5674,6.77,4.01,1.58,9.76,6.9,2.11,8.14,0.73
5675,4.44,9.76,6.1,4.57,1.82,4.04,2.81,6.46
5676,9.74,2.89,5.15,4.59,4.0,4.8,6.13,2.7
5677,1.05,7.36,7.9,1.32,8.53,2.37,3.14,8.33
5678,7.5,2.15,9.46,3.3,6.36,2.1,9.11,0.02
5679,9.65,5.66,3.88,7.6,2.94,3.88,5.01,1.38
5680,1.11,1.47,1.19,8.11,8.0,9.63,5.7,4.79
5681,9.52,8.35,6.03,0.68,4.31,1.8,6.42,2.89
5682,2.28,10.36,5.45,1.0,1.76,12.55,4.42,2.18
5683,1.28,11.05,8.07,5.18,3.45,5.31,4.01,1.65
5684,4.65,6.9,0.78,5.95,3.32,2.07,10.63,5.7
5685,6.91,1.04,10.53,5.05,2.82,7.53,5.3,0.82
5686,3.79,9.52,7.82,2.17,2.59,2.12,6.28,5.71
5687,2.48,4.14,10.32,5.63,7.39,2.7,7.29,0.05
5688,5.5,8.04,7.84,4.85,1.4,2.62,6.91,2.84
5689,7.03,2.46,6.94,1.28,5.9,8.54,2.28,5.57
5690,2.4,8.17,6.31,8.22,3.74,7.24,2.7,1.22
5691,6.54,8.72,2.39,7.79,5.61,1.86,5.18,1.91
5692,3.61,5.57,6.32,1.38,7.13,8.83,2.18,4.98
5693,3.83,8.43,4.56,2.71,3.57,3.86,2.9,10.14
5694,1.5,6.83,9.5,8.82,5.71,0.67,1.26,5.71
5695,2.55,5.69,3.48,1.03,3.2,6.09,13.79,4.17
5696,1.47,2.86,6.89,1.42,2.0,16.47,0.59,8.3
5697,6.07,2.51,6.0,2.91,1.85,6.36,11.78,2.52
5698,6.26,1.62,5.59,9.94,3.49,6.38,1.18,5.54
5699,2.13,4.47,6.48,7.94,9.09,1.06,2.74,6.09
5700,5.52,2.3,8.92,7.67,4.2,1.62,3.52,6.25
5701,3.26,2.37,2.32,6.53,5.0,1.0,2.26,17.26
5702,0.85,10.77,1.06,10.53,8.14,1.04,6.76,0.85
5703,2.5,4.55,8.68,5.66,7.88,6.23,3.53,0.97
5704,1.39,3.99,9.41,5.29,3.26,5.67,2.5,8.49
5705,4.58,4.46,8.59,7.92,4.76,3.76,3.63,2.3
5706,3.46,5.4,5.14,3.34,10.33,1.48,5.36,5.49
5707,3.19,8.56,4.92,1.27,3.14,9.02,8.44,1.46
5708,7.31,8.52,4.77,1.51,4.12,2.15,0.8,10.82
5709,3.3,8.19,1.51,1.19,5.15,10.09,3.38,7.19
5710,2.43,3.39,5.22,2.46,8.63,6.11,8.05,3.71
5711,4.73,6.32,8.61,6.06,1.72,6.66,5.59,0.31
5712,1.98,1.01,6.84,11.24,5.19,3.09,2.72,7.93
5713,7.88,6.42,7.58,5.29,4.07,5.55,1.6,1.61
5714,1.61,9.35,5.84,7.18,2.79,8.19,1.89,3.15
5715,6.09,5.4,6.34,0.69,1.23,9.75,3.23,7.27
5716,3.42,9.86,1.94,6.04,1.28,4.53,4.3,8.63
5717,1.56,2.11,11.28,5.32,9.43,2.43,6.22,1.65
5718,9.09,3.09,1.46,4.28,6.11,10.37,1.89,3.71
5719,4.6,0.87,4.1,7.39,1.21,2.23,19.27,0.33
5720,6.21,1.41,8.69,2.75,7.61,7.71,0.73,4.89
5721,8.04,2.79,2.95,0.79,3.39,1.57,17.49,2.98
5722,6.26,1.44,9.34,2.84,0.55,8.41,10.12,1.04
5723,0.52,10.61,9.51,5.47,0.6,4.14,7.36,1.79
5724,0.52,0.62,3.11,13.32,5.61,10.72,4.1,2.0
5725,1.31,8.0,3.44,9.96,1.56,10.31,4.79,0.63
5726,7.99,7.18,4.17,4.51,3.48,3.02,9.04,0.61
5727,4.34,3.92,3.54,7.03,2.67,6.18,7.25,5.07
5728,1.69,9.3,1.38,6.24,9.22,7.0,4.56,0.61
5729,8.97,4.11,3.69,9.14,0.61,6.94,2.28,4.26
5730,7.69,4.88,4.36,5.73,0.59,7.93,3.25,5.57
5731,5.11,5.79,1.88,7.57,9.68,5.7,3.26,1.01
5732,0.75,7.16,7.73,2.92,6.87,5.43,6.18,2.96
5733,6.31,5.23,4.21,1.57,11.32,0.53,5.23,5.6
5734,7.86,6.37,2.28,5.4,7.5,3.77,0.47,6.35
5735,6.86,2.7,5.48,9.17,0.59,9.85,3.78,1.57
5736,1.95,0.95,10.61,7.11,9.55,2.13,5.17,2.53
5737,3.95,6.76,9.28,6.15,6.51,0.42,0.93,6.0
5738,3.48,2.5,1.64,4.15,7.52,3.85,5.17,11.69
5739,4.56,0.66,7.47,3.14,5.08,4.43,7.14,7.52
5740,6.53,1.38,6.8,8.51,2.57,6.78,0.56,6.87
5741,9.39,2.96,2.76,1.13,10.54,4.41,3.06,5.75
5742,4.21,7.21,6.14,5.0,6.97,6.21,3.36,0.9
5743,5.86,5.84,9.23,2.58,4.06,3.54,8.41,0.48
5744,1.42,10.91,7.94,2.52,7.39,5.42,2.38,2.02
5745,7.01,6.81,5.12,1.77,3.19,8.0,1.2,6.9
5746,1.64,6.79,8.46,1.34,6.22,9.71,0.37,5.47
5747,3.15,9.95,8.56,6.48,4.59,0.79,5.64,0.84
5748,6.81,1.1,2.42,2.71,3.11,1.42,5.25,17.18
5749,7.52,2.81,7.57,1.26,2.59,8.69,1.9,7.66
5750,8.28,6.05,5.0,3.88,3.04,7.23,3.15,3.37
5751,3.03,10.44,2.82,3.81,2.02,1.78,15.16,0.94
5752,2.32,1.89,5.4,4.06,12.38,7.09,4.37,2.49
5753,2.78,1.76,1.94,9.05,6.96,6.01,2.19,9.31
5754,4.3,4.9,1.19,1.36,4.19,9.04,7.67,7.35
5755,9.86,4.13,6.96,5.04,2.86,5.68,0.7,4.77
5756,2.91,7.9,5.3,5.65,6.1,0.75,8.29,3.1
5757,1.28,7.6,5.16,4.56,3.03,9.64,7.46,1.27
5758,1.19,1.39,7.76,1.55,4.4,6.52,7.93,9.26
5759,9.05,3.03,3.85,0.83,1.18,10.14,11.74,0.18
5760,3.79,6.98,5.04,4.76,8.31,1.62,3.72,5.78
5761,8.54,3.1,2.12,8.95,1.06,10.53,4.64,1.06
5762,6.2,3.7,0.57,3.59,9.27,5.63,1.34,9.7
5763,6.85,5.05,3.31,2.59,6.91,4.51,5.73,5.05
5764,2.93,2.48,5.81,3.22,10.17,2.44,6.14,6.81
5765,5.7,9.56,5.71,4.15,2.97,5.63,2.42,3.86
5766,9.96,6.88,7.26,0.46,3.19,5.18,6.04,1.03
5767,5.61,4.73,7.51,4.34,6.31,5.56,5.71,0.23
5768,7.24,5.54,8.76,7.08,3.91,2.84,3.45,1.18
5769,3.58,3.31,6.53,7.32,6.43,4.24,6.55,2.04
5770,8.37,1.84,6.37,6.3,3.07,3.03,9.79,1.23
5771,0.86,2.23,10.08,5.36,5.08,4.99,4.12,7.28
5772,1.9,9.3,4.08,8.84,7.81,4.06,2.11,1.9
5773,7.08,8.95,3.22,6.91,5.3,0.78,5.69,2.07
5774,5.14,6.81,2.13,1.54,8.87,7.33,7.84,0.34
5775,9.94,2.97,1.62,8.22,3.33,5.05,2.02,6.85
5776,8.94,5.35,3.33,4.65,0.94,5.63,6.89,4.27
5777,8.66,0.47,4.91,9.28,2.91,8.3,2.86,2.61
5778,1.41,4.78,9.13,9.61,1.56,3.94,8.77,0.8
5779,6.53,6.61,4.02,2.98,2.98,3.93,11.11,1.84
5780,8.86,3.58,1.01,1.09,12.14,8.55,2.98,1.79
5781,5.01,9.44,5.15,1.4,9.49,5.23,0.7,3.58
5782,4.71,2.44,6.77,2.26,8.45,1.97,11.66,1.74
5783,4.07,0.67,3.76,1.7,7.53,14.18,5.43,2.66
5784,9.47,1.24,6.5,8.88,0.65,6.09,4.87,2.3
5785,2.09,7.33,2.78,7.39,3.81,4.18,3.89,8.53
5786,6.92,5.3,2.43,7.88,7.41,3.19,6.74,0.13
5787,3.73,4.75,6.08,1.54,10.78,1.99,2.82,8.31
5788,4.44,2.44,6.9,9.33,4.3,4.68,1.12,6.79
5789,3.19,2.92,2.45,11.54,2.04,4.43,3.25,10.18
5790,6.16,7.82,7.89,5.69,4.61,1.59,5.83,0.41
5791,4.16,8.4,3.21,2.85,5.01,2.22,9.38,4.77
5792,8.12,2.78,9.13,7.63,1.38,4.74,3.9,2.32
5793,2.14,6.65,0.7,10.75,3.1,10.23,3.85,2.58
5794,8.45,2.47,4.86,1.07,6.55,4.62,8.06,3.92
5795,9.85,6.29,0.87,3.47,8.29,3.68,6.21,1.34
5796,6.51,1.78,5.82,9.14,1.36,9.7,3.98,1.71
5797,3.8,9.21,1.6,6.11,5.67,1.74,1.54,10.33
5798,6.77,2.35,9.85,4.03,3.2,8.51,1.84,3.45
5799,5.42,9.06,1.31,4.65,3.71,6.16,2.76,6.93
5800,6.17,7.35,6.46,4.97,3.25,2.24,8.63,0.93
5801,5.51,5.39,7.48,6.67,3.42,5.39,2.38,3.76
5802,0.63,0.92,10.07,9.67,4.69,1.25,5.46,7.31
5803,9.42,4.79,4.28,3.62,5.14,7.09,4.91,0.75
5804,4.84,9.17,5.07,2.03,6.44,7.82,1.15,3.48
5805,2.85,6.68,8.27,6.97,1.75,0.62,3.78,9.08
5806,6.32,7.86,1.06,4.25,5.34,9.78,3.79,1.6
5807,7.28,8.16,5.57,1.42,3.15,7.22,2.21,4.99
5808,1.78,4.14,9.91,3.04,3.74,9.28,2.53,5.58
5809,0.82,4.32,7.97,9.9,1.33,5.18,1.85,8.63
5810,6.53,1.4,1.33,1.71,9.93,5.33,9.99,3.78
5811,8.64,7.17,7.7,2.45,2.58,1.13,0.75,9.58
5812,8.06,1.74,7.76,7.37,1.27,5.66,7.76,0.38
5813,9.85,5.7,5.44,3.17,1.55,6.31,4.0,3.98
5814,1.91,2.18,9.57,10.35,3.99,2.09,2.23,7.68
5815,3.91,8.95,8.63,2.38,1.16,5.81,1.27,7.89
5816,1.63,10.15,7.11,1.11,5.02,6.3,1.58,7.1
5817,2.42,4.28,8.4,9.01,2.52,1.28,1.77,10.32
5818,4.68,5.21,1.77,2.31,3.5,4.29,1.08,17.16
5819,3.61,3.96,2.31,9.56,1.7,11.14,4.35,3.37
5820,8.53,8.04,1.55,4.63,3.7,7.45,4.19,1.91
5821,7.49,0.72,10.36,3.85,0.74,1.83,3.65,11.36
5822,7.53,9.21,0.42,2.84,3.49,10.5,3.66,2.35
5823,2.69,8.91,7.99,4.42,6.93,2.24,3.74,3.08
5824,3.63,4.43,2.62,11.19,4.04,8.76,3.72,1.61
5825,5.68,5.97,8.68,5.36,2.99,3.59,1.32,6.41
5826,2.86,4.32,3.41,6.32,2.48,9.05,6.94,4.62
5827,5.52,7.55,1.08,2.69,7.06,7.43,7.9,0.77
5828,8.77,8.39,2.64,1.06,0.93,2.74,9.3,6.17
5829,3.74,4.55,1.41,8.88,1.68,3.27,3.28,13.19
5830,4.48,1.55,9.26,0.79,1.95,5.14,7.6,9.23
5831,5.05,9.8,3.46,0.53,0.62,7.57,12.41,0.56
5832,2.2,6.43,6.67,3.73,10.24,3.61,3.5,3.62
5833,7.33,7.78,3.9,4.13,0.67,6.45,7.8,1.94
5834,2.42,7.98,0.65,5.65,2.12,9.37,7.84,3.97
5835,3.62,8.97,7.88,4.2,6.1,5.62,2.96,0.65
5836,0.74,2.04,5.47,8.91,8.25,4.71,2.42,7.46
5837,9.46,4.74,5.6,7.55,4.37,5.5,1.4,1.38
5838,7.85,1.49,1.35,8.75,2.54,4.78,7.55,5.69
5839,8.58,2.6,6.26,5.41,5.34,0.82,1.45,9.54
5840,5.56,3.66,3.9,3.37,5.4,11.67,4.36,2.08
5841,6.89,4.54,7.19,2.78,2.0,4.73,8.23,3.64
5842,9.04,7.14,3.09,5.04,6.02,0.59,2.37,6.71
5843,0.86,6.32,7.29,7.76,8.21,1.9,2.54,5.12
5844,7.76,5.04,2.92,2.89,3.71,10.97,3.24,3.47
5845,7.82,8.04,7.47,6.05,4.22,2.75,2.53,1.12
5846,5.64,1.39,10.61,0.89,7.35,3.92,5.39,4.81
5847,4.15,2.33,5.96,8.94,2.49,6.72,3.06,6.35
5848,7.11,8.38,5.35,3.36,7.11,0.46,6.51,1.72
5849,3.34,2.95,6.5,10.43,2.86,4.65,7.21,2.06
5850,1.91,2.08,8.07,10.58,3.29,1.98,2.08,10.01
5851,3.42,6.4,8.15,3.44,7.41,1.88,8.32,0.98
5852,3.86,6.83,7.44,8.59,0.38,4.23,6.16,2.51
5853,0.87,2.48,5.43,12.3,6.64,8.15,1.79,2.34
5854,9.08,4.9,2.4,4.5,8.02,0.86,4.44,5.8
5855,4.76,9.16,1.38,9.87,3.02,6.76,1.61,3.44
5856,1.94,8.86,4.85,3.3,1.09,0.94,17.16,1.86
5857,7.41,4.46,2.45,9.04,6.86,4.78,3.17,1.83
5858,5.34,7.97,1.22,7.66,7.59,5.41,1.8,3.01
5859,2.71,8.76,3.03,10.02,7.45,1.65,4.3,2.08
5860,3.48,3.81,4.9,8.17,2.6,9.49,0.57,6.98
5861,1.52,10.78,1.71,3.43,5.82,7.0,0.56,9.18
5862,7.27,3.2,8.46,1.14,8.79,4.62,4.8,1.72
5863,4.92,7.33,5.8,4.1,2.37,9.94,0.96,4.58
5864,2.01,4.79,5.44,9.12,0.88,2.53,11.96,3.27
5865,8.84,5.83,7.93,2.05,3.98,5.94,3.28,2.15
5866,6.08,8.45,0.62,3.75,1.68,4.86,6.4,8.16
5867,3.4,9.01,9.12,1.31,2.82,1.32,3.52,9.5
5868,7.37,6.32,6.51,3.19,3.68,5.39,3.97,3.57
5869,6.02,2.95,8.92,8.79,4.07,0.75,7.44,1.06
5870,5.1,2.29,7.74,7.08,1.14,7.85,3.73,5.07
5871,1.39,7.72,8.82,8.37,1.98,2.78,1.39,7.55
5872,9.5,3.95,2.56,5.68,8.98,4.5,0.72,4.11
5873,1.04,8.08,4.36,1.78,8.03,5.19,4.27,7.25
5874,2.15,8.07,9.36,1.66,5.47,3.98,0.92,8.39
5875,6.61,7.87,0.6,9.52,4.91,5.48,3.85,1.16
5876,3.96,10.03,2.89,3.32,1.88,7.87,9.18,0.87
5877,6.97,5.89,8.06,6.58,3.19,2.4,1.57,5.34
5878,5.63,9.42,6.82,3.88,2.47,2.96,8.56,0.26
5879,1.68,4.77,9.17,9.35,4.63,2.53,5.36,2.51
5880,6.79,6.41,5.33,7.29,2.1,7.99,3.7,0.39
5881,2.18,7.39,5.38,9.53,1.37,6.45,4.84,2.86
5882,9.0,2.5,7.16,6.68,5.29,3.82,2.71,2.84
5883,8.17,4.38,9.08,6.96,4.87,1.96,1.79,2.79
5884,3.6,0.93,11.59,4.69,0.86,9.84,3.46,5.03
5885,5.45,8.44,7.84,2.01,5.66,3.63,5.67,1.3
5886,7.1,6.77,4.82,2.65,3.72,1.81,6.93,6.2
5887,9.82,7.58,7.35,1.53,4.53,6.11,1.98,1.1
5888,9.9,1.89,7.74,4.03,1.92,4.55,9.7,0.27
5889,9.9,7.59,2.29,4.64,3.93,4.67,4.71,2.27
5890,8.37,1.16,10.11,4.77,6.22,1.84,3.26,4.27
5891,6.81,0.52,6.81,6.59,0.62,11.44,6.72,0.49
5892,7.71,7.45,2.79,3.19,5.34,1.49,11.28,0.75
5893,5.69,4.94,3.01,7.91,9.12,4.84,0.65,3.84
5894,8.62,7.52,2.69,7.34,6.37,3.48,0.99,2.99
5895,3.21,9.18,6.82,6.08,6.88,4.28,1.93,1.62
5896,6.31,3.25,6.77,3.97,4.86,3.41,6.07,5.36
5897,1.13,4.3,4.32,11.88,5.08,5.09,3.48,4.72
5898,5.48,1.05,2.24,3.25,0.76,16.33,3.57,7.32
5899,9.35,7.78,4.64,5.9,5.67,3.82,1.05,1.79
5900,5.04,8.4,4.63,7.58,3.72,2.16,5.18,3.29
5901,5.59,7.37,1.52,9.46,5.33,6.46,3.48,0.79
5902,1.51,8.57,1.25,8.48,5.31,3.3,9.03,2.55
5903,2.08,5.61,6.06,3.2,4.49,12.1,6.43,0.03
5904,2.91,5.2,10.06,2.73,6.1,5.15,7.03,0.82
5905,8.39,5.27,2.6,6.65,0.53,5.27,5.72,5.57
5906,1.04,3.84,3.07,8.63,8.24,4.42,2.2,8.56
5907,7.79,6.47,5.93,3.9,1.04,4.55,3.59,6.73
5908,4.72,8.53,7.0,0.65,6.62,4.78,5.71,1.99
5909,2.24,7.71,7.79,4.31,3.49,4.27,3.79,6.4
5910,8.16,6.34,2.8,7.3,6.47,5.29,0.28,3.36
5911,8.9,1.7,3.2,10.3,6.05,5.57,3.75,0.53
5912,1.27,5.02,2.93,8.44,7.12,5.16,1.08,8.98
5913,2.84,3.79,5.5,6.14,10.6,6.2,4.05,0.88
5914,2.47,9.92,9.08,1.39,6.14,2.36,5.71,2.93
5915,7.34,4.42,2.82,2.4,4.01,1.31,16.51,1.19
5916,6.87,6.44,7.81,0.68,5.2,7.53,4.28,1.19
5917,6.5,6.83,3.86,9.08,4.59,2.35,2.08,4.71
5918,2.47,7.5,6.4,7.44,2.09,0.73,13.36,0.01
5919,2.43,3.05,6.93,5.72,3.44,7.01,2.25,9.17
5920,5.7,9.28,6.28,4.08,4.66,5.47,0.24,4.29
5921,6.82,1.22,6.17,4.17,9.31,3.53,3.68,5.1
5922,6.16,3.62,3.83,9.26,5.97,1.56,4.04,5.56
5923,9.58,7.68,6.45,5.02,4.62,0.49,1.76,4.4
5924,9.49,3.65,7.95,2.18,8.05,5.22,0.95,2.51
5925,3.21,6.23,1.99,7.74,4.12,4.38,3.22,9.11
5926,6.68,5.25,4.31,1.14,3.21,4.89,2.48,12.04
5927,3.23,10.04,1.39,5.77,7.56,2.89,5.75,3.37
5928,8.32,5.77,6.2,1.0,4.08,7.06,1.96,5.61
5929,1.87,0.77,8.24,2.04,9.59,11.64,2.59,3.26
5930,2.17,2.53,11.03,6.3,5.77,7.4,2.38,2.42
5931,1.37,4.71,10.53,8.56,5.7,1.15,7.32,0.66
5932,7.07,7.52,7.19,5.44,5.1,4.89,1.29,1.5
5933,2.62,9.88,2.36,2.92,0.93,14.04,1.69,5.56
5934,1.28,7.07,3.34,4.68,5.83,10.94,3.69,3.17
5935,4.0,3.43,8.57,3.13,3.69,4.99,11.46,0.73
5936,3.76,6.24,0.6,2.35,8.0,5.75,3.39,9.91
5937,9.32,7.83,6.53,3.2,5.02,1.68,4.36,2.06
5938,9.12,5.93,1.26,3.21,9.92,3.06,2.29,5.21
5939,8.65,1.91,2.33,6.08,9.58,2.98,3.6,4.87
5940,5.91,2.67,9.7,1.78,6.87,2.67,6.92,3.48
5941,4.74,5.62,1.77,5.55,4.27,5.79,7.4,4.86
5942,9.41,6.09,7.66,6.19,5.31,1.86,3.39,0.09
5943,8.81,8.55,4.49,3.09,5.29,0.99,3.12,5.66
5944,1.38,5.18,5.54,2.53,3.04,0.89,3.66,17.78
5945,0.5,2.64,1.18,4.9,1.42,10.51,5.91,12.94
5946,3.47,0.79,9.06,9.77,1.67,3.51,7.68,4.05
5947,9.08,3.29,8.79,7.21,4.24,3.64,1.92,1.83
5948,6.81,4.49,2.15,3.46,3.78,1.34,4.44,13.53
5949,4.03,4.45,1.57,11.33,8.83,3.17,2.92,3.7
5950,0.65,6.82,10.24,4.65,7.45,4.69,4.1,1.4
5951,7.73,7.08,2.22,7.98,4.56,3.33,1.69,5.41
5952,7.14,8.18,1.74,8.24,3.56,5.73,2.63,2.78
5953,9.83,4.47,3.01,3.46,6.25,5.02,0.62,7.34
5954,9.25,0.99,1.72,1.56,1.66,3.71,17.19,3.92
5955,0.51,6.13,1.41,6.14,5.34,9.05,5.6,5.82
5956,1.8,2.56,4.52,0.75,12.35,4.6,7.11,6.31
5957,6.35,7.19,4.32,7.05,6.17,2.32,5.59,1.01
5958,4.96,8.56,0.71,2.11,1.75,5.12,2.91,13.88
5959,4.45,9.92,5.59,4.38,5.17,5.48,0.94,4.07
5960,9.62,6.0,5.95,1.96,6.84,4.51,0.82,4.3
5961,5.02,3.12,3.98,8.17,8.64,5.81,0.51,4.75
5962,5.41,9.24,0.69,2.08,1.65,9.85,0.64,10.44
5963,1.58,8.8,9.76,3.31,5.64,7.07,2.08,1.76
5964,4.63,6.01,5.91,7.02,8.19,0.39,5.63,2.22
5965,6.26,5.18,8.35,7.95,3.18,2.4,2.17,4.51
5966,5.34,1.78,2.18,6.36,9.06,9.26,2.8,3.22
5967,1.05,6.98,1.85,9.98,6.22,9.26,4.55,0.11
5968,1.54,7.97,7.97,5.15,7.55,2.35,5.97,1.5
5969,6.12,2.82,3.39,4.53,11.43,1.38,0.87,9.46
5970,0.86,6.81,10.77,1.68,3.59,4.95,4.32,7.02
5971,2.2,6.74,6.45,4.01,4.72,4.68,1.2,10.0
5972,4.29,9.68,8.18,5.61,5.37,1.36,5.04,0.47
5973,1.96,3.69,10.18,6.14,8.32,1.24,7.6,0.87
5974,1.09,9.75,6.13,8.93,1.3,7.35,1.57,3.88
5975,5.76,8.9,7.85,4.17,1.49,3.79,0.94,7.1
5976,9.11,1.1,7.9,1.9,2.02,3.14,14.82,0.01
5977,2.69,9.54,8.42,0.54,4.91,4.48,5.69,3.73
5978,4.44,1.51,9.66,6.26,9.01,6.07,0.21,2.84
5979,5.27,6.86,7.06,5.53,2.68,7.27,3.86,1.47
5980,1.7,0.89,10.51,9.35,5.49,3.64,4.71,3.71
5981,9.26,1.26,3.05,10.17,8.07,1.16,0.72,6.31
5982,4.94,8.63,2.14,1.23,9.79,6.18,4.36,2.73
5983,5.22,8.75,6.05,2.49,1.94,5.26,8.02,2.27
5984,1.46,5.02,9.23,9.15,5.6,1.46,5.85,2.23
5985,9.18,2.54,3.14,2.38,6.03,3.39,7.14,6.2
5986,8.78,3.95,3.33,6.2,1.67,9.0,4.6,2.47
5987,8.21,2.6,1.87,2.26,10.89,3.18,7.65,3.34
5988,2.06,2.65,10.14,9.11,4.79,4.04,3.06,4.15
5989,3.55,3.69,4.06,4.28,11.13,2.56,8.91,1.82
5990,1.44,4.34,2.18,9.63,7.59,1.56,8.79,4.47
5991,6.01,7.22,2.28,8.75,6.75,5.13,3.59,0.27
5992,6.99,3.36,2.46,4.43,6.67,7.78,7.61,0.7
5993,5.31,1.72,1.64,9.74,4.24,5.28,2.4,9.67
5994,6.21,1.63,6.87,4.65,0.99,2.67,12.34,4.64
5995,4.91,2.62,9.14,5.21,5.23,7.39,1.43,4.07
5996,9.12,8.44,0.73,6.94,4.05,6.21,0.23,4.28
5997,6.78,7.29,5.18,0.89,7.46,3.88,5.0,3.52
5998,5.57,3.59,7.78,5.28,4.14,6.04,1.17,6.43
5999,1.59,1.48,11.78,9.9,2.99,5.15,6.33,0.78
6000,2.78,8.63,6.69,4.11,1.43,10.46,4.2,1.7
6001,8.8,1.48,8.27,7.36,1.75,2.49,1.22,8.63
6002,5.16,5.87,2.95,6.99,4.79,8.43,2.27,3.54
6003,5.6,7.84,5.78,7.99,2.81,1.89,0.48,7.61
6004,6.94,3.53,6.85,2.91,8.35,3.85,7.26,0.31
6005,6.06,1.07,9.19,8.13,2.17,1.98,9.75,1.65
6006,3.39,6.12,8.68,6.18,5.71,4.57,4.26,1.09
6007,1.37,5.53,6.79,4.19,3.28,2.6,5.31,10.93
6008,8.77,2.84,3.83,5.88,2.84,8.86,0.38,6.6
6009,4.14,5.95,9.48,7.87,2.83,5.48,2.9,1.35
6010,8.79,6.5,8.16,5.75,2.21,0.79,1.01,6.79
6011,2.13,8.98,4.43,7.19,2.77,1.4,11.7,1.4
6012,4.85,6.87,7.3,4.29,2.37,1.7,5.9,6.72
6013,7.59,4.33,2.5,4.18,3.45,4.4,11.55,2.0
6014,0.66,3.93,2.39,4.74,13.06,9.03,5.81,0.38
6015,0.54,10.85,0.92,3.62,6.85,9.11,3.29,4.82
6016,8.27,8.66,7.36,6.0,4.01,0.39,0.97,4.34
6017,2.16,7.4,1.43,5.1,1.68,5.12,12.58,4.53
6018,3.85,4.41,4.22,0.75,2.62,13.83,3.06,7.26
6019,3.07,3.19,10.24,9.23,4.17,5.45,1.19,3.46
6020,4.9,3.05,4.44,1.86,4.0,8.22,10.46,3.07
6021,3.21,5.96,4.87,8.09,5.42,7.66,2.46,2.33
6022,3.01,9.58,1.08,7.41,0.77,9.58,7.94,0.63
6023,6.72,8.25,8.24,4.92,2.34,0.54,6.31,2.68
6024,6.33,8.37,1.9,3.78,2.83,2.97,5.34,8.48
6025,6.94,0.58,7.18,8.41,3.06,7.4,1.87,4.56
6026,7.76,0.57,4.19,7.55,7.53,7.82,1.93,2.65
6027,5.41,6.42,4.42,1.49,10.62,6.96,4.16,0.52
6028,1.06,1.37,6.33,7.26,6.43,1.92,9.45,6.18
6029,5.41,6.11,0.87,8.93,2.57,1.18,7.14,7.79
6030,8.11,4.92,7.55,2.41,1.49,1.29,6.09,8.14
6031,5.11,6.25,7.96,1.12,2.77,4.18,8.7,3.91
6032,5.34,1.34,1.9,11.92,0.72,6.28,11.1,1.4
6033,4.74,3.5,9.59,7.16,2.93,0.95,9.63,1.5
6034,3.65,6.85,5.69,9.17,4.9,2.15,5.58,2.01
6035,8.29,8.13,6.25,2.31,1.53,1.2,6.31,5.98
6036,0.67,10.8,9.09,1.77,7.97,6.15,2.5,1.05
6037,7.83,6.81,3.24,1.36,8.57,7.46,0.59,4.14
6038,2.73,3.26,3.7,4.37,3.2,6.29,7.4,9.05
6039,8.29,3.25,2.53,1.97,7.37,1.18,9.82,5.59
6040,0.7,3.67,4.69,8.67,5.33,4.64,3.66,8.64
6041,5.45,3.26,5.69,5.79,8.58,1.74,0.83,8.66
6042,2.85,6.37,1.27,2.86,4.2,6.04,8.2,8.21
6043,9.85,2.54,6.74,3.21,4.45,4.72,6.56,1.93
6044,6.94,6.78,1.52,3.16,6.86,3.71,9.63,1.4
6045,1.59,9.82,9.35,4.09,5.84,2.89,2.29,4.13
6046,8.3,1.01,0.93,3.82,11.58,5.92,4.65,3.79
6047,7.98,4.83,0.77,2.74,10.99,4.76,1.32,6.61
6048,7.93,8.54,5.01,6.4,4.82,4.59,1.29,1.42
6049,0.99,8.27,1.53,4.37,7.99,3.83,3.55,9.47
6050,6.47,3.81,3.04,9.87,2.5,2.68,4.84,6.79
6051,9.86,2.3,6.93,8.04,5.23,2.27,3.89,1.48
6052,3.72,0.96,9.08,2.0,11.28,6.48,1.64,4.84
6053,9.72,7.45,5.24,2.11,4.14,5.35,5.25,0.74
6054,8.81,0.6,0.55,6.59,5.46,9.73,3.73,4.53
6055,1.11,5.48,4.22,7.95,6.46,9.53,0.61,4.64
6056,4.48,1.58,8.16,7.99,7.61,5.61,1.99,2.58
6057,8.34,7.4,6.09,3.65,2.61,0.56,7.25,4.1
6058,9.99,1.46,8.64,4.35,5.85,6.12,0.31,3.28
6059,4.83,9.73,1.12,3.86,8.25,7.93,2.41,1.87
6060,7.28,2.17,7.39,3.34,4.2,2.23,5.23,8.16
6061,3.55,1.87,0.83,10.64,6.14,1.02,6.56,9.39
6062,7.47,2.23,2.61,4.04,10.33,8.67,3.16,1.49
6063,1.08,10.32,1.92,4.85,5.78,8.66,7.14,0.25
6064,9.07,2.62,2.24,8.75,7.22,3.11,2.02,4.97
6065,8.7,8.09,7.11,1.99,3.13,5.0,1.68,4.3
6066,2.66,10.18,6.93,7.44,4.61,2.94,4.54,0.7
6067,5.35,3.53,7.34,3.37,6.07,2.6,7.55,4.19
6068,2.47,8.9,1.27,10.0,5.26,2.98,8.06,1.06
6069,4.55,7.69,7.16,1.92,4.12,2.19,4.91,7.46
6070,9.82,3.73,3.85,3.82,3.33,8.62,5.52,1.31
6071,1.85,2.44,10.3,3.59,6.72,9.53,4.39,1.18
6072,0.79,2.91,5.8,11.83,4.34,8.75,5.34,0.24
6073,4.8,3.58,2.7,2.91,10.14,9.35,2.8,3.72
6074,6.28,4.0,8.76,3.17,7.79,6.14,3.34,0.52
6075,2.04,5.78,3.34,4.14,11.1,7.58,4.56,1.46
6076,7.07,9.12,2.87,7.89,6.09,1.15,3.11,2.7
6077,4.28,6.76,1.0,1.19,11.58,4.34,6.16,4.69
6078,7.55,3.07,6.34,2.34,5.48,5.4,8.01,1.81
6079,5.52,1.18,0.84,3.89,7.04,12.52,2.96,6.05
6080,4.89,8.79,3.04,5.86,5.88,4.57,5.0,1.97
6081,7.66,4.72,7.35,6.63,3.11,2.24,6.32,1.97
6082,7.09,0.61,6.82,5.09,3.77,3.79,5.2,7.63
6083,0.76,5.24,5.56,8.11,5.23,6.96,2.94,5.2
6084,2.31,10.55,6.66,1.91,2.45,1.36,5.57,9.19
6085,5.95,8.5,2.81,3.51,5.94,3.33,9.2,0.76
6086,5.34,1.51,6.41,7.1,2.05,3.7,5.21,8.68
6087,7.34,8.85,4.92,3.78,2.62,7.57,1.91,3.01
6088,4.98,8.22,0.91,7.37,1.66,6.44,2.0,8.42
6089,4.1,7.19,6.38,3.17,5.63,1.43,6.69,5.41
6090,3.64,3.83,1.23,9.26,1.2,9.54,0.58,10.72
6091,4.1,2.08,8.89,8.09,8.37,3.09,3.4,1.98
6092,7.66,7.67,3.25,5.86,3.7,7.9,2.29,1.67
6093,9.24,4.38,3.3,1.66,5.67,4.83,6.27,4.65
6094,6.86,6.44,5.65,3.34,1.74,3.11,1.98,10.88
6095,1.31,6.54,5.41,2.05,1.74,7.99,3.29,11.67
6096,9.45,2.16,1.42,8.84,4.83,5.34,0.58,7.38
6097,5.94,1.77,7.16,8.37,1.81,8.7,5.06,1.19
6098,5.11,7.93,4.18,6.94,2.62,1.21,11.55,0.46
6099,8.35,8.02,5.07,6.14,3.65,0.48,6.44,1.85
6100,1.21,5.32,6.39,3.63,4.14,7.54,1.37,10.4
6101,6.61,4.27,1.97,8.08,2.84,4.17,6.49,5.57
6102,6.92,6.71,8.55,6.24,1.83,5.37,3.04,1.34
6103,5.49,6.56,6.71,5.43,4.8,1.74,6.82,2.45
6104,5.51,1.63,9.45,1.23,2.67,8.06,3.21,8.24
6105,8.63,5.97,3.77,6.41,0.43,6.71,6.19,1.89
6106,1.3,2.99,7.83,5.67,5.05,3.68,4.28,9.2
6107,1.99,0.93,2.52,10.3,3.62,10.04,3.94,6.66
6108,1.23,2.16,7.22,11.23,5.8,3.96,7.8,0.6
6109,1.3,8.94,6.99,4.3,8.02,1.34,6.72,2.39
6110,5.26,1.18,3.47,11.11,1.84,4.0,1.61,11.53
6111,0.54,2.71,3.29,2.54,7.02,15.29,6.71,1.9
6112,2.79,1.87,7.34,4.36,9.63,7.29,1.84,4.88
6113,2.76,0.74,12.1,6.91,3.09,9.4,3.34,1.66
6114,8.76,7.05,7.92,2.39,2.07,4.81,2.54,4.46
6115,3.33,1.5,2.53,10.55,4.02,2.49,11.6,3.98
6116,6.66,2.88,7.85,4.07,5.89,7.84,0.74,4.07
6117,9.18,7.15,3.58,1.94,3.26,6.54,3.56,4.79
6118,9.03,3.79,1.94,0.59,9.83,6.58,4.14,4.1
6119,4.93,6.68,5.48,3.1,6.34,7.84,3.34,2.29
6120,9.22,7.51,3.12,7.36,4.1,5.57,2.86,0.26
6121,0.51,6.64,0.94,1.26,4.29,16.56,5.18,4.62
6122,7.94,3.52,7.9,3.14,6.74,1.92,8.52,0.32
6123,1.81,3.98,1.95,3.15,1.95,15.89,6.43,4.84
6124,6.59,1.44,10.6,4.55,1.77,9.78,4.85,0.42
6125,9.51,6.35,7.37,3.35,3.27,5.5,1.58,3.07
6126,5.62,6.37,1.94,7.57,4.56,4.75,4.23,4.96
6127,2.39,5.53,7.85,4.75,1.84,4.32,8.46,4.86
6128,9.62,0.65,6.41,6.34,0.79,1.84,12.32,2.03
6129,5.87,0.91,7.31,2.26,3.27,6.61,1.81,11.96
6130,0.6,3.97,6.8,9.24,5.01,6.35,5.18,2.85
6131,9.23,1.39,6.48,2.63,1.87,1.11,8.11,9.18
6132,1.27,7.11,8.92,1.76,2.51,0.88,3.76,13.79
6133,7.81,5.61,6.82,3.12,1.79,3.32,6.32,5.21
6134,0.73,2.02,6.03,9.08,5.37,7.65,1.98,7.14
6135,4.03,9.85,6.94,4.44,4.28,4.72,1.13,4.61
6136,5.48,9.16,5.45,0.58,7.98,1.29,5.82,4.24
6137,8.51,8.66,0.93,2.46,7.37,0.62,5.43,6.02
6138,5.98,2.26,10.23,3.15,4.53,8.21,0.29,5.35
6139,3.42,7.85,6.2,3.44,0.72,2.53,11.04,4.8
6140,2.83,6.71,9.58,6.43,5.94,3.53,3.47,1.51
6141,5.89,9.57,3.27,7.72,5.1,4.99,0.38,3.08
6142,7.58,0.65,7.03,9.68,5.89,2.57,0.66,5.94
6143,4.91,5.79,5.19,4.69,3.86,6.19,4.9,4.47
6144,2.71,2.22,10.09,6.08,7.4,5.96,0.61,4.93
6145,6.88,5.04,1.96,1.58,9.99,1.64,7.01,5.9
6146,8.85,7.96,4.91,4.74,4.58,3.62,0.33,5.01
6147,7.61,6.16,5.21,5.85,5.11,1.33,3.99,4.74
6148,1.79,4.33,7.72,2.15,11.92,5.36,1.18,5.55
6149,1.7,7.82,2.68,1.77,12.42,0.6,1.78,11.23
6150,2.98,6.63,1.8,3.67,10.14,1.82,3.98,8.98
6151,3.14,7.47,2.83,7.83,5.67,2.39,0.83,9.84
6152,8.91,7.74,5.49,3.15,3.76,4.41,2.79,3.75
6153,3.66,3.84,3.56,5.56,11.32,5.66,1.05,5.35
6154,5.76,8.58,1.99,2.82,2.7,7.93,5.25,4.97
6155,0.51,3.34,6.12,4.03,10.19,3.29,7.11,5.41
6156,1.41,1.47,5.58,10.58,9.78,1.81,1.0,8.37
6157,9.49,3.46,8.53,6.17,2.54,4.2,2.37,3.24
6158,1.76,8.59,1.64,9.53,5.56,4.58,5.95,2.39
6159,3.12,1.78,11.35,0.96,7.74,8.29,2.17,4.59
6160,7.28,8.65,0.87,4.61,2.84,8.18,7.46,0.11
6161,8.87,0.79,9.12,2.15,0.91,2.22,11.45,4.49
6162,6.91,5.41,1.68,4.64,5.74,2.3,11.82,1.5
6163,8.42,3.66,6.03,3.76,8.65,5.7,1.93,1.85
6164,6.59,1.53,8.52,4.74,8.08,6.5,3.0,1.04
6165,7.79,5.28,8.32,2.08,1.02,10.26,2.15,3.1
6166,2.83,8.72,6.81,5.14,1.95,9.2,0.79,4.56
6167,4.52,8.01,6.02,7.59,0.36,6.12,0.48,6.9
6168,7.01,5.29,7.14,4.32,5.18,5.95,1.3,3.81
6169,6.5,1.29,5.97,0.84,8.17,6.24,2.67,8.32
6170,1.36,7.48,4.95,8.56,3.44,1.37,1.99,10.85
6171,5.81,2.8,6.72,7.93,1.64,3.68,7.73,3.69
6172,4.97,1.01,4.81,3.12,1.52,16.01,0.56,8.0
6173,8.94,3.13,4.67,4.95,1.72,2.28,0.77,13.54
6174,7.75,3.36,3.13,1.87,5.13,3.55,12.09,3.12
6175,5.93,9.6,3.24,4.94,2.17,4.57,6.19,3.36
6176,6.23,2.1,1.63,3.53,3.7,13.64,5.94,3.23
6177,9.97,8.21,6.41,2.55,5.72,0.52,2.65,3.97
6178,1.05,5.82,9.43,4.52,3.69,5.51,8.38,1.6
6179,4.7,3.98,8.68,3.13,9.27,3.95,3.34,2.95
6180,2.63,7.96,8.99,2.0,0.93,4.35,11.93,1.21
6181,4.99,2.33,9.14,3.6,8.28,5.41,2.47,3.78
6182,1.14,5.06,3.17,2.34,1.91,12.02,10.95,3.41
6183,5.51,1.98,3.95,2.06,12.83,6.46,5.35,1.86
6184,1.23,5.61,1.93,11.4,7.28,6.02,1.49,5.04
6185,8.84,5.19,6.89,5.85,3.28,1.58,1.91,6.46
6186,5.74,4.13,1.07,10.18,3.08,6.08,7.42,2.3
6187,1.9,10.4,3.58,8.3,3.97,2.82,5.38,3.65
6188,6.94,6.39,7.79,4.68,3.96,1.03,6.05,3.16
6189,5.2,6.09,7.6,1.5,4.94,9.65,3.85,1.17
6190,4.72,4.38,3.77,0.9,8.41,2.67,13.01,2.14
6191,4.48,2.18,3.27,10.4,3.33,3.57,7.88,4.89
6192,8.06,6.35,8.39,4.61,4.51,2.35,3.13,2.6
6193,9.26,2.11,1.66,2.09,7.98,10.75,0.61,5.54
6194,8.57,8.02,0.59,5.51,3.46,8.77,2.75,2.33
6195,5.36,2.03,5.86,1.89,4.59,11.34,5.02,3.91
6196,5.45,1.61,4.07,1.63,11.51,6.48,3.23,6.02
6197,2.54,5.93,3.75,3.03,12.11,2.14,8.96,1.54
6198,4.07,5.28,3.71,8.14,5.82,6.64,0.41,5.93
6199,4.01,8.53,0.99,8.13,3.8,0.76,1.96,11.82
6200,2.59,10.32,8.63,5.23,3.09,1.21,2.4,6.53
6201,2.27,7.55,0.81,8.7,4.2,6.87,0.97,8.63
6202,5.55,0.56,3.72,6.73,9.36,2.5,8.18,3.4
6203,2.77,6.86,6.29,8.79,7.19,3.15,2.62,2.33
6204,4.94,9.85,6.39,1.89,1.52,8.73,5.44,1.24
6205,9.33,6.63,3.55,3.99,5.58,2.24,2.61,6.07
6206,1.59,2.94,8.3,3.7,1.58,4.22,1.4,16.27
6207,2.0,4.34,10.07,5.46,6.99,2.73,7.72,0.69
6208,7.53,4.39,8.45,2.69,6.16,5.08,2.76,2.94
6209,7.22,8.06,6.38,1.63,6.12,3.75,2.01,4.83
6210,2.53,3.38,5.13,2.8,11.81,2.21,7.12,5.02
6211,7.16,5.73,2.32,6.84,7.11,6.96,2.17,1.71
6212,0.98,4.94,2.51,4.73,0.98,2.2,3.38,20.28
6213,5.83,5.92,1.05,8.93,3.4,3.58,4.47,6.82
6214,4.28,9.52,3.37,0.6,9.3,2.58,6.32,4.03
6215,3.85,1.56,10.59,4.7,1.01,10.34,4.97,2.98
6216,6.33,1.02,9.8,7.0,7.46,5.21,3.07,0.11
6217,3.27,6.3,5.44,8.94,1.99,8.97,4.68,0.41
6218,6.88,4.4,4.81,9.2,1.1,2.87,2.74,8.0
6219,5.91,8.32,2.53,6.73,5.6,3.18,2.46,5.27
6220,3.16,6.53,9.42,7.68,2.69,5.5,1.35,3.67
6221,4.65,2.08,1.18,7.73,4.44,10.95,2.42,6.55
6222,8.55,1.37,5.66,7.87,2.41,3.28,2.3,8.56
6223,4.54,9.74,5.57,0.96,3.53,6.86,1.5,7.3
6224,1.47,6.28,4.11,7.78,2.89,4.92,12.19,0.36
6225,9.71,4.48,5.58,2.03,5.35,7.38,4.75,0.72
6226,3.23,8.72,3.17,2.66,4.05,9.07,7.22,1.88
6227,7.6,3.19,6.78,5.1,8.4,4.6,3.17,1.16
6228,2.37,7.54,9.14,0.42,2.84,8.59,2.68,6.42
6229,8.65,3.8,1.86,0.94,3.92,5.81,14.44,0.58
6230,6.87,6.77,7.83,4.69,6.48,4.68,1.92,0.76
6231,6.5,6.88,0.94,9.05,4.65,4.52,5.71,1.75
6232,3.74,0.6,4.15,10.09,1.58,1.9,8.83,9.11
6233,7.16,4.63,4.75,5.37,5.53,1.28,4.82,6.46
6234,1.8,8.61,4.31,6.36,0.64,8.87,2.08,7.33
6235,1.98,0.91,10.25,1.33,9.24,5.38,6.45,4.46
6236,0.99,3.61,3.62,2.0,3.46,1.1,4.05,21.17
6237,1.29,2.9,7.37,6.63,9.74,1.53,2.92,7.62
6238,5.75,3.46,1.03,3.45,3.7,14.95,4.28,3.38
6239,6.83,7.52,6.75,0.79,7.13,3.06,2.16,5.76
6240,8.1,7.46,1.11,6.19,5.33,6.63,4.48,0.7
6241,8.2,0.96,10.08,3.16,1.45,10.02,4.55,1.58
6242,9.84,5.11,7.88,1.57,4.06,4.76,6.26,0.52
6243,3.33,9.88,6.27,5.23,6.78,3.5,3.92,1.09
6244,7.7,6.08,5.09,3.16,7.07,3.66,4.03,3.21
6245,6.35,7.27,1.1,6.14,6.03,5.03,1.66,6.42
6246,8.31,3.97,6.78,7.97,1.5,0.6,4.66,6.21
6247,8.04,3.14,4.01,9.06,1.4,4.69,5.02,4.64
6248,9.53,6.3,7.02,2.26,6.04,0.53,0.98,7.34
6249,7.14,3.25,9.7,6.63,1.94,3.99,1.94,5.41
6250,9.92,7.18,3.62,3.33,6.47,2.81,3.35,3.32
6251,0.97,10.02,0.91,10.92,7.97,3.76,3.12,2.33
6252,3.59,2.62,7.42,8.42,3.01,6.57,5.62,2.75
6253,3.31,7.93,4.79,3.59,5.4,7.2,0.9,6.88
6254,4.21,1.99,9.54,1.93,9.76,0.86,11.48,0.23
6255,1.43,10.91,2.83,3.09,4.38,5.68,9.86,1.82
6256,1.8,9.52,8.75,4.1,5.05,0.7,0.96,9.12
6257,7.62,7.7,4.5,1.59,4.3,8.81,2.03,3.45
6258,4.87,7.45,5.86,5.99,5.24,3.03,4.17,3.39
6259,7.59,1.72,2.93,10.88,0.67,9.59,2.19,4.43
6260,3.23,9.41,2.65,6.64,0.88,5.84,2.8,8.55
6261,4.62,6.71,8.15,2.82,8.01,1.68,0.63,7.38
6262,9.26,2.38,3.1,2.12,9.7,0.48,6.45,6.51
6263,9.31,0.67,1.61,6.29,2.78,8.59,4.21,6.54
6264,5.43,8.72,5.12,1.07,6.28,8.11,1.41,3.86
6265,3.47,6.05,9.94,7.43,2.31,0.7,9.94,0.16
6266,9.54,3.43,5.26,8.61,5.46,0.65,3.91,3.14
6267,8.27,7.93,4.12,5.39,5.94,1.1,5.55,1.7
6268,4.04,9.21,2.38,2.49,3.53,8.95,5.18,4.22
6269,8.01,4.61,7.09,3.72,0.84,5.26,9.03,1.44
6270,0.54,10.12,2.12,8.96,7.07,1.82,8.66,0.71
6271,0.91,1.21,7.23,10.7,3.62,0.93,1.12,14.28
6272,4.71,3.7,3.23,9.34,6.52,1.13,2.42,8.95
6273,4.71,2.25,10.23,4.8,4.8,0.63,1.14,11.44
6274,4.6,2.68,4.59,4.75,1.04,14.43,4.89,3.02
6275,2.76,5.82,7.89,4.21,8.21,4.66,1.66,4.79
6276,2.02,4.13,4.68,4.14,8.45,9.44,2.29,4.85
6277,8.14,7.22,3.94,3.47,0.82,4.01,10.37,2.03
6278,5.53,7.15,2.43,2.28,1.12,12.68,8.43,0.38
6279,5.91,1.61,0.58,11.0,3.66,7.39,3.75,6.1
6280,1.71,5.67,4.28,7.22,3.04,10.01,3.52,4.55
6281,3.83,0.7,11.27,4.21,1.07,11.49,1.72,5.71
6282,2.12,0.55,1.44,6.1,8.66,8.81,7.93,4.39
6283,7.01,9.07,3.15,7.83,2.39,0.87,4.11,5.57
6284,8.14,1.57,3.08,8.45,6.02,2.8,1.09,8.85
6285,6.0,2.14,5.89,2.97,1.87,6.77,4.06,10.3
6286,8.36,2.95,7.31,3.64,5.6,3.06,5.89,3.19
6287,4.26,2.74,3.36,3.7,12.11,3.19,9.49,1.15
6288,6.14,3.93,6.25,8.8,1.03,7.96,0.68,5.21
6289,2.36,5.04,3.64,7.55,8.86,1.68,8.64,2.23
6290,4.94,7.24,1.59,7.57,2.92,3.2,7.32,5.22
6291,8.12,3.37,2.58,5.01,8.61,6.01,2.41,3.89
6292,5.31,8.33,5.12,6.24,0.87,8.04,3.39,2.7
6293,1.7,2.2,3.13,4.94,6.68,1.59,2.79,16.97
6294,1.48,2.36,4.63,9.59,1.37,6.25,2.08,12.24
6295,7.39,0.8,7.44,7.39,2.36,5.52,0.51,8.59
6296,7.86,6.75,6.27,3.5,4.12,2.33,3.39,5.78
6297,8.94,1.44,2.02,8.73,1.68,7.65,3.76,5.78
6298,2.34,8.2,3.32,1.2,8.93,3.24,2.61,10.16
6299,4.61,6.84,7.43,5.07,5.64,0.57,2.29,7.55
6300,6.73,2.25,6.33,8.72,3.11,7.36,3.91,1.59
6301,3.57,8.31,3.54,6.59,1.81,6.31,6.82,3.05
6302,3.11,9.4,6.49,7.9,2.92,2.12,7.42,0.64
6303,0.73,3.65,8.23,3.39,2.51,13.49,1.85,6.15
6304,9.6,5.43,2.67,1.57,3.69,1.58,3.4,12.06
6305,6.24,1.12,3.84,6.21,11.26,7.33,3.69,0.31
6306,4.5,6.46,2.88,5.02,9.66,2.94,3.21,5.33
6307,3.24,3.58,10.11,3.1,0.51,5.38,12.46,1.62
6308,6.41,6.45,5.15,5.85,2.79,8.84,4.42,0.09
6309,7.75,6.69,6.47,4.12,2.95,2.83,7.92,1.27
6310,2.85,8.6,5.81,8.91,3.5,3.17,4.33,2.83
6311,5.44,8.13,2.7,0.57,2.51,0.72,6.2,13.73
6312,8.0,6.58,3.3,8.46,3.22,1.93,7.02,1.49
6313,3.01,8.55,5.99,8.59,5.1,5.59,0.87,2.3
6314,6.4,3.32,7.92,6.02,3.02,2.28,7.41,3.63
6315,6.76,0.59,4.37,8.25,2.51,3.25,3.15,11.12
6316,5.89,6.67,5.61,1.32,3.95,8.13,7.52,0.91
6317,9.67,7.62,7.19,2.91,4.01,1.47,2.54,4.59
6318,9.75,7.19,2.74,4.43,2.37,8.71,1.62,3.19
6319,9.91,1.75,3.98,7.95,6.81,2.65,2.84,4.11
6320,4.62,7.54,7.6,3.56,6.46,5.65,3.13,1.44
6321,3.5,3.8,7.78,2.81,2.41,9.13,1.74,8.83
6322,4.57,1.43,4.88,5.77,0.7,8.35,5.19,9.11
6323,0.85,3.27,7.52,6.88,3.69,8.14,4.53,5.12
6324,9.71,0.49,5.62,9.4,1.47,1.91,6.72,4.68
6325,2.3,10.41,1.97,8.62,5.02,4.28,7.12,0.28
6326,9.86,8.42,5.27,5.4,1.23,4.92,2.67,2.23
6327,7.25,3.81,2.56,7.72,6.6,4.02,6.2,1.84
6328,3.02,3.27,9.29,7.8,0.66,6.77,8.35,0.84
6329,2.37,8.51,5.63,1.43,7.84,6.06,1.23,6.93
6330,6.47,1.71,7.51,3.11,9.71,0.69,6.4,4.4
6331,3.62,9.15,1.52,5.74,7.32,4.36,7.51,0.78
6332,5.51,4.6,5.46,0.91,7.81,8.68,4.66,2.37
6333,5.92,2.22,7.23,5.83,3.23,7.12,8.26,0.19
6334,8.59,8.86,2.16,1.0,6.49,6.08,4.19,2.63
6335,2.19,9.45,2.86,8.36,4.77,5.06,0.56,6.75
6336,1.48,3.72,9.08,6.03,1.36,2.88,11.07,4.38
6337,4.87,0.71,6.97,3.28,9.21,3.33,6.18,5.45
6338,4.87,4.17,7.59,2.33,8.44,5.59,2.58,4.43
6339,3.28,0.8,4.2,9.26,6.83,1.38,12.08,2.17
6340,6.09,7.18,4.96,5.8,1.57,7.83,3.47,3.1
6341,8.86,5.14,0.89,4.06,8.04,1.69,4.83,6.49
6342,3.99,7.46,6.08,0.71,2.88,1.13,13.68,4.07
6343,2.36,0.84,8.75,7.13,8.85,3.98,3.95,4.14
6344,8.2,5.72,7.07,5.22,6.75,3.52,0.52,3.0
6345,3.31,3.79,10.17,8.79,2.93,4.43,2.82,3.76
6346,2.86,4.27,1.14,8.01,1.0,14.49,5.98,2.25
6347,7.42,7.77,7.25,0.72,1.3,10.2,5.15,0.19
6348,4.91,8.6,8.39,0.46,4.25,1.94,1.1,10.35
6349,2.14,3.79,6.52,4.14,2.37,9.14,0.92,10.98
6350,0.73,4.49,3.08,10.8,3.22,3.7,11.28,2.7
6351,3.47,9.76,5.32,8.09,1.46,5.28,3.62,3.0
6352,4.18,1.66,9.95,6.16,3.5,3.03,8.48,3.04
6353,5.13,8.74,7.67,5.36,0.81,3.91,6.61,1.77
6354,1.88,1.36,1.11,6.16,8.34,12.84,5.39,2.92
6355,1.63,7.65,2.15,9.52,0.82,3.22,5.33,9.68
6356,7.26,4.96,0.65,10.48,1.28,6.97,5.67,2.73
6357,2.03,9.85,3.72,5.85,1.12,1.12,14.36,1.95
6358,5.66,4.26,3.37,1.36,3.85,9.59,8.68,3.23
6359,0.76,7.41,9.86,6.61,0.65,2.67,1.28,10.76
6360,8.76,0.96,3.95,1.21,10.19,1.41,1.33,12.19
6361,1.12,7.15,9.48,7.55,5.85,1.04,5.14,2.67
6362,7.38,5.78,2.9,8.51,5.7,4.06,1.24,4.43
6363,5.27,7.06,5.14,8.08,6.81,2.84,1.91,2.89
6364,4.91,4.44,1.41,6.03,6.64,5.29,7.91,3.37
6365,8.98,6.49,2.0,5.04,7.7,2.36,1.8,5.63
6366,6.77,5.45,3.38,3.47,4.65,9.59,2.4,4.29
6367,2.61,2.28,0.88,10.75,1.72,8.68,9.24,3.84
6368,2.85,5.41,2.47,4.89,7.81,2.6,12.44,1.53
6369,8.25,6.3,5.43,5.65,4.87,3.44,3.87,2.19
6370,1.21,5.35,2.59,6.78,3.13,9.17,2.79,8.98
6371,6.63,3.36,5.59,3.29,8.08,3.76,2.74,6.55
6372,1.71,1.22,4.22,9.22,11.18,5.92,4.12,2.41
6373,7.15,7.78,6.01,7.46,4.39,3.86,0.52,2.83
6374,1.78,7.82,3.86,3.84,7.29,4.36,7.12,3.93
6375,4.88,9.06,5.7,5.1,7.44,4.86,0.21,2.75
6376,4.57,1.08,9.13,4.63,7.0,7.2,4.09,2.3
6377,3.13,7.83,8.25,7.89,0.98,4.14,2.93,4.85
6378,3.57,9.26,0.52,0.56,1.92,13.53,0.57,10.07
6379,5.36,5.04,9.16,3.43,2.97,6.3,4.42,3.32
6380,3.99,6.13,1.75,3.55,12.2,4.21,6.98,1.19
6381,5.05,9.9,2.49,8.88,3.48,0.58,1.27,8.35
6382,2.03,1.29,4.27,9.44,5.11,11.72,3.3,2.84
6383,3.32,2.58,2.55,1.88,13.56,4.94,4.01,7.16
6384,5.38,4.68,4.49,4.42,4.47,4.04,5.27,7.25
6385,2.7,2.01,11.14,5.74,0.59,9.03,6.55,2.24
6386,8.26,4.45,5.43,8.13,2.84,1.28,5.64,3.97
6387,7.6,6.61,6.94,3.57,4.22,3.33,3.92,3.81
6388,9.57,5.04,4.66,2.09,3.99,1.47,11.91,1.27
6389,9.99,4.84,4.34,8.03,5.47,3.65,3.46,0.22
6390,5.43,6.18,6.53,6.57,5.07,5.93,2.99,1.3
6391,4.53,9.3,4.04,1.66,9.93,3.1,6.04,1.4
6392,1.47,3.78,9.23,2.3,8.51,5.88,6.17,2.66
6393,7.44,3.61,9.37,7.39,0.95,1.92,3.81,5.51
6394,3.72,7.34,2.26,9.4,0.8,3.26,4.79,8.43
6395,8.45,4.11,5.91,7.99,3.51,6.53,2.36,1.14
6396,8.78,8.27,2.16,1.23,7.08,1.82,7.09,3.57
6397,4.22,7.76,5.05,8.09,3.88,3.0,3.21,4.79
6398,2.92,8.91,2.03,10.02,3.72,8.09,0.39,3.92
6399,3.9,1.42,4.4,5.76,10.97,6.48,4.83,2.24
6400,3.39,8.83,2.96,5.83,3.25,2.72,6.51,6.51
6401,6.48,4.59,1.6,1.19,1.12,16.13,8.25,0.64
6402,3.92,4.45,3.17,4.56,3.97,13.17,1.32,5.44
6403,5.78,7.88,2.5,4.48,3.14,1.31,7.75,7.16
6404,6.51,5.03,3.19,8.89,0.81,3.04,9.0,3.53
6405,6.19,2.4,2.39,10.05,4.82,5.98,7.04,1.13
6406,4.49,6.29,7.18,1.47,8.21,5.12,3.77,3.47
6407,3.6,1.81,9.34,0.92,1.43,1.3,6.44,15.16
6408,6.71,6.39,1.91,9.07,6.05,3.21,2.41,4.25
6409,8.55,7.8,3.64,6.41,2.67,6.62,1.54,2.77
6410,8.41,6.72,4.08,5.16,2.41,3.82,3.97,5.43
6411,6.46,2.73,5.58,2.24,2.76,4.68,11.56,3.99
6412,9.91,6.93,5.63,1.55,6.63,2.07,3.17,4.11
6413,7.29,8.91,1.0,6.06,0.87,5.24,7.86,2.77
6414,9.66,8.01,2.56,4.16,4.69,1.07,6.74,3.11
6415,7.05,5.46,3.88,1.73,4.76,0.67,7.57,8.88
6416,7.99,6.9,4.21,6.99,5.52,5.24,1.21,1.94
6417,2.28,7.51,6.78,7.46,2.31,5.91,7.17,0.58
6418,8.55,6.03,4.17,2.51,5.5,1.07,1.49,10.68
6419,2.2,7.19,2.81,6.51,2.88,8.51,8.97,0.93
6420,2.16,3.16,5.58,8.21,6.42,8.66,2.69,3.12
6421,1.84,10.82,3.23,7.58,2.6,3.51,4.94,5.48
6422,0.91,8.64,9.65,4.48,6.07,4.35,2.45,3.45
6423,1.07,8.87,0.71,2.01,12.41,3.86,4.14,6.93
6424,7.47,1.81,3.95,9.78,6.11,0.74,4.27,5.87
6425,1.97,6.17,4.34,6.72,5.59,5.74,7.49,1.98
6426,1.25,1.8,5.35,8.4,3.91,10.55,3.79,4.95
6427,0.69,3.25,1.87,1.61,4.47,15.34,4.58,8.19
6428,2.95,0.84,1.01,2.43,6.04,15.03,5.84,5.86
6429,2.12,4.07,5.4,1.76,2.46,8.61,15.14,0.44
6430,6.57,8.76,4.46,1.94,3.91,1.91,9.72,2.73
6431,6.74,0.55,8.94,8.74,3.15,5.31,5.68,0.89
6432,3.95,3.73,0.99,2.49,3.68,12.33,4.01,8.82
6433,8.3,2.75,7.23,0.7,7.19,4.32,4.45,5.06
6434,4.63,5.08,7.67,4.84,8.23,2.47,5.38,1.7
6435,3.63,1.83,2.88,10.91,6.93,5.7,7.03,1.09
6436,9.77,4.57,4.94,2.62,5.1,0.5,4.54,7.96
6437,5.56,7.52,8.64,1.41,7.51,2.53,4.26,2.57
6438,7.14,7.0,6.77,3.31,7.56,4.21,3.07,0.94
6439,9.14,3.75,7.91,6.59,4.2,2.71,5.32,0.38
6440,7.27,2.05,3.71,6.62,9.6,3.33,7.31,0.11
6441,2.82,0.96,7.57,7.94,3.47,7.41,0.79,9.04
6442,4.64,7.73,1.11,0.99,9.33,8.6,6.27,1.33
6443,5.78,0.49,4.48,9.62,5.08,5.53,8.32,0.7
6444,3.59,9.16,3.39,2.54,8.65,4.29,2.74,5.64
6445,9.39,1.31,2.26,8.01,9.45,2.95,0.34,6.29
6446,3.41,4.26,3.3,3.81,12.09,4.1,7.89,1.14
6447,5.31,9.45,8.29,4.48,5.71,3.29,2.23,1.24
6448,4.2,6.92,1.01,1.85,2.52,7.64,7.19,8.67
6449,4.13,1.68,6.53,9.42,1.43,2.74,10.59,3.48
6450,0.64,4.28,7.2,1.19,12.79,3.47,3.01,7.42
6451,9.24,5.65,7.29,6.92,2.72,2.74,4.67,0.77
6452,3.25,6.46,1.23,3.71,4.08,6.87,5.39,9.01
6453,9.26,2.26,3.84,4.64,0.78,7.06,2.18,9.98
6454,5.75,2.77,8.93,3.4,6.86,4.05,2.08,6.16
6455,4.01,5.89,6.04,9.62,4.61,5.88,2.43,1.52
6456,3.91,6.88,0.74,2.35,8.09,3.99,7.63,6.41
6457,3.41,9.72,0.86,7.26,1.53,5.72,10.53,0.97
6458,6.63,0.85,2.66,7.37,8.3,5.35,5.22,3.62
6459,8.22,3.2,7.04,4.73,4.37,4.56,5.61,2.27
6460,3.15,4.21,8.79,1.18,9.22,5.71,2.44,5.3
6461,4.04,9.87,6.76,2.07,2.93,3.15,6.1,5.08
6462,9.36,3.14,3.83,3.97,5.67,2.83,3.06,8.14
6463,9.98,7.53,4.67,1.13,0.47,4.03,1.9,10.29
6464,8.28,3.53,2.13,7.28,7.24,3.67,2.64,5.23
6465,8.56,6.17,4.51,2.68,3.44,1.16,9.19,4.29
6466,2.14,1.17,6.55,1.22,1.84,3.81,6.15,17.12
6467,2.72,3.36,10.56,1.14,1.67,8.57,3.39,8.59
6468,2.47,10.09,3.65,4.15,2.29,5.13,6.87,5.35
6469,8.65,1.85,8.71,2.81,3.07,1.75,12.34,0.82
6470,9.92,1.92,8.19,5.73,3.63,3.75,2.04,4.82
6471,8.56,3.72,3.12,2.12,1.55,6.0,4.58,10.35
6472,9.28,5.8,3.04,4.44,2.86,1.2,9.41,3.97
6473,5.49,2.97,10.03,6.59,6.18,1.05,1.94,5.75
6474,1.02,10.39,7.64,3.55,1.42,9.02,0.67,6.29
6475,4.73,1.84,4.82,5.37,10.23,4.8,2.85,5.36
6476,6.84,8.31,6.12,6.66,5.31,4.13,1.87,0.76
6477,8.34,0.74,4.15,0.7,8.34,0.74,1.2,15.79
6478,5.39,2.42,1.69,11.09,1.82,4.25,9.6,3.74
6479,8.06,7.68,5.64,3.14,2.47,2.35,5.55,5.11
6480,5.39,6.13,5.2,7.12,5.27,1.54,8.1,1.25
6481,6.45,7.25,8.19,6.55,4.02,2.81,3.87,0.86
6482,2.35,3.54,10.77,8.34,5.92,2.4,0.83,5.85
6483,9.87,8.31,0.68,6.92,4.94,0.57,0.61,8.1
6484,5.06,3.07,1.32,8.4,7.99,8.69,3.92,1.55
6485,2.87,6.61,3.54,0.55,2.52,8.41,7.48,8.02
6486,2.93,2.12,7.61,9.45,0.94,7.68,8.01,1.26
6487,3.74,5.16,8.16,4.47,7.75,6.21,3.72,0.79
6488,4.01,5.36,8.96,5.92,5.95,6.02,3.62,0.16
6489,1.7,9.01,9.41,5.04,6.06,3.71,4.22,0.85
6490,8.92,6.01,1.39,7.48,2.61,5.71,0.6,7.28
6491,7.37,3.71,1.87,4.72,0.81,14.26,4.55,2.71
6492,3.92,4.1,10.37,4.92,1.17,1.63,13.12,0.77
6493,4.04,5.22,8.37,6.65,6.04,3.07,3.81,2.8
6494,3.75,7.35,5.34,3.05,1.74,5.54,3.2,10.03
6495,1.65,10.89,7.18,6.98,0.76,2.97,7.73,1.84
6496,2.71,9.21,2.73,0.66,4.09,6.3,5.22,9.08
6497,6.8,8.13,4.07,1.91,3.92,2.33,6.98,5.86
6498,7.11,8.29,2.73,6.71,5.59,1.05,2.94,5.58
6499,1.75,10.86,4.63,5.59,6.08,2.93,4.42,3.74
6500,8.22,6.03,3.07,2.7,9.22,2.69,1.22,6.85
6501,2.29,3.1,4.16,0.72,13.35,8.48,4.61,3.29
6502,8.84,3.52,7.8,0.59,4.29,7.09,1.94,5.93
6503,1.88,0.63,3.87,1.89,12.19,12.67,0.87,6.0
6504,4.33,7.21,4.23,2.94,6.46,4.1,10.03,0.7
6505,7.71,2.29,4.93,6.14,8.69,0.96,8.24,1.04
6506,2.99,4.86,9.66,7.77,5.85,2.36,3.01,3.5
6507,5.96,1.23,7.94,0.56,8.46,4.31,0.86,10.68
6508,9.1,7.18,2.25,1.9,2.39,6.05,7.52,3.61
6509,8.34,5.78,5.89,6.75,3.0,0.62,3.91,5.71
6510,5.28,2.92,4.37,9.27,3.42,2.38,3.46,8.9
6511,5.35,9.75,5.83,0.54,5.6,1.9,7.75,3.28
6512,5.31,1.16,6.21,5.48,4.26,3.0,8.5,6.08
6513,7.85,9.16,2.16,2.63,4.99,7.37,4.17,1.67
6514,1.68,1.6,4.75,7.22,0.87,15.71,5.28,2.89
6515,3.89,5.79,4.65,2.25,1.21,10.85,3.26,8.1
6516,4.74,8.5,7.77,5.54,5.6,4.57,2.04,1.24
6517,1.88,7.47,5.83,2.84,4.52,10.11,6.34,1.01
6518,8.74,3.17,3.81,0.49,7.3,8.11,3.36,5.02
6519,4.15,7.78,6.66,7.17,6.52,1.59,4.11,2.02
6520,6.1,3.48,9.04,2.36,7.98,2.07,8.22,0.75
6521,8.03,3.03,0.96,6.46,0.54,3.74,12.12,5.12
6522,6.4,6.97,3.76,9.04,6.31,2.63,0.45,4.44
6523,5.81,5.24,4.85,0.74,7.95,4.11,9.39,1.91
6524,2.8,0.86,10.82,10.15,6.51,0.88,3.74,4.24
6525,7.46,3.22,7.75,6.25,1.31,3.92,3.31,6.78
6526,9.89,2.99,2.22,6.44,8.38,6.46,3.39,0.23
6527,5.38,0.79,0.93,5.29,8.56,5.35,5.04,8.66
6528,2.55,10.02,6.82,6.21,3.86,1.72,3.4,5.42
6529,9.72,2.17,1.66,3.4,10.56,7.35,4.46,0.68
6530,6.7,0.88,4.55,7.8,8.02,5.41,4.81,1.83
6531,3.0,10.26,8.22,4.84,0.46,6.56,0.82,5.84
6532,4.5,3.91,8.87,1.15,6.63,7.22,4.15,3.57
6533,7.42,4.39,2.34,9.08,2.52,1.81,6.68,5.76
6534,1.76,7.49,9.15,7.33,2.52,5.99,3.46,2.3
6535,6.89,9.36,1.63,8.35,2.51,1.01,8.73,1.52
6536,4.06,0.99,7.7,2.23,8.74,7.57,5.28,3.43
6537,8.05,3.15,5.73,1.5,0.59,11.64,2.16,7.18
6538,5.78,3.38,7.53,6.11,0.87,9.02,2.76,4.55
6539,9.03,4.0,4.25,5.85,5.48,6.19,3.88,1.32
6540,1.03,3.0,7.15,11.17,8.3,3.24,4.14,1.97
6541,3.68,9.69,3.11,0.84,10.67,5.12,4.79,2.1
6542,1.57,6.24,6.28,4.75,5.39,1.5,14.1,0.17
6543,1.11,6.45,9.48,6.45,3.92,5.78,3.03,3.78
6544,3.9,4.37,7.16,5.38,2.85,5.16,5.7,5.48
6545,4.57,5.63,4.49,7.73,8.16,4.78,4.44,0.2
6546,7.99,8.37,6.1,0.61,2.67,4.39,3.12,6.75
6547,6.93,8.89,0.75,5.05,8.05,2.58,6.77,0.98
6548,2.94,8.03,1.97,2.34,3.7,1.29,1.93,17.8
6549,8.43,1.99,6.62,1.69,2.1,9.46,6.65,3.06
6550,8.96,5.08,6.15,4.3,6.22,5.86,1.11,2.32
6551,1.3,8.16,3.69,2.31,8.59,1.51,3.14,11.3
6552,4.89,4.27,5.9,3.2,7.77,2.01,2.63,9.33
6553,3.25,6.87,8.4,3.84,3.26,5.04,6.94,2.4
6554,8.23,3.2,7.53,5.64,1.45,2.25,5.84,5.86
6555,5.22,6.05,3.93,8.18,6.46,1.79,5.74,2.63
6556,5.91,8.89,3.08,2.28,4.02,3.92,4.57,7.33
6557,6.42,0.91,6.04,10.43,2.6,8.69,1.92,2.99
6558,5.8,2.27,3.14,10.27,2.57,2.91,9.57,3.47
6559,9.25,4.88,7.11,0.83,4.39,1.25,3.76,8.53
6560,3.78,5.21,10.18,4.97,1.71,8.67,5.16,0.32
6561,9.95,3.12,3.46,4.23,9.24,1.19,0.82,7.99
6562,3.32,7.03,7.83,4.77,3.64,5.92,7.32,0.17
6563,7.57,6.51,1.65,8.48,7.03,3.57,1.22,3.97
6564,6.68,6.08,7.45,4.08,4.37,5.6,5.54,0.2
6565,6.82,4.61,7.86,5.88,3.26,7.6,3.76,0.21
6566,8.99,1.14,1.44,5.66,10.68,5.09,4.1,2.9
6567,9.87,6.65,6.01,1.8,2.14,8.02,2.55,2.96
6568,1.53,1.86,4.77,6.27,1.64,7.19,10.93,5.81
6569,7.58,4.12,1.82,9.61,6.85,4.07,1.81,4.14
6570,6.07,3.08,3.79,5.08,5.27,5.82,10.62,0.27
6571,7.97,2.9,1.91,9.67,4.16,0.62,8.82,3.95
6572,1.88,4.15,10.71,7.79,6.84,1.93,4.21,2.49
6573,8.7,8.71,5.53,1.66,4.17,3.64,6.49,1.1
6574,2.92,5.26,6.81,9.79,3.8,2.3,5.47,3.65
6575,4.43,10.0,4.29,5.38,3.84,6.74,3.42,1.9
6576,3.33,5.1,6.32,7.79,5.26,4.26,3.29,4.65
6577,1.0,9.01,0.63,10.61,1.15,2.24,14.84,0.52
6578,0.88,8.03,0.56,8.12,3.71,1.1,1.38,16.22
6579,0.78,6.96,1.36,1.15,7.73,7.11,3.28,11.63
6580,7.4,1.19,8.03,2.09,3.12,6.71,2.73,8.73
6581,4.37,8.29,6.7,4.01,4.56,5.8,1.34,4.93
6582,8.18,8.57,3.26,5.31,3.63,3.14,3.15,4.76
6583,5.87,6.24,7.51,7.71,5.47,2.08,4.91,0.21
6584,9.51,5.28,1.79,6.78,2.38,4.63,2.05,7.58
6585,5.75,2.6,6.91,6.99,7.08,5.11,5.41,0.15
6586,9.32,3.19,0.49,5.84,9.77,6.88,0.6,3.91
6587,3.0,3.06,2.55,4.78,5.81,10.28,2.94,7.58
6588,4.68,8.5,2.06,0.97,10.8,0.87,11.42,0.7
6589,5.06,4.75,8.05,1.45,5.22,9.15,3.72,2.6
6590,3.43,1.26,3.09,7.3,9.97,8.21,4.97,1.77
6591,8.62,3.42,6.41,7.45,6.73,2.86,2.57,1.94
6592,2.28,0.94,6.34,4.37,5.68,1.83,16.1,2.46
6593,2.66,2.99,10.01,0.85,0.82,6.58,12.3,3.79
6594,3.67,6.72,6.82,1.94,0.95,9.61,0.74,9.55
6595,7.91,3.66,1.95,2.47,7.99,5.37,7.8,2.85
6596,2.23,4.98,5.51,0.57,0.87,15.44,2.21,8.19
6597,0.84,3.85,1.78,6.58,9.03,1.99,13.05,2.88
6598,0.93,8.93,7.29,6.83,5.64,3.39,0.49,6.5
6599,3.27,7.42,7.23,1.32,8.81,7.23,1.98,2.74
6600,2.81,5.8,7.69,0.49,8.11,6.23,6.9,1.97
6601,2.74,4.17,2.69,7.15,5.61,11.41,5.77,0.46
6602,3.36,0.7,0.92,3.11,1.68,4.51,16.98,8.74
6603,7.42,9.01,6.6,4.64,6.15,2.52,1.62,2.04
6604,3.47,7.29,4.06,1.85,8.14,7.61,6.5,1.08
6605,5.09,3.47,4.28,6.13,2.13,1.87,15.32,1.71
6606,5.34,8.06,5.32,1.2,7.82,3.51,0.78,7.97
6607,3.7,4.51,8.87,5.51,2.3,3.62,6.31,5.18
6608,5.69,3.28,3.16,9.81,5.95,6.45,1.34,4.32
6609,5.56,4.75,3.72,7.77,5.8,6.17,2.41,3.82
6610,6.38,8.67,6.05,4.35,0.91,7.75,2.78,3.11
6611,1.84,7.72,9.35,7.67,5.66,0.39,1.46,5.91
6612,7.19,8.94,7.08,6.55,0.79,0.35,1.54,7.56
6613,4.83,8.74,4.69,2.32,5.39,2.26,10.38,1.39
6614,1.48,8.38,3.41,2.52,5.82,7.02,5.86,5.51
6615,1.49,6.59,1.7,1.35,11.32,9.43,5.72,2.4
6616,4.08,6.23,3.06,1.1,3.01,1.74,9.14,11.64
6617,5.2,9.88,1.7,3.69,2.73,3.82,6.24,6.74
6618,7.5,6.75,3.17,5.98,1.37,7.65,2.07,5.51
6619,4.04,2.03,0.77,4.17,13.6,5.9,4.83,4.66
6620,2.97,1.91,0.86,7.05,4.68,7.39,8.47,6.67
6621,1.02,3.52,11.04,9.59,4.78,2.63,1.09,6.33
6622,8.35,0.5,1.74,7.38,9.34,1.28,9.66,1.75
6623,8.51,8.7,5.87,3.63,4.31,5.42,0.8,2.76
6624,1.35,3.62,3.98,3.78,4.46,2.59,16.28,3.94
6625,3.42,1.84,5.59,6.01,3.45,8.14,0.66,10.89
6626,6.25,8.09,7.37,5.49,2.52,4.06,3.59,2.63
6627,6.31,9.54,1.73,2.1,7.68,8.06,3.81,0.77
6628,6.6,9.04,2.28,7.25,6.04,2.56,5.11,1.12
6629,7.92,8.57,5.58,6.97,0.93,4.39,5.13,0.51
6630,2.6,4.62,5.99,8.74,3.29,3.72,4.59,6.45
6631,2.9,10.06,0.63,8.4,2.21,8.25,1.18,6.37
6632,6.61,7.5,5.39,1.02,9.52,4.4,2.67,2.89
6633,8.14,7.46,7.22,0.5,5.56,5.65,2.26,3.21
6634,3.46,5.19,6.27,7.72,4.32,1.83,2.27,8.94
6635,5.17,7.23,4.89,3.82,3.41,2.74,9.34,3.4
6636,2.34,1.15,4.15,5.4,12.21,2.18,4.2,8.37
6637,9.48,7.05,6.79,5.69,1.76,1.05,6.09,2.09
6638,6.0,7.84,1.31,6.25,7.63,4.42,1.09,5.46
6639,9.04,6.21,6.72,0.53,3.47,6.48,5.7,1.85
6640,3.21,9.3,2.36,8.03,0.56,0.64,14.4,1.5
6641,0.77,1.06,1.23,14.15,3.45,10.87,3.37,5.1
6642,8.62,4.33,8.1,2.91,5.26,1.91,6.72,2.15
6643,5.6,9.38,2.02,4.99,1.43,10.86,2.34,3.38
6644,5.89,7.17,1.36,7.71,7.97,0.68,7.58,1.64
6645,1.29,7.26,0.69,2.18,7.48,6.67,8.77,5.66
6646,3.74,1.56,10.19,1.63,8.4,7.25,3.2,4.03
6647,5.81,1.54,2.92,5.48,7.62,1.67,11.14,3.82
6648,2.63,2.07,3.87,9.54,8.13,2.93,1.45,9.38
6649,6.73,3.56,4.84,3.81,1.89,7.49,4.2,7.48
6650,5.74,2.98,10.14,5.38,5.53,3.64,5.18,1.41
6651,4.84,8.57,5.81,3.35,5.99,6.46,2.85,2.13
6652,3.51,9.78,4.72,6.83,4.79,2.36,2.91,5.1
6653,6.8,0.76,6.6,3.46,8.44,7.42,3.89,2.63
6654,0.72,4.18,8.17,2.11,7.57,3.46,13.78,0.01
6655,1.21,8.76,1.96,6.79,2.67,5.67,2.67,10.27
6656,9.8,0.65,5.78,3.75,8.55,2.73,2.34,6.4
6657,1.71,0.55,5.77,3.96,13.91,2.95,5.39,5.76
6658,4.58,7.72,0.64,7.58,6.93,8.02,2.98,1.55
6659,1.84,1.28,1.07,12.39,4.25,1.88,3.02,14.27
6660,0.9,7.13,3.74,3.5,0.84,2.87,3.91,17.11
6661,0.83,8.31,5.03,9.14,0.93,8.35,5.14,2.27
6662,1.9,8.82,8.22,6.01,6.8,3.86,0.91,3.48
6663,2.4,8.25,1.17,3.31,4.65,2.56,11.77,5.89
6664,7.83,3.58,4.83,3.78,9.05,6.44,2.17,2.32
6665,0.56,3.87,5.55,8.14,4.35,10.21,4.02,3.3
6666,9.49,8.15,1.84,7.19,5.34,1.71,1.59,4.69
6667,9.86,6.07,3.93,2.63,7.2,0.82,8.73,0.76
6668,4.71,0.87,3.37,8.13,9.43,4.89,2.91,5.69
6669,0.8,8.19,4.4,1.5,3.87,13.33,1.79,6.12
6670,6.24,2.04,8.22,2.42,7.48,8.41,1.03,4.16
6671,7.33,4.94,6.78,4.81,1.02,5.51,5.69,3.92
6672,1.94,2.29,1.57,5.92,6.07,8.68,6.94,6.59
6673,6.74,7.98,8.01,4.63,2.57,4.71,3.96,1.4
6674,2.74,6.37,3.68,2.81,8.66,8.8,3.68,3.26
6675,6.9,4.57,2.52,1.73,1.05,14.91,7.7,0.62
6676,9.65,4.2,8.38,5.97,4.23,4.0,0.28,3.29
6677,5.19,7.12,6.26,7.49,0.58,3.37,1.24,8.75
6678,2.71,2.93,8.15,5.06,2.5,10.27,7.85,0.53
6679,3.48,3.44,5.42,5.6,6.4,6.72,7.06,1.88
6680,4.27,7.79,6.92,6.01,0.91,1.14,2.64,10.32
6681,3.42,0.79,10.57,1.1,10.34,1.73,7.32,4.73
6682,1.96,2.7,5.44,10.69,9.24,6.4,2.23,1.34
6683,8.15,6.99,6.75,5.01,4.24,0.54,7.22,1.1
6684,3.42,1.25,11.68,7.69,4.24,1.26,0.77,9.69
6685,0.96,7.23,2.18,10.82,7.07,3.85,7.29,0.6
6686,9.49,3.83,2.85,6.72,1.85,4.85,5.47,4.94
6687,5.87,8.79,0.59,2.05,8.05,7.78,3.72,3.15
6688,8.34,5.39,8.6,1.87,5.69,0.35,0.62,9.14
6689,2.23,5.54,1.67,11.81,1.81,1.32,6.95,8.67
6690,1.5,7.87,7.88,1.5,2.42,10.58,3.86,4.39
6691,8.36,8.84,6.43,0.82,5.89,0.9,8.29,0.47
6692,6.61,3.83,6.78,6.11,3.22,2.76,3.27,7.42
6693,3.92,4.06,5.46,10.38,5.27,4.89,1.22,4.8
6694,4.98,1.35,4.09,2.93,8.87,8.54,2.59,6.65
6695,8.92,5.87,7.07,3.29,3.92,5.33,3.96,1.64
6696,5.69,4.17,7.68,8.82,2.28,6.62,4.03,0.71
6697,5.8,1.43,2.46,5.25,8.59,6.39,8.15,1.93
6698,1.54,2.8,3.6,10.84,1.11,1.49,8.66,9.96
6699,1.57,10.26,3.29,5.33,7.9,4.62,3.2,3.83
6700,6.81,5.44,1.93,2.41,11.52,7.33,2.44,2.12
6701,6.45,0.92,0.79,2.71,12.58,2.23,11.3,3.02
6702,3.08,7.16,8.65,2.85,4.15,1.81,11.65,0.65
6703,8.69,2.94,9.07,4.34,5.52,1.18,6.26,2.0
6704,8.58,0.76,2.35,7.19,6.27,3.46,6.57,4.82
6705,6.21,6.64,0.58,4.92,3.46,9.86,1.08,7.25
6706,8.77,1.29,7.37,2.36,6.56,1.22,10.89,1.54
6707,8.52,6.32,5.04,4.48,3.42,2.08,9.57,0.57
6708,9.6,5.05,6.41,0.79,3.77,5.83,7.36,1.19
6709,6.47,8.63,3.7,5.95,1.9,0.56,8.39,4.4
6710,8.8,7.82,1.44,2.74,5.47,1.99,4.14,7.6
6711,9.28,8.47,2.43,2.99,8.01,3.07,2.53,3.22
6712,6.57,3.63,9.35,4.39,4.05,3.03,7.57,1.41
6713,5.7,6.06,2.02,1.44,3.14,14.11,1.89,5.64
6714,9.62,7.3,4.58,2.64,1.19,4.68,0.79,9.2
6715,2.7,10.09,4.02,1.11,4.5,4.84,10.15,2.59
6716,0.96,8.86,0.84,1.53,4.11,0.94,21.38,1.38
6717,4.88,3.42,4.01,5.27,1.81,9.62,8.28,2.71
6718,5.1,2.67,0.83,5.72,8.24,7.33,5.07,5.04
6719,3.0,6.55,5.41,2.12,9.73,6.24,5.39,1.56
6720,7.43,2.0,9.62,5.86,7.42,4.34,1.17,2.16
6721,5.79,2.38,10.06,2.74,5.74,7.38,1.29,4.62
6722,2.16,10.37,9.04,6.73,3.65,1.73,4.02,2.3
6723,4.84,1.86,1.37,9.38,5.74,1.46,12.69,2.66
6724,5.27,3.65,9.98,6.98,4.27,4.95,4.69,0.21
6725,5.86,1.55,4.54,7.13,2.04,10.55,7.7,0.63
6726,3.81,1.44,3.8,9.43,2.15,3.76,5.19,10.42
6727,5.29,5.86,4.39,9.73,3.45,4.62,4.32,2.34
6728,8.59,7.96,4.82,1.93,6.47,0.65,0.77,8.81
6729,7.49,8.3,2.49,5.5,3.46,3.32,4.47,4.97
6730,8.71,2.75,8.13,7.62,1.58,3.52,6.07,1.62
6731,4.8,2.84,4.16,11.25,2.65,6.3,1.76,6.24
6732,9.83,4.39,7.88,5.16,2.55,1.61,6.36,2.22
6733,9.16,2.5,5.79,4.06,0.98,4.13,3.69,9.69
6734,0.83,3.05,6.45,2.94,13.06,2.27,5.15,6.25
6735,9.13,0.53,9.76,3.89,5.87,5.13,3.62,2.07
6736,3.46,10.35,8.22,2.26,5.01,7.08,2.24,1.38
6737,7.14,6.5,4.09,5.41,7.1,0.39,2.71,6.66
6738,3.99,5.26,4.34,7.79,4.87,2.84,4.1,6.81
6739,0.84,5.64,4.52,2.87,3.96,12.17,3.96,6.04
6740,6.15,4.48,2.07,6.82,2.12,10.83,5.59,1.94
6741,1.49,0.92,6.0,10.63,8.88,1.13,0.6,10.35
6742,6.15,3.06,6.61,7.68,8.06,4.2,3.41,0.83
6743,6.67,9.24,1.37,5.47,8.08,1.22,5.12,2.83
6744,5.91,7.48,4.01,2.48,7.77,6.74,2.69,2.92
6745,8.45,7.65,3.78,6.51,4.17,1.59,7.03,0.82
6746,8.96,2.31,7.06,7.55,4.63,5.23,1.88,2.38
6747,8.44,3.29,3.42,7.37,6.83,6.04,3.33,1.28
6748,9.34,8.67,3.06,7.52,1.61,6.51,0.83,2.46
6749,2.14,6.42,9.16,7.01,1.71,3.68,1.05,8.83
6750,8.9,4.95,2.15,5.52,3.5,3.09,3.4,8.49
6751,4.86,7.72,0.95,6.69,7.88,6.42,0.94,4.54
6752,4.11,9.07,1.6,0.55,7.96,2.02,11.08,3.61
6753,7.04,2.07,2.91,3.27,7.78,1.62,11.63,3.68
6754,5.79,1.78,4.61,5.69,9.13,4.85,6.53,1.62
6755,1.88,6.83,9.32,2.28,4.61,4.06,8.0,3.02
6756,8.1,7.89,7.67,1.74,1.17,6.7,2.29,4.44
6757,6.95,4.73,1.03,6.24,8.54,5.29,1.51,5.71
6758,3.42,9.97,5.52,3.28,8.01,2.55,4.66,2.59
6759,4.43,3.92,1.68,2.47,2.36,16.07,3.08,5.99
6760,3.66,2.24,5.75,6.55,1.09,7.77,12.03,0.91
6761,8.13,1.85,3.07,0.87,2.19,7.26,6.82,9.81
6762,3.86,2.14,6.45,4.09,5.05,12.05,2.96,3.4
6763,1.72,4.3,2.63,9.68,9.05,4.57,1.45,6.6
6764,3.89,4.46,8.88,7.31,2.54,4.88,6.09,1.95
6765,1.07,9.27,8.28,5.84,7.56,4.77,2.75,0.46
6766,4.09,1.43,11.07,2.27,8.68,6.39,3.52,2.55
6767,2.01,6.63,6.41,2.31,2.06,3.29,11.68,5.61
6768,1.48,10.7,2.16,1.1,5.63,2.14,2.38,14.41
6769,7.9,1.53,2.95,5.63,2.34,6.26,9.84,3.55
6770,5.51,1.19,1.84,8.16,7.45,1.27,9.94,4.64
6771,0.58,7.07,9.28,4.67,0.52,10.57,3.25,4.06
6772,4.69,2.46,1.99,3.86,11.52,9.79,5.5,0.19
6773,1.01,4.3,1.24,9.0,0.64,1.98,3.95,17.88
6774,3.19,4.12,9.34,4.83,7.95,0.37,8.76,1.44
6775,8.47,6.62,6.33,2.93,2.06,4.19,7.08,2.32
6776,8.24,5.77,8.25,5.7,3.55,2.95,3.3,2.24
6777,7.59,5.32,5.63,4.33,5.8,2.92,1.95,6.46
6778,4.32,1.16,3.36,1.02,5.84,2.75,10.84,10.71
6779,6.56,7.81,2.19,6.77,6.76,3.35,0.36,6.2
6780,5.08,1.57,9.64,3.39,3.38,4.95,1.96,10.03
6781,9.7,6.57,1.19,3.1,9.42,3.5,4.42,2.1
6782,3.73,5.54,9.22,8.6,3.14,4.55,3.64,1.58
6783,3.2,0.73,2.61,3.38,7.51,9.43,5.49,7.65
6784,0.74,10.5,1.97,6.07,3.92,11.2,4.51,1.09
6785,5.52,7.7,3.77,2.58,9.45,3.78,6.77,0.43
6786,0.73,11.11,1.45,6.76,6.94,2.93,8.01,2.07
6787,8.79,6.37,4.94,7.42,3.29,0.8,6.7,1.69
6788,8.42,1.38,6.56,9.08,0.79,2.41,3.18,8.18
6789,9.83,4.49,6.95,7.36,1.86,6.23,1.67,1.61
6790,6.17,1.04,9.05,0.93,8.52,0.52,0.9,12.87
6791,8.79,5.2,5.47,6.73,6.33,3.53,0.3,3.65
6792,3.58,6.64,3.76,5.41,6.15,7.92,4.69,1.85
6793,6.36,1.69,8.53,2.37,3.26,11.47,2.85,3.47
6794,1.76,4.88,2.41,7.64,9.24,6.01,1.57,6.49
6795,2.79,1.91,2.27,5.68,12.79,8.03,4.3,2.23
6796,3.3,3.05,9.63,9.22,2.85,3.88,0.87,7.2
6797,2.21,7.94,7.48,7.08,7.39,1.3,4.05,2.55
6798,1.74,2.71,10.12,1.79,4.97,3.87,11.21,3.59
6799,1.83,2.72,1.14,7.3,4.41,1.9,15.85,4.85
6800,9.8,1.78,2.38,1.14,8.36,5.85,7.16,3.53
6801,3.98,2.22,9.32,4.12,2.67,11.39,5.28,1.02
6802,3.28,3.51,6.23,6.26,9.84,0.63,8.64,1.61
6803,0.73,10.1,3.19,10.32,3.88,3.63,0.41,7.74
6804,9.3,4.07,8.17,4.11,5.99,0.41,4.22,3.73
6805,7.11,0.8,2.57,5.92,7.77,3.73,3.56,8.54
6806,8.21,1.48,9.31,6.27,6.03,1.08,5.51,2.11
6807,4.79,7.72,1.25,9.08,6.06,5.27,4.05,1.78
6808,6.62,1.51,10.33,4.89,3.58,7.77,1.58,3.72
6809,9.75,4.82,2.22,1.78,8.75,1.35,2.27,9.06
6810,5.33,5.15,6.26,3.63,0.63,11.15,3.6,4.25
6811,4.97,3.35,1.96,3.23,7.8,2.83,8.22,7.64
6812,8.12,9.07,2.34,6.12,2.65,2.77,4.93,4.0
6813,2.27,8.5,4.51,9.14,6.28,5.72,0.96,2.62
6814,1.81,3.79,5.09,0.86,7.9,7.99,6.19,6.37
6815,7.89,2.51,1.31,2.77,5.51,4.14,7.98,7.89
6816,7.54,6.54,3.64,7.16,1.47,4.19,3.64,5.82
6817,6.93,7.44,2.82,5.5,4.01,3.67,6.75,2.88
6818,8.93,3.24,1.47,4.07,3.16,7.97,5.83,5.33
6819,5.0,1.35,9.64,6.08,3.63,5.25,8.62,0.43
6820,7.51,2.63,9.37,4.54,3.06,4.35,7.52,1.02
6821,3.07,10.31,5.94,4.03,7.93,0.91,2.44,5.37
6822,1.78,6.95,7.41,8.87,4.09,7.22,2.01,1.67
6823,2.12,4.11,2.97,7.93,1.15,10.24,6.65,4.83
6824,2.26,0.72,4.63,0.93,9.09,13.0,2.24,7.13
6825,3.49,4.52,5.88,4.78,9.66,4.51,2.49,4.67
6826,5.83,1.22,2.42,11.09,6.27,7.61,4.85,0.71
6827,9.26,4.6,3.0,6.03,2.88,3.66,7.81,2.76
6828,2.02,4.74,2.23,3.31,2.0,14.42,8.05,3.23
6829,7.53,4.84,6.09,0.87,1.49,10.65,6.46,2.07
6830,2.94,3.19,3.94,1.22,8.62,5.45,9.34,5.3
6831,3.53,8.23,4.83,5.75,2.07,1.29,1.45,12.85
6832,8.73,1.16,8.18,6.57,5.36,2.1,3.76,4.14
6833,2.91,9.14,7.95,5.59,4.91,1.12,2.62,5.76
6834,2.58,4.67,8.95,7.34,5.92,5.05,1.43,4.06
6835,3.18,1.68,1.16,9.37,4.38,7.19,9.29,3.75
6836,3.61,10.2,1.22,6.12,7.39,2.6,7.57,1.29
6837,9.25,5.2,8.27,3.42,4.65,2.68,3.25,3.28
6838,2.25,2.07,10.63,5.46,4.07,0.77,13.87,0.88
6839,2.14,1.6,1.54,4.51,10.7,10.57,1.81,7.13
6840,0.64,9.06,6.37,5.45,9.12,5.44,1.33,2.59
6841,1.27,7.15,4.6,4.8,7.36,6.07,6.17,2.58
6842,1.22,8.37,5.64,4.48,4.33,10.54,5.3,0.12
6843,1.14,5.6,5.67,0.7,5.72,7.91,7.3,5.96
6844,3.16,6.45,2.46,5.76,7.74,6.57,4.32,3.54
6845,1.97,10.2,6.77,6.86,2.96,1.7,5.46,4.08
6846,2.68,5.27,8.41,3.72,1.61,12.15,5.43,0.73
6847,7.63,1.72,6.85,5.11,7.52,3.55,5.13,2.49
6848,5.49,9.23,7.35,3.59,2.23,1.61,6.14,4.36
6849,9.08,6.6,0.57,1.61,9.73,1.58,4.31,6.52
6850,0.9,5.48,10.92,4.44,6.98,4.56,1.26,5.46
6851,3.68,5.01,0.65,5.45,6.21,9.4,1.2,8.4
6852,4.22,0.52,11.43,9.25,0.89,2.74,6.5,4.45
6853,6.73,6.64,7.72,5.67,5.55,2.95,3.71,1.03
6854,7.94,6.24,5.66,1.97,7.14,2.24,6.68,2.13
6855,3.32,5.14,7.34,1.21,9.81,6.13,0.9,6.15
6856,3.91,3.03,6.04,10.24,7.52,2.07,3.82,3.37
6857,7.89,5.37,1.46,3.52,8.31,0.57,5.81,7.07
6858,4.17,8.71,6.1,3.15,1.66,2.21,2.73,11.27
6859,7.13,1.41,8.23,5.15,7.28,2.57,7.22,1.01
6860,5.04,9.19,4.21,7.37,3.05,2.09,6.16,2.89
6861,2.39,6.45,5.77,7.87,3.47,7.64,2.9,3.51
6862,3.41,2.67,7.12,8.61,3.94,8.84,1.05,4.36
6863,2.96,6.41,5.33,8.49,1.96,9.84,2.81,2.2
6864,9.0,1.44,7.7,4.71,1.87,6.24,0.65,8.39
6865,1.45,7.64,9.11,1.35,9.82,1.82,7.94,0.87
6866,3.99,3.86,9.53,6.86,5.35,5.42,3.58,1.41
6867,5.69,2.73,2.46,10.9,8.77,1.03,4.63,3.79
6868,7.84,0.69,1.15,8.3,8.82,3.94,7.38,1.88
6869,5.63,5.34,3.31,8.76,6.43,4.07,0.62,5.84
6870,3.35,8.66,6.28,3.37,8.89,0.49,6.98,1.98
6871,7.38,0.67,5.52,2.95,2.67,12.23,1.19,7.39
6872,4.08,5.44,7.94,3.18,1.08,11.06,0.74,6.48
6873,9.13,3.27,7.71,2.73,1.65,7.84,2.76,4.91
6874,0.79,5.84,0.63,8.03,7.13,7.67,5.19,4.72
6875,3.72,6.3,2.66,8.72,0.93,8.88,7.37,1.42
6876,8.48,8.79,4.24,4.22,0.44,1.5,8.9,3.43
6877,2.34,3.53,4.13,4.38,6.06,12.3,4.62,2.64
6878,1.24,3.73,6.73,5.43,9.65,1.48,7.37,4.37
6879,4.33,2.82,6.27,10.22,3.34,1.16,8.64,3.22
6880,1.76,10.88,6.87,1.37,3.45,8.03,4.38,3.26
6881,9.18,0.47,7.94,7.2,4.55,5.91,1.9,2.85
6882,8.72,0.72,3.53,4.08,1.05,11.21,6.42,4.27
6883,3.64,2.21,6.82,9.51,1.39,8.18,6.48,1.77
6884,2.81,8.04,8.09,3.0,7.13,2.99,4.02,3.92
6885,8.67,8.82,1.88,7.02,3.9,3.06,2.55,4.1
6886,4.69,5.88,7.76,6.75,5.33,3.64,2.34,3.61
6887,1.23,7.44,4.11,3.12,5.94,1.77,11.41,4.98
6888,8.41,2.12,6.98,6.64,5.79,2.95,1.24,5.87
6889,6.89,1.08,9.27,8.98,5.12,2.73,0.38,5.55
6890,8.91,5.69,6.54,1.27,8.49,4.04,1.0,4.06
6891,5.85,0.73,4.9,3.39,2.28,11.34,2.99,8.52
6892,8.98,7.81,5.25,2.55,6.48,5.48,0.54,2.91
6893,3.14,3.0,1.16,11.7,7.23,1.86,0.89,11.02
6894,7.32,4.25,3.99,1.81,4.99,2.13,4.94,10.57
6895,6.11,3.32,7.6,1.5,9.66,2.19,4.57,5.05
6896,1.82,10.33,5.98,3.98,2.4,7.86,1.72,5.91
6897,0.6,4.94,1.83,2.04,10.31,0.82,16.41,3.05
6898,9.47,7.68,5.51,4.16,0.62,4.97,6.16,1.43
6899,0.91,1.09,7.61,6.27,7.38,8.35,6.02,2.37
6900,7.12,3.4,8.24,1.89,4.33,9.44,4.34,1.24
6901,7.91,3.8,2.94,1.89,6.75,9.71,3.97,3.03
6902,7.73,6.0,7.61,3.81,1.06,6.9,5.23,1.66
6903,4.62,4.46,9.85,4.66,4.44,3.88,5.18,2.91
6904,6.41,1.93,7.59,2.86,5.91,9.95,4.49,0.86
6905,1.76,5.04,2.62,4.15,8.07,7.62,5.61,5.13
6906,8.98,3.16,2.53,9.91,1.65,6.01,2.18,5.58
6907,8.38,0.58,0.7,7.29,7.55,5.65,7.21,2.64
6908,9.22,2.58,6.89,4.49,7.25,1.69,1.81,6.07
6909,6.86,2.66,2.39,7.71,6.89,0.48,1.23,11.78
6910,4.07,3.71,1.08,7.44,10.4,4.66,3.16,5.48
6911,6.9,1.04,5.51,6.12,0.66,9.96,4.44,5.37
6912,0.65,1.32,7.22,8.41,9.95,6.27,3.51,2.67
6913,5.8,4.92,5.43,0.84,6.34,2.9,5.52,8.25
6914,2.58,5.26,4.38,2.94,3.02,4.29,17.2,0.33
6915,3.01,2.36,3.95,4.02,1.75,10.65,13.79,0.47
6916,8.36,1.18,7.45,6.26,2.0,7.86,4.06,2.83
6917,1.64,1.65,3.21,7.45,9.65,2.61,4.79,9.0
6918,3.82,2.39,9.04,3.48,5.05,1.87,8.78,5.57
6919,0.98,6.55,7.81,8.42,4.82,5.06,2.82,3.54
6920,7.08,3.44,7.39,2.93,4.14,3.86,3.49,7.67
6921,3.89,5.19,7.02,7.11,3.65,1.58,6.73,4.83
6922,6.82,6.09,4.79,2.76,7.38,5.87,2.99,3.3
6923,5.88,4.61,3.9,7.93,1.77,3.99,2.39,9.53
6924,1.32,6.84,0.66,9.16,8.93,0.48,12.54,0.07
6925,6.0,5.13,3.87,7.63,7.98,4.85,3.22,1.32
6926,3.56,6.06,8.08,2.53,3.5,2.89,1.11,12.27
6927,7.5,7.26,2.78,6.95,5.45,5.69,1.59,2.78
6928,0.61,4.31,4.47,6.58,7.22,7.8,8.59,0.42
6929,0.82,4.88,9.35,0.92,9.64,5.1,2.84,6.45
6930,3.17,8.45,8.89,6.4,4.55,1.67,5.08,1.79
6931,7.76,8.27,7.75,3.57,5.47,4.31,2.23,0.64
6932,1.57,2.44,11.04,9.16,4.88,1.1,5.24,4.57
6933,1.87,3.91,3.15,11.48,9.32,0.84,3.5,5.93
6934,4.57,4.36,2.46,2.39,10.5,3.69,8.78,3.25
6935,6.11,6.79,5.34,1.97,1.09,1.75,2.61,14.34
6936,8.48,5.78,2.73,5.49,0.84,10.07,3.64,2.97
6937,2.16,8.5,4.32,6.26,3.67,7.99,0.8,6.3
6938,5.05,5.8,9.29,0.43,6.84,2.27,6.12,4.2
6939,4.19,2.2,6.88,5.16,6.51,9.17,3.76,2.13
6940,3.35,2.27,8.96,2.72,10.08,0.85,1.77,10.0
6941,9.82,5.54,2.59,5.85,0.99,7.53,4.16,3.52
6942,9.48,2.52,2.98,5.88,7.69,0.71,9.57,1.17
6943,7.29,9.29,0.9,0.47,1.43,1.83,3.08,15.71
6944,4.23,2.07,9.68,6.59,2.81,6.17,1.75,6.7
6945,3.44,6.72,4.16,6.09,2.02,8.87,1.85,6.85
6946,7.15,5.91,2.32,5.82,7.67,6.53,1.61,2.99
6947,0.67,10.78,2.15,2.99,5.25,7.76,5.66,4.74
6948,4.68,2.04,6.49,6.96,2.85,10.28,3.84,2.86
6949,5.55,0.52,10.72,2.86,4.65,9.78,4.0,1.92
6950,2.39,1.15,1.54,6.62,8.06,9.51,6.15,4.58
6951,4.62,0.72,0.64,2.65,7.45,3.53,5.58,14.81
6952,8.21,2.28,5.29,2.81,5.57,7.52,4.1,4.22
6953,3.82,2.15,6.13,3.52,10.78,5.56,6.3,1.74
6954,4.79,2.3,2.79,9.56,9.84,5.7,2.75,2.27
6955,5.89,6.55,8.55,7.33,1.28,1.18,9.12,0.1
6956,0.72,5.61,5.23,8.78,1.87,10.11,3.98,3.7
6957,3.4,2.73,5.51,9.39,8.81,0.47,3.7,5.99
6958,4.71,6.64,7.61,5.81,6.36,2.65,2.57,3.65
6959,8.09,1.82,0.95,11.05,6.43,3.43,3.8,4.43
6960,8.9,6.85,7.47,2.83,3.65,6.54,1.27,2.49
6961,7.96,6.64,6.88,4.84,2.77,4.5,6.03,0.38
6962,8.88,3.43,5.56,7.46,3.53,6.49,0.96,3.69
6963,1.13,1.89,9.34,5.12,9.93,1.34,7.64,3.61
6964,5.02,8.55,7.8,5.38,6.14,1.0,3.06,3.05
6965,0.77,4.9,11.09,1.57,2.23,5.47,7.16,6.81
6966,3.36,2.67,2.35,9.82,3.8,0.81,9.82,7.37
6967,6.8,8.03,8.16,4.51,0.55,3.89,0.43,7.63
6968,8.82,5.46,8.24,6.05,3.84,1.35,0.49,5.75
6969,8.45,3.5,3.27,9.23,0.65,4.59,2.17,8.14
6970,6.72,2.38,8.69,1.8,5.18,8.44,4.25,2.54
6971,3.16,3.19,2.99,9.8,1.28,4.25,14.85,0.48
6972,1.06,4.17,3.58,7.58,10.29,7.97,5.02,0.33
6973,6.16,3.91,8.74,8.44,2.97,2.55,4.05,3.18
6974,6.72,5.39,2.36,10.15,4.62,2.99,5.02,2.75
6975,7.43,3.52,7.41,6.43,0.75,8.26,4.12,2.08
6976,7.09,3.75,2.87,2.52,8.85,1.96,2.7,10.26
6977,8.13,3.77,2.07,8.71,0.64,5.52,3.92,7.24
6978,5.03,5.82,0.98,4.31,6.13,5.68,8.94,3.11
6979,9.33,0.84,4.84,0.82,6.23,4.58,3.65,9.71
6980,2.58,8.1,0.88,6.61,9.37,2.81,2.38,7.27
6981,5.11,8.16,2.0,1.78,10.54,2.33,4.25,5.83
6982,6.79,6.53,6.49,2.93,0.52,3.99,12.25,0.5
6983,6.33,3.44,9.14,4.85,7.09,1.05,5.34,2.76
6984,6.78,6.58,7.21,6.02,6.58,3.52,0.66,2.65
6985,2.99,7.74,7.11,7.91,1.44,4.6,5.45,2.76
6986,2.64,4.67,4.68,5.65,4.47,10.98,5.07,1.84
6987,7.51,2.12,7.73,1.78,2.02,2.85,12.45,3.54
6988,6.73,8.71,3.02,3.24,6.8,6.1,1.71,3.69
6989,1.16,8.46,6.66,1.83,7.52,1.37,10.04,2.96
6990,4.85,1.4,4.39,5.94,5.34,2.66,13.35,2.07
6991,3.95,6.5,5.16,9.52,4.64,0.51,5.85,3.87
6992,4.6,7.32,4.59,8.52,4.11,3.28,7.19,0.39
6993,0.99,10.89,6.85,2.74,7.67,4.48,4.81,1.57
6994,7.51,7.28,3.46,2.46,3.17,5.38,10.05,0.69
6995,0.83,8.95,3.97,0.79,7.63,10.56,3.93,3.34
6996,6.82,7.63,3.94,7.2,2.32,0.92,5.26,5.91
6997,7.34,7.37,3.78,7.21,0.38,5.1,1.08,7.74
6998,8.19,8.23,7.64,4.96,3.38,2.2,0.57,4.83
6999,5.62,7.08,7.53,2.05,6.85,1.75,3.24,5.88
7000,6.43,4.87,3.4,8.71,5.35,3.81,2.72,4.71
7001,0.86,10.07,2.65,7.97,5.21,6.56,5.58,1.1
7002,3.78,9.26,1.25,1.95,9.49,8.76,4.76,0.75
7003,3.19,9.57,0.47,6.02,7.99,6.45,3.58,2.73
7004,8.74,5.85,2.14,0.73,2.05,8.85,9.61,2.03
7005,5.56,9.26,1.7,5.29,4.4,1.9,1.12,10.77
7006,6.73,3.84,7.91,8.22,3.85,4.51,1.01,3.93
7007,4.53,4.25,7.69,2.74,9.09,7.46,2.45,1.79
7008,3.64,5.71,1.28,7.62,2.57,6.34,6.44,6.4
7009,3.06,4.42,9.95,7.84,2.65,3.62,6.49,1.97
7010,5.01,3.3,10.44,3.4,8.77,4.75,1.98,2.35
7011,8.88,7.89,3.61,2.28,6.44,7.05,3.33,0.52
7012,5.65,1.7,8.1,8.11,4.95,7.04,0.26,4.19
7013,4.13,1.43,9.32,2.74,10.04,7.81,2.94,1.59
7014,5.82,4.89,9.4,5.06,6.23,5.2,1.23,2.17
7015,3.21,6.7,3.61,3.91,8.92,3.12,9.21,1.32
7016,2.74,9.06,2.12,3.35,4.3,9.27,7.09,2.07
7017,3.83,1.94,5.71,5.29,1.4,7.72,10.73,3.38
7018,6.47,8.85,5.1,5.96,3.19,3.53,6.33,0.57
7019,8.63,1.83,2.32,7.9,6.02,4.89,6.74,1.67
7020,0.95,1.44,11.19,10.36,1.34,3.69,8.08,2.95
7021,3.4,5.91,3.23,4.79,0.97,14.36,6.7,0.64
7022,9.8,5.41,6.34,1.44,6.63,2.2,3.13,5.05
7023,2.64,1.44,5.5,0.98,1.98,3.54,14.09,9.83
7024,8.76,6.07,3.16,3.01,1.05,8.8,1.02,8.13
7025,3.46,10.17,7.8,4.55,6.5,0.53,4.3,2.69
7026,2.88,1.17,8.79,10.22,3.9,3.69,7.48,1.87
7027,2.51,9.8,5.56,4.16,5.97,6.12,3.93,1.95
7028,9.02,6.6,7.99,4.34,1.87,2.62,3.5,4.06
7029,6.6,4.17,5.95,5.53,4.78,4.25,0.74,7.98
7030,3.56,5.19,7.64,3.74,9.68,1.81,0.97,7.41
7031,5.77,3.43,1.1,1.09,2.93,2.16,11.87,11.65
7032,2.03,1.86,4.61,2.09,10.32,7.05,11.42,0.62
7033,8.22,6.54,5.55,1.5,3.23,9.35,5.11,0.5
7034,2.66,9.16,1.85,5.79,7.78,7.04,1.66,4.06
7035,8.02,2.79,4.77,4.69,7.3,1.7,8.6,2.13
7036,6.88,1.21,9.12,7.99,4.07,5.82,0.82,4.09
7037,9.14,6.03,3.41,5.66,7.05,0.75,2.86,5.1
7038,3.6,3.12,1.2,6.85,9.8,5.44,7.78,2.21
7039,5.93,4.58,3.55,4.59,3.14,8.05,6.01,4.15
7040,3.97,2.15,5.12,9.76,4.38,8.77,3.67,2.18
7041,9.55,6.23,2.04,1.31,8.51,7.93,0.98,3.45
7042,6.37,4.04,4.74,5.13,9.03,3.0,1.87,5.82
7043,2.98,6.34,8.54,5.67,2.34,8.85,1.78,3.5
7044,2.23,6.23,8.11,8.72,3.48,6.01,4.19,1.03
7045,4.34,2.38,2.77,6.21,11.96,5.39,0.47,6.48
7046,9.03,2.88,6.7,3.1,4.58,2.27,1.97,9.47
7047,2.18,1.72,6.21,1.03,12.85,7.95,0.55,7.51
7048,7.22,7.13,6.42,5.3,2.1,2.1,2.46,7.27
7049,9.6,4.46,5.24,4.96,3.02,3.2,4.57,4.95
7050,8.02,6.58,2.01,7.24,1.07,6.24,6.11,2.73
7051,6.85,7.37,2.12,4.77,3.96,5.38,3.85,5.7
7052,5.04,7.83,2.76,5.41,2.42,4.8,8.33,3.41
7053,7.49,7.6,4.59,7.55,2.34,1.08,2.49,6.86
7054,4.97,1.04,5.58,6.08,5.5,5.18,3.72,7.93
7055,0.57,9.97,3.56,7.42,3.07,4.07,7.3,4.04
7056,6.91,8.15,6.9,5.09,1.18,3.1,8.61,0.06
7057,8.43,4.1,1.05,8.64,5.09,2.51,7.44,2.74
7058,6.36,2.73,5.64,6.85,7.59,0.96,5.13,4.74
7059,8.12,1.29,8.01,8.08,2.87,0.89,8.27,2.47
7060,9.85,6.53,4.56,0.51,1.02,11.07,2.44,4.02
7061,4.97,7.93,2.63,5.45,9.13,1.85,7.63,0.41
7062,3.22,3.9,5.9,2.34,1.62,8.52,11.51,2.99
7063,6.42,5.99,2.61,3.24,9.57,4.2,1.47,6.5
7064,1.93,2.07,0.87,9.93,11.48,3.75,6.11,3.86
7065,1.85,1.94,11.27,5.2,6.26,4.6,3.36,5.52
7066,4.74,2.48,9.76,0.6,5.42,6.09,7.65,3.26
7067,7.4,0.85,3.1,1.63,3.6,8.97,13.52,0.93
7068,7.2,8.6,3.59,7.51,3.39,3.14,4.94,1.63
7069,1.01,6.82,7.78,8.45,2.61,8.66,3.67,1.0
7070,4.63,6.44,4.72,8.53,5.8,4.0,3.83,2.05
7071,1.06,10.31,5.36,8.23,5.51,2.43,5.49,1.61
7072,4.1,9.23,2.22,6.47,1.18,6.2,7.9,2.7
7073,0.93,7.45,2.44,6.08,5.07,10.72,5.71,1.6
7074,5.23,8.98,5.98,3.13,0.82,3.97,4.37,7.52
7075,1.1,3.91,3.01,4.94,9.69,6.77,10.29,0.29
7076,6.18,2.3,4.46,2.65,4.94,5.85,9.16,4.46
7077,1.02,2.74,8.63,3.83,4.87,12.46,5.67,0.78
7078,0.97,6.38,8.04,5.29,9.36,2.81,4.15,3.0
7079,3.84,8.73,4.51,6.85,2.72,6.32,3.76,3.27
7080,7.78,4.31,6.65,3.59,8.36,3.18,1.71,4.42
7081,5.62,4.5,4.31,2.51,9.99,2.77,2.18,8.12
7082,3.49,7.88,8.01,4.94,1.5,6.38,1.99,5.81
7083,5.35,1.18,8.27,2.23,6.03,3.01,7.79,6.14
7084,4.54,6.16,8.15,5.13,3.29,3.63,2.67,6.43
7085,4.31,5.61,7.34,4.47,3.86,4.67,7.84,1.9
7086,0.98,6.26,3.48,4.69,7.43,7.46,8.95,0.75
7087,4.78,6.45,4.16,6.0,7.69,1.49,4.33,5.1
7088,2.07,6.98,1.33,1.74,2.13,4.07,11.15,10.53
7089,1.85,3.93,7.45,9.82,8.39,3.53,3.95,1.08
7090,7.48,1.3,7.34,1.25,8.33,9.26,1.66,3.38
7091,2.18,10.16,6.96,0.53,4.52,7.03,3.41,5.21
7092,6.61,6.77,8.78,2.89,6.43,3.96,1.03,3.53
7093,2.55,7.75,1.9,4.24,9.61,5.41,7.64,0.9
7094,6.24,6.13,6.13,4.23,8.55,4.47,0.75,3.5
7095,9.1,3.52,2.37,4.55,5.17,2.93,6.13,6.23
7096,7.1,2.3,8.08,6.92,2.41,0.56,3.55,9.08
7097,2.78,10.06,7.31,6.02,4.54,4.45,1.74,3.1
7098,9.61,8.04,5.18,5.55,4.35,1.98,2.5,2.79
7099,4.3,4.13,3.95,5.32,10.1,2.42,5.32,4.46
7100,9.1,6.68,5.48,3.91,5.64,3.62,2.73,2.84
7101,4.1,8.01,0.93,2.09,9.91,4.16,5.59,5.21
7102,0.6,5.78,9.16,5.04,3.28,10.17,4.0,1.97
7103,1.06,2.62,6.92,8.53,2.53,11.2,2.7,4.44
7104,5.64,6.71,7.52,7.94,5.12,4.47,2.54,0.06
7105,9.91,8.39,3.83,1.04,1.01,4.15,7.35,4.32
7106,8.69,7.92,3.15,7.63,5.99,0.55,1.0,5.07
7107,1.5,5.2,6.46,4.57,0.57,2.35,9.94,9.41
7108,6.2,3.13,2.97,6.45,9.46,3.59,3.97,4.23
7109,1.17,2.91,8.0,5.73,2.52,12.09,3.89,3.69
7110,2.64,0.72,8.95,0.97,9.73,2.03,4.72,10.24
7111,9.15,7.63,3.36,5.76,3.59,5.21,4.4,0.9
7112,8.43,3.53,4.82,6.21,1.56,2.9,12.48,0.07
7113,5.37,5.92,1.47,8.62,3.8,4.65,2.78,7.39
7114,5.4,3.15,9.06,1.21,8.98,2.84,5.76,3.6
7115,4.79,7.86,1.5,7.92,6.77,5.48,4.13,1.55
7116,1.47,3.2,11.34,5.21,8.36,5.68,4.06,0.68
7117,2.99,2.36,5.64,1.18,10.5,3.35,5.11,8.87
7118,9.58,8.24,2.22,6.85,2.98,5.62,3.88,0.63
7119,7.54,1.81,1.29,2.6,7.82,11.85,1.58,5.51
7120,9.02,6.06,7.86,5.16,5.19,1.72,0.27,4.72
7121,1.54,6.12,2.85,9.1,1.21,9.21,6.7,3.27
7122,7.02,7.25,7.27,5.23,4.7,2.21,0.68,5.64
7123,8.57,2.1,0.57,1.64,10.9,7.41,6.91,1.9
7124,8.6,7.2,7.54,2.97,5.33,3.48,0.28,4.6
7125,2.14,6.61,4.88,10.47,4.48,6.17,3.79,1.46
7126,3.31,8.04,4.18,8.39,5.81,1.37,7.11,1.79
7127,8.28,4.68,4.45,3.44,3.16,1.26,13.56,1.17
7128,2.44,6.8,7.14,2.88,7.62,3.8,0.9,8.42
7129,3.58,3.9,6.61,8.91,4.49,4.06,2.68,5.77
7130,1.21,8.3,8.67,5.6,7.56,0.65,2.96,5.05
7131,6.7,3.06,5.78,9.33,0.51,8.98,4.79,0.85
7132,1.2,3.82,5.94,9.76,4.87,8.99,3.24,2.18
7133,9.32,8.53,3.95,3.36,4.35,6.3,0.51,3.68
7134,8.88,2.39,5.79,3.69,9.23,4.23,5.5,0.29
7135,1.03,10.27,0.51,8.11,6.16,5.97,3.6,4.35
7136,8.72,1.82,9.66,3.97,7.39,4.48,3.33,0.63
7137,5.13,5.36,4.34,3.05,0.73,11.63,9.3,0.46
7138,8.9,7.63,4.58,6.75,2.87,2.23,2.78,4.26
7139,0.52,10.65,4.42,3.93,9.03,7.17,4.21,0.07
7140,9.67,2.51,5.86,8.01,1.72,3.18,6.34,2.71
7141,6.88,5.33,6.1,8.14,1.25,7.23,1.8,3.27
7142,3.7,4.18,6.34,9.16,5.54,2.04,1.91,7.13
7143,5.85,1.01,10.86,0.72,7.19,8.74,0.39,5.24
7144,3.74,3.55,7.04,1.8,11.64,1.13,6.97,4.13
7145,9.22,5.93,6.7,5.76,0.45,6.38,0.86,4.7
7146,5.77,3.0,10.17,1.64,3.88,3.27,8.62,3.65
7147,9.01,5.16,4.14,1.81,3.41,4.77,11.31,0.39
7148,4.79,0.82,10.54,6.58,3.06,7.55,1.78,4.88
7149,4.12,9.29,5.22,1.46,0.64,7.9,6.71,4.66
7150,5.91,4.87,9.28,6.09,3.34,0.37,8.17,1.97
7151,1.78,3.62,2.88,10.78,8.66,3.27,5.59,3.42
7152,2.89,9.61,8.52,7.49,3.01,1.13,6.18,1.17
7153,3.08,9.99,2.03,1.18,3.97,11.86,5.44,2.45
7154,3.2,5.15,9.8,7.09,2.04,6.26,5.93,0.53
7155,1.25,6.22,10.69,1.24,4.73,2.73,3.63,9.51
7156,9.51,4.98,7.88,5.09,1.11,4.07,3.04,4.32
7157,6.05,6.16,5.16,1.15,7.18,2.64,5.45,6.21
7158,6.2,8.38,6.03,1.56,2.56,9.49,2.2,3.58
7159,1.56,8.92,5.96,7.55,3.95,6.2,3.29,2.57
7160,4.23,1.13,2.79,4.09,5.83,6.07,13.29,2.57
7161,8.7,0.87,6.83,4.61,8.14,5.19,3.81,1.85
7162,4.58,0.52,9.79,1.4,11.73,4.32,5.66,2.0
7163,0.99,5.87,1.46,8.97,7.82,2.17,12.45,0.27
7164,2.57,4.67,10.18,5.76,7.29,1.59,0.68,7.26
7165,2.98,9.64,5.09,0.46,10.68,1.21,4.07,5.87
7166,6.98,5.94,1.14,7.39,5.05,2.23,10.97,0.3
7167,2.66,5.51,5.33,3.58,2.82,3.21,1.2,15.69
7168,1.38,2.82,5.44,5.71,9.65,5.4,6.07,3.53
7169,3.65,6.51,2.53,3.78,10.51,5.86,6.7,0.46
7170,7.84,4.35,8.1,0.43,1.37,11.71,3.81,2.39
7171,7.43,8.05,5.35,5.77,5.18,0.79,0.85,6.58
7172,5.36,3.35,3.97,10.26,2.35,8.75,1.14,4.82
7173,7.52,2.23,5.94,4.69,4.26,3.9,1.85,9.61
7174,1.76,6.05,5.28,2.53,4.19,3.1,1.7,15.39
7175,4.35,7.08,4.43,2.8,3.89,5.99,8.67,2.79
7176,8.4,7.71,6.86,3.29,5.59,0.57,1.73,5.85
7177,1.36,4.95,8.76,9.0,5.19,6.35,3.99,0.4
7178,3.89,9.91,8.25,4.56,5.41,3.3,2.51,2.17
7179,8.22,4.11,1.22,4.16,11.14,3.39,1.27,6.49
7180,7.1,0.55,4.75,10.81,4.39,6.66,3.72,2.02
7181,7.47,9.16,4.53,6.5,0.81,2.79,2.3,6.44
7182,8.51,2.7,2.59,4.32,3.72,1.68,11.85,4.63
7183,3.44,7.1,8.66,0.65,7.01,2.14,0.83,10.17
7184,2.91,7.71,2.35,2.32,4.09,11.82,0.75,8.05
7185,4.67,1.0,3.87,9.99,8.94,6.09,1.09,4.35
7186,2.5,2.44,5.92,6.02,4.55,7.53,7.06,3.98
7187,3.89,7.86,1.44,6.66,2.96,0.9,1.52,14.77
7188,7.59,6.54,7.39,4.08,6.27,1.03,4.24,2.86
7189,3.85,3.82,4.48,2.81,5.22,7.16,9.85,2.81
7190,1.31,10.46,6.32,8.57,1.53,3.37,1.99,6.45
7191,2.34,6.86,3.95,4.36,10.58,2.85,0.95,8.11
7192,0.77,5.56,5.06,0.87,8.14,11.27,6.24,2.09
7193,2.8,8.88,2.3,4.77,4.45,11.15,4.83,0.82
7194,2.07,10.21,8.94,6.36,1.78,1.88,8.33,0.43
7195,8.44,7.7,1.84,4.79,6.78,4.94,1.47,4.04
7196,1.79,6.89,6.66,9.06,1.25,3.77,8.51,2.07
7197,0.76,5.9,10.52,0.48,7.16,9.68,5.25,0.25
7198,8.53,7.2,6.7,5.14,5.7,4.0,2.58,0.15
7199,5.4,9.02,5.06,1.64,3.13,7.57,5.74,2.44
7200,1.23,8.14,3.72,1.7,10.83,9.57,3.3,1.51
7201,7.34,3.46,6.16,8.56,5.0,3.36,4.54,1.58
7202,6.85,8.77,1.68,4.24,3.01,0.9,14.51,0.04
7203,9.57,5.74,7.35,2.47,1.95,3.92,3.12,5.88
7204,8.89,2.61,0.86,2.87,4.81,6.49,4.92,8.55
7205,2.98,10.24,2.0,6.82,4.63,7.09,6.05,0.19
7206,9.56,4.45,3.2,1.3,7.91,6.2,3.81,3.57
7207,1.7,1.03,7.72,6.57,11.08,2.78,5.86,3.26
7208,8.51,5.03,2.87,5.65,2.33,1.99,4.82,8.8
7209,3.89,7.55,1.52,5.29,3.42,10.27,6.23,1.83
7210,8.82,0.97,4.12,1.21,10.18,0.67,8.8,5.23
7211,2.07,5.72,2.05,2.09,1.34,2.1,5.27,19.36
7212,5.91,6.04,8.47,7.5,4.82,4.26,1.57,1.43
7213,4.28,3.06,6.59,4.72,1.59,6.33,8.55,4.88
7214,8.35,1.84,4.03,3.27,5.0,5.49,4.44,7.58
7215,4.21,5.26,9.83,2.0,2.19,3.13,11.71,1.67
7216,7.53,4.8,4.02,2.5,2.14,0.77,7.16,11.08
7217,2.34,4.05,5.1,2.51,12.24,6.61,2.03,5.12
7218,4.74,8.39,3.62,3.02,6.48,1.29,0.94,11.52
7219,6.72,9.39,6.99,6.44,0.3,5.08,3.16,1.92
7220,9.52,8.68,4.76,2.67,5.77,5.59,2.45,0.56
7221,4.13,3.3,8.81,6.79,6.2,5.46,1.2,4.11
7222,4.13,3.83,5.62,5.19,1.47,8.54,2.56,8.66
7223,5.4,3.36,9.8,7.15,1.38,6.85,3.24,2.82
7224,2.37,3.13,0.75,7.69,3.16,3.01,3.46,16.43
7225,6.42,1.35,6.6,3.83,1.49,5.45,2.11,12.75
7226,9.17,4.9,1.89,1.02,0.8,12.75,2.98,6.49
7227,4.22,3.77,2.9,4.53,7.66,3.52,5.93,7.47
7228,5.77,5.51,1.91,9.17,5.3,4.75,6.93,0.66
7229,7.34,2.79,7.04,4.99,7.69,3.79,4.46,1.9
7230,7.53,7.28,7.64,6.06,2.64,0.74,1.81,6.3
7231,9.09,7.24,2.39,6.82,0.73,0.59,7.14,6.0
7232,8.81,3.63,5.31,6.3,5.04,6.02,2.3,2.59
7233,2.05,0.76,7.59,9.8,7.05,2.38,3.94,6.43
7234,0.74,7.19,3.93,2.26,12.71,6.02,4.03,3.12
7235,6.26,3.27,2.46,4.06,1.18,8.57,1.54,12.66
7236,1.11,0.68,0.73,5.27,7.43,12.88,6.73,5.17
7237,1.46,5.22,7.24,8.07,1.94,7.79,1.04,7.24
7238,5.41,2.62,3.03,5.59,2.29,4.46,11.53,5.07
7239,7.43,8.1,2.01,2.32,4.96,4.83,2.94,7.41
7240,2.4,1.82,9.36,2.25,6.11,10.67,4.08,3.31
7241,1.79,2.42,4.58,6.23,8.23,9.39,7.1,0.26
7242,5.09,3.42,3.72,4.61,4.26,6.58,6.98,5.34
7243,0.67,4.74,4.79,9.74,7.93,3.75,5.89,2.49
7244,1.64,8.54,7.89,2.22,1.27,10.32,2.08,6.04
7245,6.39,6.3,5.73,2.81,6.63,3.94,6.51,1.69
7246,3.16,4.93,2.63,7.91,5.81,9.53,0.88,5.15
7247,4.6,4.9,9.88,6.98,1.17,0.88,7.82,3.77
7248,8.6,1.93,0.6,4.53,11.94,4.25,3.34,4.81
7249,6.52,4.62,7.52,1.88,6.51,4.63,2.19,6.13
7250,4.25,3.02,3.12,0.81,1.68,16.0,0.85,10.27
7251,6.67,9.4,1.07,3.94,1.46,0.85,2.34,14.27
7252,9.07,3.08,5.93,0.46,9.38,3.01,6.18,2.89
7253,4.62,7.0,2.79,5.75,6.0,5.79,0.75,7.3
7254,3.73,3.84,10.26,7.4,0.39,1.49,8.67,4.22
7255,3.12,2.88,10.03,7.68,5.75,4.04,3.99,2.51
7256,5.32,9.77,4.91,4.19,4.3,7.58,1.5,2.43
7257,6.89,3.37,9.44,6.17,0.39,4.37,1.91,7.46
7258,3.06,4.29,5.12,3.28,4.71,6.82,7.11,5.61
7259,7.14,1.81,6.68,4.15,0.73,3.06,6.11,10.32
7260,7.55,3.15,3.73,2.31,5.99,2.09,2.18,13.0
7261,3.27,1.82,1.26,11.56,9.43,3.27,2.17,7.22
7262,8.28,3.17,4.52,8.88,6.93,3.33,0.79,4.1
7263,2.69,1.36,9.48,6.73,3.09,10.15,3.77,2.73
7264,0.96,8.12,3.94,0.6,10.79,5.55,5.55,4.49
7265,6.54,6.33,1.41,9.66,3.38,1.38,5.47,5.83
7266,6.74,8.25,1.89,8.57,5.07,4.95,2.49,2.04
7267,7.6,3.0,6.95,8.6,6.77,0.83,2.31,3.94
7268,2.96,9.06,3.92,7.4,3.48,6.38,6.37,0.43
7269,0.87,4.8,4.4,0.97,9.22,11.76,3.13,4.85
7270,6.8,9.38,3.77,6.85,4.49,2.35,4.8,1.56
7271,8.68,6.77,3.62,4.81,6.22,2.67,3.87,3.36
7272,7.99,3.21,3.49,4.01,2.76,4.44,2.61,11.49
7273,9.1,5.42,3.87,4.02,3.89,4.26,9.26,0.18
7274,7.66,7.7,4.72,6.62,5.74,1.11,5.99,0.46
7275,2.2,6.15,5.06,9.49,5.6,4.24,6.63,0.63
7276,0.71,1.62,10.24,8.19,4.72,6.66,1.27,6.59
7277,9.39,7.14,0.97,7.09,7.44,1.76,0.88,5.33
7278,3.63,5.93,8.85,5.48,7.87,3.88,3.58,0.78
7279,9.59,5.16,8.04,3.42,0.79,7.11,5.01,0.88
7280,2.5,3.06,9.22,6.33,7.36,3.78,1.75,6.0
7281,7.98,2.57,0.7,2.46,8.61,1.4,6.98,9.3
7282,9.42,2.75,6.79,5.06,1.19,5.44,2.51,6.84
7283,4.86,5.58,6.54,5.16,7.95,4.3,2.73,2.88
7284,4.57,6.14,9.24,5.21,1.19,3.7,1.87,8.08
7285,8.94,1.12,5.12,6.82,0.47,2.97,10.55,4.01
7286,8.41,4.86,4.4,0.69,5.3,3.71,6.44,6.19
7287,2.0,8.62,0.85,2.06,12.17,6.88,0.45,6.97
7288,3.09,5.43,3.34,3.98,8.43,5.57,7.22,2.94
7289,4.9,1.14,0.71,2.48,5.63,11.34,13.71,0.09
7290,5.67,1.42,5.29,5.46,3.62,6.65,10.01,1.88
7291,5.84,7.77,1.85,6.07,1.96,2.04,1.69,12.78
7292,1.87,9.79,3.73,5.46,3.35,5.84,4.41,5.55
7293,7.63,0.49,4.21,8.43,5.05,0.92,3.56,9.71
7294,0.86,9.46,0.93,1.92,5.55,9.57,10.14,1.57
7295,2.75,4.67,9.32,1.23,8.95,5.86,3.19,4.03
7296,5.35,5.89,3.22,9.39,5.47,5.36,4.33,0.99
7297,8.07,4.8,4.86,7.63,2.2,3.09,0.47,8.88
7298,2.75,1.63,4.0,8.27,6.53,5.46,6.45,4.91
7299,2.66,9.0,1.33,6.08,7.55,1.13,5.52,6.73
7300,2.52,6.92,7.02,9.39,3.79,0.45,1.28,8.63
7301,0.83,9.75,5.37,7.29,4.08,4.38,7.47,0.83
7302,8.41,1.9,5.33,2.32,2.37,8.22,0.84,10.61
7303,7.59,3.06,8.52,6.39,3.53,4.16,2.17,4.58
7304,9.12,0.88,4.35,2.65,7.81,3.66,11.36,0.17
7305,8.03,5.2,1.74,7.2,6.82,3.05,5.3,2.66
7306,4.59,6.88,7.98,0.96,2.44,9.53,7.49,0.13
7307,7.59,4.85,1.41,7.79,3.48,2.44,2.9,9.54
7308,2.26,1.28,11.2,9.74,3.63,3.32,7.44,1.13
7309,3.58,3.6,3.28,4.51,4.64,11.55,8.79,0.05
7310,0.6,6.5,1.48,4.15,2.86,2.93,6.55,14.93
7311,6.11,3.24,1.9,7.64,9.26,5.78,3.95,2.12
7312,1.06,7.43,9.02,8.98,3.85,0.79,4.81,4.06
7313,6.67,7.13,3.81,6.32,6.6,1.2,1.65,6.62
7314,6.91,8.29,6.24,4.97,1.1,4.24,3.04,5.21
7315,3.58,9.86,2.04,3.82,10.19,6.0,1.13,3.38
7316,4.86,6.77,2.24,4.97,0.83,10.86,5.94,3.53
7317,1.3,5.35,6.51,5.54,6.98,6.83,1.51,5.98
7318,9.48,1.91,9.52,2.97,5.52,6.15,1.61,2.84
7319,4.41,1.56,8.6,7.24,0.64,10.62,3.55,3.38
7320,1.47,3.88,6.09,9.01,2.14,11.56,1.35,4.5
7321,5.19,5.0,7.11,8.46,6.17,0.79,4.23,3.05
7322,6.98,5.6,7.06,2.19,9.06,0.9,4.02,4.19
7323,2.36,2.55,4.83,9.33,6.64,3.21,7.81,3.27
7324,5.19,8.7,0.65,10.04,3.1,3.27,1.93,7.12
7325,8.02,4.82,5.93,1.31,7.2,4.02,7.2,1.5
7326,9.13,3.86,4.49,2.63,0.52,12.11,4.17,3.09
7327,2.09,7.07,10.04,1.88,8.39,1.59,3.96,4.98
7328,0.99,2.22,5.35,10.95,6.63,3.88,9.21,0.77
7329,7.03,3.42,5.75,7.77,6.09,2.58,5.71,1.65
7330,8.09,8.08,4.51,0.83,5.13,1.13,11.77,0.46
7331,2.14,1.96,11.46,9.26,1.32,8.0,3.84,2.02
7332,5.85,1.45,3.78,10.56,8.81,3.57,3.65,2.33
7333,8.36,5.47,6.83,6.16,2.83,2.14,2.74,5.47
7334,8.11,7.07,8.05,5.11,1.48,1.5,1.33,7.35
7335,6.15,7.02,7.12,4.83,6.74,1.94,1.76,4.44
7336,8.43,5.43,7.11,1.74,1.88,4.09,8.44,2.88
7337,9.49,1.01,9.21,3.24,6.68,3.66,3.38,3.33
7338,4.92,4.43,1.45,4.25,9.88,1.58,9.44,4.05
7339,3.27,1.85,9.76,1.19,3.39,12.61,5.09,2.84
7340,1.67,7.81,9.68,5.64,2.13,3.9,6.65,2.52
7341,4.13,3.15,5.87,5.52,4.02,4.2,2.85,10.26
7342,3.13,3.43,4.56,1.48,8.55,7.4,3.23,8.22
7343,9.59,3.54,3.91,5.67,8.08,1.99,5.85,1.37
7344,2.76,2.99,4.7,5.52,1.63,3.92,12.46,6.02
7345,2.85,2.1,10.48,1.76,6.54,3.83,1.9,10.54
7346,4.95,0.73,8.82,8.81,4.51,2.52,7.61,2.05
7347,9.74,3.4,5.31,2.94,7.2,0.99,5.11,5.31
7348,5.25,2.55,3.75,5.66,4.49,6.44,5.11,6.75
7349,6.9,2.45,2.19,8.84,0.87,9.96,5.12,3.67
7350,7.12,4.61,3.41,1.46,2.26,10.02,3.6,7.52
7351,7.58,2.62,9.53,7.58,1.79,3.74,3.29,3.87
7352,2.99,7.84,5.4,0.98,5.97,8.75,7.17,0.9
7353,5.16,5.55,0.9,7.61,3.06,9.1,8.42,0.2
7354,1.31,5.02,1.87,3.58,2.99,8.16,4.25,12.82
7355,1.48,10.25,8.47,3.8,3.55,7.43,2.46,2.56
7356,7.16,8.93,7.97,0.86,6.53,4.2,1.38,2.97
7357,7.33,5.37,7.19,5.16,5.96,1.59,5.84,1.56
7358,1.86,2.53,5.06,9.05,2.06,11.98,1.15,6.31
7359,9.92,0.96,4.13,1.28,5.86,1.91,13.71,2.23
7360,4.6,1.08,1.59,5.82,1.92,11.4,9.16,4.43
7361,8.6,6.84,0.89,9.25,3.6,1.3,4.01,5.51
7362,8.85,6.96,5.83,1.37,4.05,7.3,0.45,5.19
7363,2.33,8.26,9.54,1.64,2.9,0.76,2.9,11.67
7364,6.11,1.97,2.65,10.76,2.95,4.29,5.95,5.32
7365,5.74,2.4,9.34,6.63,2.97,0.62,2.68,9.62
7366,2.55,1.17,3.99,5.19,13.48,2.34,7.33,3.95
7367,1.07,4.17,5.13,1.01,5.71,4.11,6.79,12.01
7368,7.58,4.23,3.49,7.22,4.97,7.1,5.04,0.37
7369,2.27,9.86,1.59,9.53,7.27,5.49,3.48,0.51
7370,9.47,7.4,5.62,6.46,4.66,4.18,0.94,1.27
7371,3.49,4.09,8.54,9.07,4.06,0.9,2.16,7.69
7372,2.3,1.99,3.15,1.22,12.23,6.75,3.53,8.83
7373,8.21,1.04,4.99,5.24,1.75,9.52,7.64,1.61
7374,0.83,5.7,9.85,8.6,4.61,6.84,2.01,1.56
7375,0.78,8.85,3.06,4.19,11.45,1.49,8.97,1.21
7376,5.76,5.79,3.89,4.11,8.32,6.91,0.79,4.43
7377,3.05,6.71,1.36,2.8,7.58,5.8,12.11,0.59
7378,6.55,2.64,1.73,11.04,0.51,11.28,1.22,5.03
7379,2.22,4.33,9.5,3.64,6.55,1.34,2.61,9.81
7380,3.29,2.53,5.05,7.56,5.16,7.55,4.37,4.49
7381,7.48,6.36,4.01,7.15,5.4,1.29,2.4,5.91
7382,5.53,8.79,3.11,6.93,4.37,2.99,2.47,5.81
7383,8.01,6.38,6.54,3.51,7.7,5.02,0.97,1.87
7384,8.33,1.65,6.0,9.36,6.65,3.5,4.36,0.15
7385,3.88,4.25,10.1,0.59,5.51,7.62,5.06,2.99
7386,0.99,9.58,0.88,9.09,5.81,8.57,3.51,1.57
7387,8.66,3.7,3.49,9.38,4.94,6.05,2.87,0.91
7388,3.8,2.59,6.73,9.82,1.19,0.63,7.64,7.6
7389,3.22,3.65,2.55,6.06,10.85,3.9,6.9,2.87
7390,8.11,3.29,9.02,4.06,4.97,1.59,8.83,0.13
7391,7.68,4.71,5.68,2.29,4.05,1.86,4.55,9.18
7392,6.47,8.58,7.35,3.98,4.17,4.65,3.0,1.8
7393,4.31,7.96,5.13,2.07,2.99,5.92,10.1,1.52
7394,9.73,1.59,2.67,8.17,1.6,3.64,11.7,0.9
7395,2.55,1.74,0.8,13.06,3.76,5.97,5.87,6.25
7396,4.28,7.36,7.23,2.27,2.77,5.67,5.12,5.3
7397,4.64,3.65,6.74,3.55,4.77,8.67,3.07,4.91
7398,6.88,2.0,6.68,7.29,3.82,2.32,2.08,8.93
7399,1.22,1.67,9.49,6.3,10.0,1.19,9.44,0.69
7400,4.68,2.18,3.11,6.25,8.99,8.07,4.07,2.65
7401,8.87,8.84,6.62,4.43,4.04,4.41,1.98,0.81
7402,7.43,3.19,6.79,1.95,3.8,0.94,8.64,7.26
7403,1.43,1.48,11.64,6.21,1.33,0.79,4.4,12.72
7404,8.84,0.99,4.3,9.2,4.72,4.99,6.07,0.89
7405,5.85,7.74,4.52,6.52,1.12,2.61,9.22,2.42
7406,9.13,4.47,0.83,8.31,3.03,9.14,1.3,3.79
7407,1.5,8.84,7.9,6.4,5.72,3.95,0.31,5.38
7408,1.48,8.86,7.41,8.76,3.72,4.19,2.87,2.71
7409,6.71,3.73,1.34,6.84,1.95,3.34,4.38,11.71
7410,5.64,9.01,4.4,3.91,7.25,2.09,3.68,4.02
7411,6.59,5.23,8.62,2.4,0.83,4.26,2.63,9.44
7412,3.72,3.52,10.41,4.28,3.14,1.31,10.38,3.24
7413,5.27,8.84,1.5,7.22,4.26,3.35,3.34,6.22
7414,3.87,4.95,3.65,4.64,5.34,6.13,7.77,3.65
7415,4.02,7.87,8.66,6.4,4.88,3.7,4.41,0.06
7416,1.03,9.75,4.91,9.45,4.05,3.96,2.48,4.37
7417,4.24,8.81,7.45,2.6,3.86,3.78,3.58,5.68
7418,9.18,6.92,5.38,2.6,1.88,6.6,6.81,0.63
7419,7.49,2.19,6.41,4.02,1.91,3.39,4.05,10.54
7420,5.74,4.22,2.3,8.88,1.54,2.66,5.35,9.31
7421,6.57,8.83,4.53,7.92,1.22,1.56,8.56,0.81
7422,4.35,9.44,7.87,6.22,3.51,0.44,5.04,3.13
7423,0.71,6.47,5.47,5.56,2.81,9.59,1.01,8.38
7424,4.24,2.42,5.78,9.28,7.3,3.5,6.81,0.67
7425,1.78,8.54,7.99,4.0,5.12,2.36,8.06,2.15
7426,8.66,2.52,9.49,3.44,3.95,5.52,2.91,3.51
7427,4.43,5.04,3.58,2.0,5.61,12.19,4.17,2.98
7428,1.56,7.4,1.58,11.44,3.12,9.68,1.24,3.98
7429,6.02,3.71,3.4,0.71,5.98,5.45,5.6,9.13
7430,3.6,6.94,2.24,9.31,1.25,5.83,7.99,2.84
7431,5.89,7.77,3.29,4.85,7.72,4.88,3.1,2.5
7432,2.91,0.96,6.93,10.44,1.19,9.64,4.32,3.61
7433,5.25,5.32,8.96,5.76,6.88,1.23,5.84,0.76
7434,1.32,1.09,6.79,2.28,9.8,9.07,2.57,7.08
7435,9.93,6.04,2.51,5.85,7.14,4.77,0.38,3.38
7436,7.59,9.24,0.85,0.59,1.66,10.59,7.43,2.05
7437,0.84,10.23,4.43,4.66,2.96,8.65,1.72,6.51
7438,6.14,1.25,4.59,5.22,8.13,1.45,7.29,5.93
7439,4.13,8.15,5.75,6.26,7.37,0.51,7.4,0.43
7440,4.32,2.91,4.46,6.12,7.65,7.12,6.5,0.92
7441,8.02,3.22,1.16,4.6,5.02,3.93,10.82,3.23
7442,9.74,1.0,6.29,8.49,3.84,1.45,8.25,0.94
7443,6.68,3.18,8.79,6.47,5.1,2.04,5.64,2.1
7444,4.17,9.62,7.15,5.62,5.68,3.0,1.58,3.18
7445,2.72,9.25,1.07,7.33,4.8,9.16,4.8,0.87
7446,7.76,8.32,3.67,4.79,0.72,6.63,5.67,2.44
7447,8.97,1.25,9.41,4.16,7.95,3.98,2.22,2.06
7448,5.97,8.57,7.35,1.54,0.79,8.18,0.72,6.88
7449,4.02,3.67,2.01,2.97,7.96,8.65,9.68,1.04
7450,6.9,9.17,4.26,4.95,5.25,1.46,0.92,7.09
7451,3.49,6.57,7.46,1.14,3.68,4.9,7.57,5.19
7452,7.72,3.82,6.48,7.19,7.21,3.25,0.39,3.94
7453,7.32,6.26,8.55,5.27,0.71,5.21,6.64,0.04
7454,3.42,2.65,0.6,6.33,7.6,8.57,2.65,8.18
7455,6.94,7.21,6.87,2.17,6.34,1.64,1.74,7.09
7456,0.69,7.84,7.65,6.42,8.14,1.72,1.84,5.7
7457,8.73,2.58,4.91,6.31,1.69,6.46,2.11,7.21
7458,7.43,7.74,6.79,3.69,1.01,5.52,0.77,7.05
7459,4.26,7.4,7.0,5.98,4.73,0.66,9.35,0.62
7460,5.35,7.7,6.64,3.6,5.23,4.28,3.07,4.13
7461,1.96,4.07,5.05,5.72,7.71,3.32,6.25,5.92
7462,1.91,4.11,6.69,4.72,2.66,6.92,1.94,11.05
7463,5.39,7.84,4.04,5.85,5.63,5.4,2.48,3.37
7464,9.46,7.39,4.64,3.06,7.33,5.31,1.22,1.59
7465,7.97,6.41,5.21,7.43,2.47,1.19,2.75,6.57
7466,0.68,9.77,9.5,1.89,7.96,6.58,1.62,2.0
7467,9.91,8.28,3.16,1.29,3.95,1.76,11.62,0.03
7468,4.82,5.07,8.04,6.66,1.54,0.88,1.56,11.43
7469,7.38,7.88,7.6,5.39,4.1,2.05,4.87,0.73
7470,1.68,3.77,2.26,6.12,7.45,9.28,3.76,5.68
7471,6.69,7.8,4.14,4.05,8.25,4.41,3.55,1.11
7472,0.75,4.95,2.81,7.88,5.94,8.14,4.69,4.84
7473,7.2,8.35,2.33,1.89,6.91,5.58,6.6,1.14
7474,2.94,10.58,6.34,7.6,4.87,2.11,3.18,2.38
7475,5.38,9.44,1.07,7.46,3.75,1.82,10.71,0.37
7476,3.97,1.48,0.61,2.85,12.38,10.65,3.76,4.3
7477,8.85,2.38,5.33,7.35,7.64,4.97,0.92,2.56
7478,0.93,6.4,9.52,8.94,5.06,5.81,3.21,0.13
7479,5.65,1.59,2.22,11.88,2.03,3.01,13.22,0.4
7480,7.48,5.75,1.93,3.86,6.14,2.86,7.68,4.3
7481,9.79,4.24,7.09,2.35,7.13,3.59,2.35,3.46
7482,1.22,3.55,4.39,4.9,0.94,15.06,9.78,0.16
7483,8.07,2.59,4.2,5.07,8.29,6.35,4.7,0.73
7484,6.78,8.7,1.14,3.91,8.47,5.43,3.77,1.8
7485,7.74,8.68,4.41,6.66,1.02,2.47,3.93,5.09
7486,5.96,5.48,6.12,0.45,7.09,8.74,5.24,0.92
7487,8.74,2.05,3.16,4.32,2.99,2.77,11.23,4.74
7488,2.46,7.59,7.26,2.87,1.2,9.46,1.38,7.78
7489,4.58,7.16,6.42,2.41,2.96,3.19,9.26,4.02
7490,1.39,8.88,1.79,10.0,0.74,5.62,9.28,2.3
7491,4.51,5.26,8.96,4.26,3.49,0.95,4.69,7.88
7492,9.91,5.6,3.62,3.22,0.6,5.93,7.45,3.67
7493,1.03,10.52,3.73,8.17,0.6,4.6,8.2,3.15
7494,9.95,4.49,0.75,6.61,2.62,9.83,0.7,5.05
7495,3.61,7.55,4.64,6.76,2.48,7.17,5.37,2.42
7496,5.48,1.58,1.23,8.02,1.8,1.55,18.84,1.5
7497,2.48,7.99,9.57,1.16,5.15,6.63,5.3,1.72
7498,6.62,3.02,9.05,2.28,1.62,10.35,4.7,2.36
7499,2.95,10.09,2.68,6.95,6.04,5.49,3.34,2.46
7500,8.79,0.78,5.11,4.25,3.21,4.39,13.34,0.13
7501,1.95,1.26,10.09,8.6,0.84,11.15,3.56,2.55
7502,4.5,8.38,3.39,2.72,5.41,5.22,3.74,6.64
7503,7.13,6.49,1.32,3.03,9.57,5.16,3.52,3.78
7504,5.97,9.08,4.82,5.96,1.44,2.18,2.39,8.16
7505,1.48,9.5,7.87,6.32,2.37,6.92,2.46,3.08
7506,2.83,1.11,5.57,1.35,7.14,12.49,4.98,4.53
7507,1.2,7.59,7.41,5.71,0.6,5.65,6.45,5.39
7508,1.3,0.82,12.32,9.39,6.74,3.82,2.56,3.05
7509,5.78,4.76,9.55,3.58,0.63,5.23,3.65,6.82
7510,9.94,7.46,6.48,3.41,4.7,3.12,2.61,2.28
7511,6.91,7.76,2.13,6.1,8.05,3.81,3.37,1.87
7512,8.33,7.19,0.73,1.06,3.43,11.31,1.28,6.67
7513,2.19,3.4,7.7,3.46,5.91,5.39,5.37,6.58
7514,4.72,9.62,0.74,4.91,8.62,0.72,2.93,7.74
7515,2.59,5.56,9.03,2.17,0.96,12.53,3.12,4.04
7516,3.17,7.49,8.89,6.85,6.13,4.78,2.59,0.1
7517,6.59,4.36,5.71,5.34,7.2,6.39,4.01,0.4
7518,9.12,1.53,1.91,6.49,8.05,4.96,0.97,6.97
7519,0.78,6.54,10.7,0.67,8.28,6.17,4.11,2.75
7520,1.52,1.92,5.74,4.26,9.84,10.48,2.21,4.03
7521,4.55,7.34,5.86,5.07,0.53,1.18,11.35,4.12
7522,5.01,1.6,3.63,5.52,5.64,7.07,10.24,1.29
7523,4.03,7.65,4.97,7.86,5.28,3.39,4.95,1.87
7524,3.37,8.71,2.6,4.85,4.89,6.94,4.44,4.2
7525,3.0,1.2,8.86,4.43,3.12,12.86,6.04,0.49
7526,9.82,8.09,6.47,2.64,0.58,6.38,1.03,4.99
7527,7.41,2.05,5.23,0.92,5.49,8.78,3.25,6.87
7528,0.9,7.13,0.63,7.95,3.84,10.07,7.65,1.83
7529,3.95,2.05,1.32,4.05,13.48,7.78,0.69,6.68
7530,4.89,6.27,7.82,2.35,3.08,4.27,11.12,0.2
7531,1.04,10.77,1.06,8.48,3.24,7.06,6.66,1.69
7532,5.24,1.82,1.47,3.92,3.36,8.24,6.47,9.48
7533,4.21,7.87,7.99,1.38,7.73,4.94,2.2,3.68
7534,8.54,6.81,7.89,0.76,6.78,4.18,1.9,3.14
7535,5.27,2.42,3.11,1.5,4.06,7.11,11.73,4.8
7536,6.13,4.92,9.44,2.64,7.95,0.62,1.66,6.64
7537,6.77,4.75,6.99,2.43,5.76,6.48,0.51,6.31
7538,0.92,7.73,10.22,1.84,7.68,6.91,2.33,2.37
7539,8.7,5.04,5.59,3.7,3.45,2.57,1.67,9.28
7540,5.67,6.41,9.1,7.19,2.56,3.54,2.85,2.68
7541,6.52,2.2,9.95,8.29,5.78,1.14,4.1,2.02
7542,4.6,9.86,6.91,2.28,5.74,4.88,4.43,1.3
7543,1.79,4.09,9.53,6.9,3.32,8.2,1.89,4.28
7544,8.37,2.59,8.19,2.07,3.67,4.22,9.55,1.34
7545,6.54,9.26,4.98,5.45,5.77,5.24,1.17,1.59
7546,6.28,2.67,10.22,7.04,3.88,1.14,5.45,3.32
7547,5.22,4.69,1.39,7.46,7.97,0.82,6.66,5.79
7548,3.45,2.1,4.07,8.94,7.63,6.18,5.76,1.87
7549,9.93,6.85,1.36,1.72,9.87,4.74,5.33,0.2
7550,2.21,5.24,9.77,4.32,3.9,9.23,1.14,4.19
7551,9.01,4.81,7.31,5.44,4.35,4.9,0.72,3.46
7552,4.09,4.79,4.14,6.78,8.79,0.43,5.3,5.68
7553,1.93,1.23,7.55,9.24,6.05,8.29,3.95,1.76
7554,4.67,0.93,7.03,4.61,0.99,3.94,8.5,9.33
7555,1.05,6.54,5.71,0.68,11.6,5.9,1.12,7.4
7556,6.81,8.97,5.31,1.01,5.19,6.69,4.11,1.91
7557,9.94,2.07,6.34,4.37,4.9,4.54,1.86,5.98
7558,1.16,2.52,8.54,10.64,8.11,3.67,0.47,4.89
7559,7.59,5.37,8.19,6.57,4.23,3.17,3.09,1.79
7560,7.27,8.9,1.44,7.72,5.32,5.29,1.89,2.17
7561,3.59,3.81,1.05,1.36,13.56,8.6,1.16,6.87
7562,2.52,6.48,7.72,8.19,5.57,2.46,5.65,1.41
7563,5.34,9.01,4.19,5.1,4.26,5.36,0.97,5.77
7564,8.1,7.42,2.21,3.82,5.89,4.99,7.35,0.22
7565,6.85,3.11,9.88,6.53,3.59,4.62,2.38,3.04
7566,8.11,6.31,5.03,7.99,3.03,5.96,2.01,1.56
7567,2.94,0.94,4.43,3.9,13.28,8.97,1.23,4.31
7568,2.61,9.44,3.39,3.71,6.62,5.91,2.33,5.99
7569,4.73,4.51,6.19,1.93,7.24,1.75,6.77,6.88
7570,6.01,9.14,2.4,0.68,1.18,2.57,12.29,5.73
7571,5.19,0.55,6.63,2.02,2.02,5.51,11.99,6.09
7572,6.47,1.16,4.9,3.52,2.22,9.65,3.71,8.37
7573,4.79,6.75,3.92,7.8,4.53,7.0,3.71,1.5
7574,5.82,1.48,9.97,0.49,5.68,3.65,11.42,1.49
7575,9.35,3.19,8.67,1.36,5.9,2.48,5.39,3.66
7576,1.75,5.07,4.99,4.37,8.7,3.59,11.19,0.34
7577,1.41,6.48,5.98,9.25,2.74,7.85,6.21,0.08
7578,5.15,8.76,8.61,6.34,3.15,2.32,0.48,5.19
7579,3.94,2.19,10.63,6.81,2.64,8.54,2.03,3.22
7580,2.7,1.62,8.68,6.29,7.89,0.52,8.49,3.81
7581,3.98,9.36,0.71,7.7,8.41,0.41,7.3,2.13
7582,1.23,10.18,8.56,5.85,2.43,2.68,3.94,5.13
7583,1.12,8.39,3.99,1.33,10.11,2.86,3.51,8.69
7584,5.53,4.31,1.23,2.92,10.81,2.1,8.4,4.7
7585,0.51,4.29,4.99,8.9,6.72,0.86,6.69,7.04
7586,3.51,6.67,7.3,5.55,2.97,7.04,3.22,3.74
7587,4.82,9.62,5.9,1.51,6.51,2.63,8.34,0.67
7588,3.38,9.73,7.23,7.61,0.39,1.28,5.06,5.32
7589,0.61,2.04,7.92,2.56,3.62,9.51,12.62,1.12
7590,3.68,9.72,7.05,6.1,5.33,5.03,0.25,2.84
7591,7.0,2.9,8.73,5.65,4.09,1.41,1.7,8.52
7592,3.99,7.97,4.86,8.93,5.87,2.2,5.7,0.48
7593,4.19,2.96,9.88,3.11,1.57,10.67,3.52,4.1
7594,1.31,4.84,5.52,2.13,10.54,9.46,0.82,5.38
7595,5.79,8.65,3.1,4.83,7.53,3.16,5.68,1.26
7596,6.48,5.68,7.84,3.01,2.88,4.83,0.69,8.59
7597,2.0,1.98,5.65,4.16,11.96,7.72,0.46,6.07
7598,7.89,5.09,8.13,0.85,1.6,10.4,4.21,1.83
7599,0.62,6.27,3.5,2.31,11.88,3.55,2.58,9.29
7600,7.01,2.96,6.21,4.57,1.06,3.8,11.99,2.4
7601,1.68,1.84,2.34,7.64,6.59,10.32,2.15,7.44
7602,8.12,1.52,7.95,7.19,7.26,3.33,3.28,1.35
7603,8.74,2.51,7.37,5.72,1.76,4.31,3.74,5.85
7604,5.87,8.3,5.85,7.51,5.55,0.45,4.0,2.47
7605,2.81,0.75,7.25,3.55,9.38,2.05,11.8,2.41
7606,3.76,1.57,5.61,7.28,3.88,4.63,8.71,4.56
7607,9.06,0.44,9.95,7.27,1.4,5.87,5.17,0.84
7608,7.17,3.57,1.01,10.33,8.85,1.84,3.08,4.15
7609,3.67,10.3,2.74,6.33,7.86,3.49,2.48,3.13
7610,9.37,4.48,5.77,1.61,0.72,9.66,1.38,7.01
7611,8.21,5.16,3.5,3.25,5.17,8.02,1.49,5.2
7612,3.59,0.57,8.34,7.79,6.1,8.64,1.93,3.04
7613,7.98,4.64,1.82,6.16,0.79,4.68,4.45,9.48
7614,4.23,8.76,2.33,3.92,1.85,3.18,11.95,3.78
7615,0.67,1.51,10.71,3.85,8.62,3.88,2.74,8.02
7616,2.11,7.88,0.9,4.36,3.31,4.28,3.03,14.13
7617,5.6,3.44,3.31,9.7,6.16,0.96,1.07,9.76
7618,6.23,6.08,7.13,2.32,2.64,6.89,6.52,2.19
7619,7.97,7.59,6.76,5.39,2.41,2.25,1.79,5.84
7620,2.57,1.27,9.34,6.31,0.88,3.53,15.41,0.69
7621,7.1,5.97,7.78,6.88,2.28,2.85,2.32,4.82
7622,6.32,7.02,6.36,7.23,4.53,1.33,5.08,2.13
7623,2.5,9.81,3.81,7.77,2.37,1.11,10.45,2.18
7624,6.01,3.18,1.89,4.85,3.11,11.53,8.63,0.8
7625,2.02,9.89,8.98,2.85,2.44,4.15,4.95,4.72
7626,4.22,9.44,2.74,5.28,3.24,6.21,4.22,4.65
7627,1.02,8.04,0.77,8.62,3.79,11.34,1.19,5.23
7628,0.69,5.96,9.84,0.93,7.89,2.3,3.7,8.69
7629,2.67,3.17,5.12,5.27,5.1,12.08,0.42,6.17
7630,6.55,1.56,8.15,5.19,1.76,10.18,1.49,5.12
7631,4.6,0.76,2.13,1.08,8.29,4.21,10.95,7.98
7632,8.98,8.37,1.52,5.13,3.85,4.53,2.56,5.06
7633,5.24,4.02,1.84,9.68,8.92,5.17,1.03,4.1
7634,5.0,6.04,9.27,6.75,2.06,0.78,1.36,8.74
7635,7.58,5.61,6.01,6.73,1.79,0.54,9.69,2.05
7636,4.52,6.83,7.39,1.09,3.4,6.48,8.65,1.64
7637,9.32,3.44,2.13,9.37,7.65,2.43,5.3,0.36
7638,7.11,7.09,3.12,6.64,5.71,3.22,6.81,0.3
7639,0.78,7.15,8.04,5.16,2.43,3.05,6.24,7.15
7640,7.46,5.97,6.32,0.76,8.2,1.86,4.36,5.07
7641,6.55,6.39,8.07,1.26,5.82,3.46,1.5,6.95
7642,1.74,9.97,2.53,6.73,1.38,4.12,2.72,10.81
7643,8.24,7.64,2.32,3.73,2.93,9.02,3.07,3.05
7644,3.03,5.52,9.12,8.43,2.14,7.2,3.88,0.68
7645,6.43,3.75,9.04,2.9,5.0,3.85,5.07,3.96
7646,5.93,0.55,4.43,3.25,12.34,6.64,0.91,5.95
7647,6.6,5.7,8.44,3.93,4.82,3.86,5.21,1.44
7648,2.33,5.2,4.74,4.8,7.29,2.13,12.36,1.15
7649,0.71,1.57,9.14,8.29,4.8,1.05,13.77,0.67
7650,2.42,8.43,8.66,4.69,5.55,1.78,6.42,2.05
7651,2.6,8.57,1.42,4.82,5.0,11.72,2.68,3.19
7652,2.28,3.39,8.7,4.07,6.01,8.44,6.09,1.02
7653,5.38,7.91,7.67,6.21,5.7,4.63,1.17,1.33
7654,1.87,9.6,2.15,8.0,2.18,5.5,4.35,6.35
7655,0.92,9.41,9.15,4.33,1.34,4.61,7.77,2.47
7656,1.53,10.43,2.47,7.0,7.15,1.91,6.15,3.36
7657,7.64,4.18,4.3,1.53,9.96,0.91,4.62,6.86
7658,2.19,2.36,8.23,8.23,6.0,5.2,0.87,6.92
7659,8.74,8.56,5.23,1.86,6.77,3.34,2.23,3.27
7660,0.64,5.51,10.11,4.78,5.89,3.29,9.39,0.39
7661,6.84,6.98,7.82,7.29,3.6,4.2,2.68,0.59
7662,0.75,3.22,3.92,5.26,5.69,3.61,12.63,4.92
7663,5.01,6.8,1.12,1.67,3.76,0.96,12.96,7.72
7664,8.84,8.8,1.02,1.46,6.29,2.84,1.93,8.82
7665,3.68,4.87,1.96,11.62,6.93,6.76,2.29,1.89
7666,8.48,8.67,2.89,4.38,4.89,1.27,9.1,0.32
7667,4.59,5.08,7.46,5.58,3.93,8.38,2.66,2.32
7668,9.56,5.95,7.42,4.96,1.23,4.81,2.98,3.09
7669,0.86,8.34,8.09,4.94,7.2,3.36,3.73,3.48
7670,7.37,6.4,3.51,5.88,6.42,5.24,3.02,2.16
7671,9.47,2.1,0.97,9.81,2.47,4.72,6.52,3.94
7672,2.82,4.69,9.58,5.12,7.38,4.24,1.81,4.36
7673,2.42,1.8,8.45,4.35,6.04,7.16,5.89,3.89
7674,2.46,7.01,5.16,6.36,9.21,5.29,3.36,1.15
7675,5.0,1.27,6.62,5.21,9.07,2.03,6.77,4.03
7676,6.84,6.95,8.17,5.89,2.22,3.54,5.57,0.82
7677,0.77,7.9,9.09,7.11,0.84,4.61,3.64,6.04
7678,8.23,1.39,4.54,9.5,2.59,5.64,2.83,5.28
7679,4.67,9.95,5.59,2.71,2.42,6.39,2.23,6.04
7680,7.45,5.62,6.04,1.64,5.0,4.25,1.43,8.57
7681,8.66,3.69,0.91,9.88,6.18,1.52,7.98,1.18
7682,6.36,6.21,3.97,2.32,7.54,6.3,1.01,6.29
7683,9.83,7.68,4.27,1.64,7.13,1.21,7.67,0.57
7684,9.87,4.69,3.54,2.06,5.35,3.71,3.01,7.77
7685,5.7,5.65,7.11,6.29,1.45,1.45,2.48,9.87
7686,2.67,5.85,2.58,4.88,7.57,9.17,6.12,1.16
7687,4.4,2.39,1.96,9.46,8.47,3.37,6.67,3.28
7688,3.07,2.44,0.77,3.55,11.07,1.39,9.74,7.97
7689,1.14,1.46,7.48,2.7,4.37,11.39,9.22,2.24
7690,9.35,3.41,4.39,4.23,0.63,11.75,3.95,2.29
7691,3.17,10.0,5.86,3.98,3.82,6.96,1.92,4.29
7692,5.07,4.43,7.2,9.09,5.2,5.06,2.22,1.73
7693,3.92,3.66,4.72,6.79,3.68,10.99,3.27,2.97
7694,5.68,8.87,3.84,1.89,7.39,1.86,8.83,1.64
7695,9.27,1.22,4.86,4.13,3.92,5.84,7.4,3.36
7696,8.17,4.46,7.7,2.21,5.99,2.92,3.92,4.63
7697,8.22,7.16,4.64,0.8,2.69,10.44,0.88,5.17
7698,4.9,3.92,2.85,10.67,7.84,2.41,0.62,6.79
7699,9.5,5.32,5.36,4.58,1.63,3.12,7.03,3.46
7700,4.37,3.95,1.88,9.56,9.11,5.72,4.29,1.12
7701,3.98,1.05,8.65,9.0,5.55,6.7,1.75,3.32
7702,7.49,5.5,9.0,5.47,0.76,7.49,2.61,1.68
7703,3.88,8.04,3.13,3.96,9.57,2.08,3.36,5.98
7704,7.59,2.49,8.4,6.91,2.54,7.12,1.36,3.59
7705,9.77,7.58,3.64,1.47,2.74,2.19,10.56,2.05
7706,4.76,3.59,0.81,5.07,4.53,8.87,10.08,2.29
7707,3.39,3.05,2.03,1.63,2.77,2.71,15.09,9.33
7708,2.17,6.3,1.52,3.01,10.01,2.62,11.47,2.9
7709,3.67,10.04,4.64,3.58,4.98,7.75,0.88,4.46
7710,8.8,2.19,2.61,6.7,8.14,4.14,2.66,4.76
7711,2.79,4.91,5.71,6.62,6.14,1.14,0.97,11.72
7712,6.06,6.54,8.96,1.28,6.63,4.79,3.39,2.35
7713,7.71,6.41,7.6,3.04,7.16,4.88,0.79,2.41
7714,9.16,7.46,5.41,4.06,1.21,2.93,4.29,5.48
7715,4.87,9.5,8.39,6.89,5.16,3.45,0.52,1.22
7716,2.61,3.49,2.33,5.67,4.12,9.21,4.19,8.38
7717,5.58,2.5,6.92,1.91,8.14,6.0,7.32,1.63
7718,9.05,7.64,3.82,1.02,3.06,1.89,5.06,8.46
7719,1.63,0.94,8.9,7.86,8.47,1.09,6.71,4.4
7720,4.76,7.39,7.13,5.38,0.89,0.8,7.2,6.45
7721,6.76,1.15,10.35,3.32,4.55,5.74,6.99,1.14
7722,5.64,2.53,10.39,3.06,8.57,1.57,3.91,4.33
7723,6.14,3.58,5.69,8.22,2.88,0.48,9.12,3.89
7724,0.84,4.84,4.82,2.56,8.91,6.98,3.46,7.59
7725,3.98,7.71,8.18,5.06,2.07,7.85,4.4,0.75
7726,9.12,7.69,7.1,0.51,1.32,5.36,6.42,2.48
7727,0.51,1.4,10.9,2.47,0.97,7.17,3.25,13.33
7728,4.92,8.18,4.05,8.01,0.64,4.11,6.94,3.15
7729,2.1,8.67,8.25,1.61,5.27,4.14,2.42,7.54
7730,0.99,5.77,6.13,8.42,1.47,4.91,7.98,4.33
7731,4.27,9.69,5.88,2.33,0.65,0.82,5.61,10.75
7732,1.98,5.73,6.19,10.08,4.8,5.68,4.52,1.02
7733,4.79,3.58,2.18,11.3,5.37,1.0,5.11,6.67
7734,4.69,9.19,1.49,3.93,7.78,3.14,9.08,0.7
7735,6.88,5.68,7.19,3.81,0.5,7.97,1.06,6.91
7736,2.88,4.62,2.33,11.38,2.64,9.74,4.02,2.39
7737,3.58,7.23,7.68,2.31,3.94,1.81,12.5,0.95
7738,1.78,5.34,10.84,1.87,7.22,4.75,7.33,0.87
7739,7.31,2.83,0.89,8.71,9.43,1.48,1.26,8.09
7740,8.19,2.15,4.0,5.13,9.09,6.82,3.68,0.94
7741,7.91,2.16,8.2,5.06,7.88,1.65,1.4,5.74
7742,4.56,0.97,5.72,7.99,9.27,7.16,1.21,3.12
7743,3.63,4.41,3.79,7.04,1.01,10.76,4.05,5.31
7744,4.89,7.87,8.62,4.22,4.63,0.84,5.82,3.11
7745,7.65,6.83,0.84,9.05,5.76,3.12,3.41,3.34
7746,2.86,2.95,3.85,8.03,7.19,4.56,5.41,5.15
7747,9.59,2.26,2.7,1.52,11.08,1.38,8.56,2.91
7748,6.1,7.79,7.47,6.02,1.99,0.6,7.68,2.35
7749,1.89,8.05,5.34,3.0,8.14,0.74,9.94,2.9
7750,4.76,8.89,3.18,7.96,2.34,7.31,0.9,4.66
7751,5.64,4.84,9.82,0.5,1.02,7.16,9.76,1.26
7752,2.91,9.1,4.61,7.17,2.45,7.82,5.69,0.25
7753,7.44,1.14,3.03,2.55,2.92,1.83,5.0,16.09
7754,6.25,9.48,5.09,5.09,5.65,4.23,0.43,3.78
7755,5.88,3.22,2.41,9.91,0.97,1.28,14.22,2.11
7756,5.65,0.93,7.64,9.57,6.14,1.78,1.77,6.52
7757,1.5,2.56,1.36,12.01,1.55,11.73,4.4,4.89
7758,7.62,1.09,7.4,4.59,1.51,4.04,4.39,9.36
7759,8.34,3.37,1.81,5.17,6.03,3.15,1.91,10.22
7760,4.67,2.35,9.16,6.12,8.23,3.5,3.34,2.63
7761,8.78,8.57,3.58,1.82,4.11,0.55,3.24,9.35
7762,8.47,3.64,5.25,0.59,2.25,12.01,4.84,2.95
7763,0.92,2.37,3.31,13.32,2.45,6.3,9.26,2.07
7764,3.65,5.66,5.58,9.04,5.85,3.88,3.31,3.03
7765,3.56,5.92,7.29,8.31,5.3,1.89,3.44,4.29
7766,3.8,6.02,6.08,7.04,1.95,4.01,10.08,1.02
7767,8.92,3.86,6.36,0.75,6.32,4.37,1.57,7.85
7768,1.71,1.91,3.08,0.8,9.54,6.18,15.89,0.89
7769,2.72,10.57,6.33,0.44,9.79,5.14,4.96,0.05
7770,2.33,1.48,6.13,7.94,6.82,8.6,5.39,1.31
7771,9.74,6.45,2.84,3.23,5.47,4.6,7.15,0.52
7772,5.59,3.75,10.16,7.55,3.63,1.47,7.37,0.48
7773,3.77,5.75,2.32,5.62,10.24,1.4,3.32,7.58
7774,6.08,1.71,5.22,3.92,7.79,4.62,9.31,1.35
7775,7.56,2.0,1.52,0.82,1.95,6.61,4.19,15.35
7776,7.04,7.06,7.68,6.64,1.4,6.1,3.09,0.99
7777,7.36,4.92,0.75,9.12,6.8,2.26,3.16,5.63
7778,3.82,5.37,8.18,5.77,3.98,7.8,1.45,3.63
7779,9.72,4.08,1.31,9.17,6.56,4.5,4.4,0.26
7780,4.57,8.56,3.32,5.33,1.66,0.64,15.66,0.26
7781,4.97,3.38,10.09,7.24,5.7,1.23,1.86,5.53
7782,1.43,6.52,6.72,2.93,6.27,1.59,11.4,3.14
7783,7.2,8.41,3.63,2.12,2.39,5.45,8.75,2.05
7784,1.79,6.73,2.0,11.6,1.87,10.6,1.57,3.84
7785,3.99,4.81,1.57,8.58,2.11,6.64,7.41,4.89
7786,7.45,1.06,3.43,7.29,3.33,1.12,8.75,7.57
7787,3.33,8.82,6.48,4.67,1.21,5.59,1.14,8.76
7788,6.66,5.31,9.09,1.66,0.73,7.86,8.64,0.05
7789,8.53,6.21,7.13,4.81,0.47,2.91,4.26,5.68
7790,6.72,1.74,9.72,8.69,6.29,2.44,1.06,3.34
7791,1.48,4.54,4.22,11.9,2.25,5.13,9.08,1.4
7792,3.3,9.1,2.28,6.99,4.38,1.63,12.0,0.32
7793,3.71,4.67,1.04,7.59,2.47,3.87,15.81,0.84
7794,8.12,1.08,5.88,7.27,4.56,2.97,3.48,6.64
7795,1.63,6.03,6.93,2.97,2.9,9.05,9.13,1.36
7796,5.53,1.4,0.58,9.91,2.92,12.43,6.75,0.48
7797,2.69,10.3,1.52,1.79,6.88,1.06,11.81,3.95
7798,8.18,6.65,2.67,6.45,2.79,8.79,1.82,2.65
7799,9.49,7.71,7.28,0.94,2.54,3.7,7.77,0.57
7800,9.09,2.37,9.08,1.12,8.16,6.59,0.43,3.16
7801,5.74,4.99,8.09,0.74,10.05,5.45,1.68,3.26
7802,3.94,4.71,4.31,3.09,1.61,8.61,8.01,5.72
7803,9.77,2.28,0.73,5.69,2.48,4.37,3.52,11.16
7804,2.34,4.82,7.44,1.66,5.59,3.25,8.88,6.02
7805,9.4,6.01,0.62,1.0,10.1,2.09,9.35,1.43
7806,5.76,3.08,0.82,8.56,1.77,9.75,4.74,5.52
7807,7.45,6.19,4.45,4.63,1.07,4.66,1.53,10.02
7808,6.57,8.12,3.21,2.85,8.94,3.86,0.38,6.07
7809,9.48,6.24,6.71,5.49,0.52,6.71,2.49,2.36
7810,3.0,8.01,8.83,3.25,4.59,2.07,7.02,3.23
7811,6.55,2.57,3.6,2.25,10.5,4.08,1.11,9.34
7812,3.66,8.29,4.03,8.13,2.9,2.38,0.7,9.91
7813,6.76,8.91,4.21,4.78,6.09,3.47,0.57,5.21
7814,3.76,7.22,3.51,4.56,8.03,8.58,2.15,2.19
7815,4.3,6.2,4.72,8.58,3.1,5.91,2.89,4.3
7816,9.6,4.45,4.24,8.46,3.49,2.11,6.87,0.78
7817,1.28,5.59,7.12,3.98,10.56,4.2,6.92,0.35
7818,5.82,5.47,0.73,10.97,6.04,5.92,1.66,3.39
7819,4.09,3.37,5.73,8.31,2.35,9.84,5.54,0.77
7820,7.4,6.5,2.18,3.3,6.05,5.2,1.97,7.4
7821,6.22,8.65,8.07,6.58,4.32,1.92,1.93,2.31
7822,8.56,7.47,3.93,3.32,0.89,5.23,5.11,5.49
7823,7.68,6.19,5.48,3.79,4.52,4.5,2.76,5.08
7824,1.14,1.83,10.64,3.8,7.22,4.59,9.03,1.75
7825,2.5,5.29,7.03,1.15,8.75,2.92,1.8,10.56
7826,0.89,0.63,5.18,12.25,5.32,0.81,6.22,8.7
7827,7.5,2.42,5.52,4.51,7.14,1.51,5.03,6.37
7828,0.63,5.32,8.1,4.93,8.3,4.06,5.18,3.48
7829,8.03,2.84,5.4,7.07,7.2,1.73,5.42,2.31
7830,3.84,1.74,7.43,3.21,1.7,4.88,9.26,7.94
7831,2.01,2.5,4.47,11.44,7.52,5.73,5.17,1.16
7832,3.13,2.11,8.82,6.02,3.86,3.82,9.37,2.87
7833,3.11,5.1,3.15,7.97,2.41,11.4,5.14,1.72
7834,6.06,6.17,9.24,2.7,2.16,5.24,7.41,1.02
7835,5.43,7.65,4.56,1.89,9.47,1.79,8.42,0.79
7836,2.08,4.38,2.85,8.72,4.0,9.81,7.13,1.03
7837,3.48,2.51,2.32,2.81,14.39,5.43,1.68,7.38
7838,9.97,1.57,1.22,2.03,7.66,1.8,4.7,11.05
7839,8.8,2.42,8.13,2.09,5.11,4.53,1.04,7.88
7840,5.7,8.43,0.97,8.28,7.71,4.01,4.59,0.31
7841,7.62,8.84,6.5,1.86,2.9,1.98,0.65,9.65
7842,6.43,1.39,8.14,8.39,5.38,5.93,2.42,1.92
7843,6.43,5.87,4.97,2.04,2.1,7.64,6.81,4.14
7844,3.52,7.67,7.92,1.05,9.78,1.67,1.2,7.19
7845,2.96,2.1,8.82,6.62,8.4,4.23,1.55,5.32
7846,4.92,2.1,10.11,8.79,3.43,1.43,0.83,8.39
7847,0.87,9.83,6.47,5.59,1.17,5.9,9.13,1.04
7848,2.5,4.74,1.04,6.01,3.53,1.03,6.19,14.96
7849,0.79,8.0,8.61,4.6,2.93,9.26,5.74,0.07
7850,7.28,9.27,0.78,6.79,7.21,1.07,1.34,6.26
7851,1.83,0.77,8.75,4.08,7.65,0.67,2.6,13.65
7852,4.0,0.67,10.12,8.29,5.04,5.4,5.59,0.89
7853,2.96,7.09,8.12,6.89,1.68,2.3,8.9,2.06
7854,9.72,3.46,7.52,5.75,3.3,5.01,3.42,1.82
7855,3.88,6.89,7.27,0.55,3.21,7.54,7.22,3.44
7856,4.64,6.27,2.79,9.35,7.87,0.53,2.99,5.56
7857,1.38,2.22,1.9,7.56,6.12,13.3,2.85,4.67
7858,3.66,5.94,2.24,10.78,7.88,2.49,5.25,1.76
7859,4.91,7.68,4.86,3.93,8.88,0.91,4.1,4.73
7860,5.39,9.29,3.51,3.19,6.86,0.52,11.04,0.2
7861,9.42,5.41,5.19,0.4,6.76,3.17,2.54,7.11
7862,3.96,2.07,2.49,10.03,5.73,2.86,3.83,9.03
7863,6.16,5.34,7.66,4.55,3.03,3.6,2.42,7.24
7864,8.33,6.07,7.56,6.73,0.53,4.57,2.46,3.75
7865,7.13,3.73,8.37,3.83,7.87,2.19,1.71,5.17
7866,1.32,9.88,4.81,3.43,1.38,7.4,11.28,0.5
7867,1.74,3.7,5.67,1.13,12.52,4.14,5.35,5.75
7868,5.04,7.9,8.16,4.71,3.17,5.04,3.56,2.42
7869,1.01,3.67,11.73,9.08,1.51,3.68,1.32,8.0
7870,9.17,7.81,2.15,2.09,8.53,0.65,7.99,1.61
7871,3.45,4.66,1.82,9.04,6.53,4.17,1.24,9.09
7872,2.98,4.26,0.61,9.41,7.18,7.4,2.64,5.52
7873,0.77,6.8,6.99,5.38,7.29,2.8,8.9,1.07
7874,5.92,5.31,3.94,2.2,11.16,3.85,4.88,2.74
7875,0.81,6.98,3.29,5.28,3.09,4.25,3.03,13.27
7876,7.32,6.31,1.42,0.81,11.21,0.81,8.85,3.27
7877,3.21,3.71,7.63,5.27,9.75,3.4,1.3,5.73
7878,4.85,2.59,0.58,3.93,13.17,7.33,2.99,4.56
7879,7.03,8.92,2.52,4.44,0.51,2.48,10.65,3.45
7880,4.2,8.83,8.27,3.14,1.83,7.41,5.89,0.43
7881,5.86,8.08,6.11,2.13,6.02,0.47,11.29,0.04
7882,7.27,2.31,2.17,9.14,5.48,1.36,10.43,1.84
7883,7.94,3.85,1.28,4.93,7.52,5.95,1.57,6.96
7884,9.63,2.73,4.09,7.64,2.63,4.67,1.83,6.78
7885,9.12,8.68,5.68,4.23,6.08,0.74,2.27,3.2
7886,3.25,9.78,3.64,7.88,1.01,7.48,2.3,4.66
7887,8.91,1.5,1.38,10.44,3.15,4.43,10.02,0.17
7888,7.26,3.66,3.46,9.14,3.33,7.54,4.49,1.12
7889,9.44,5.56,2.09,7.19,0.41,5.39,6.92,3.0
7890,3.55,8.56,2.59,5.25,8.76,1.38,5.83,4.08
7891,2.26,2.52,9.06,7.64,3.3,9.85,3.39,1.98
7892,5.77,4.79,7.17,5.47,0.9,4.1,6.97,4.83
7893,7.0,9.18,2.7,2.21,7.13,3.81,3.9,4.07
7894,1.93,10.73,1.09,5.91,5.63,4.81,1.62,8.28
7895,7.64,1.06,4.05,5.16,9.97,4.55,0.66,6.91
7896,9.33,5.8,2.56,8.22,6.48,3.96,2.51,1.14
7897,8.08,6.5,3.75,4.34,6.45,3.38,5.2,2.3
7898,7.6,4.2,9.21,4.03,5.59,5.62,2.06,1.69
7899,3.77,4.71,1.44,5.07,3.5,7.31,11.05,3.15
7900,7.21,4.32,4.8,7.14,4.59,6.9,3.88,1.16
7901,7.03,4.05,0.73,6.75,4.94,6.56,3.43,6.51
7902,6.35,4.07,8.16,5.68,1.32,8.53,1.46,4.43
7903,3.16,2.84,3.98,11.04,7.55,2.77,3.62,5.04
7904,6.63,7.55,2.22,4.3,2.11,8.63,6.64,1.92
7905,5.53,3.97,1.98,7.41,0.71,10.41,6.88,3.11
7906,4.91,4.22,10.19,2.01,5.46,2.06,4.83,6.32
7907,9.89,3.94,4.28,4.62,5.54,2.96,4.0,4.77
7908,6.01,2.46,6.57,0.65,1.68,1.93,16.74,3.96
7909,8.74,1.81,3.57,2.35,1.33,0.91,4.94,16.35
7910,1.62,2.65,10.55,2.98,8.96,0.72,9.64,2.88
7911,2.03,2.04,7.23,7.67,7.96,2.96,3.02,7.09
7912,7.75,8.4,0.88,8.71,5.99,3.3,4.93,0.04
7913,1.22,7.16,8.15,7.91,2.28,2.94,4.19,6.15
7914,2.82,6.84,4.0,7.07,7.21,6.13,5.76,0.17
7915,7.02,4.8,1.46,10.66,4.91,7.17,2.4,1.58
7916,0.77,1.23,7.36,10.03,8.52,6.27,1.26,4.56
7917,6.47,8.52,7.88,1.96,4.98,3.51,2.15,4.53
7918,7.48,2.43,8.47,7.62,2.21,6.39,1.38,4.02
7919,3.89,9.02,7.15,5.59,6.13,3.25,2.18,2.79
7920,6.4,9.37,7.43,1.41,5.09,5.67,2.87,1.76
7921,3.35,9.86,2.11,3.68,2.52,2.47,8.78,7.23
7922,2.12,3.09,4.45,7.17,10.94,4.54,6.27,1.42
7923,6.87,2.43,9.55,4.9,3.09,0.74,2.97,9.45
7924,7.27,8.14,2.72,7.72,6.77,1.15,3.1,3.13
7925,3.3,4.93,4.71,6.84,9.6,0.9,6.05,3.67
7926,6.57,3.27,0.83,4.8,6.61,5.66,2.27,9.99
7927,1.01,8.69,4.83,2.66,2.59,6.21,12.17,1.84
7928,1.03,4.53,9.28,6.79,3.35,7.76,2.51,4.75
7929,3.41,0.6,1.41,4.41,7.41,10.77,10.16,1.83
7930,3.94,6.91,6.76,4.08,5.17,0.63,3.21,9.3
7931,4.12,9.16,3.68,3.67,5.33,2.0,2.08,9.96
7932,9.51,8.24,4.3,3.26,4.0,5.28,2.5,2.91
7933,1.95,6.42,8.59,4.52,6.69,7.69,2.96,1.18
7934,3.11,8.08,5.36,1.39,5.67,10.83,1.45,4.11
7935,3.22,10.19,3.85,5.61,0.89,2.48,5.17,8.59
7936,4.77,6.04,3.21,7.05,8.65,6.15,2.25,1.88
7937,0.65,5.73,4.21,6.53,6.88,1.89,12.67,1.44
7938,5.63,8.56,7.54,4.72,6.56,2.3,1.9,2.79
7939,1.78,3.04,6.65,7.64,4.43,2.95,2.26,11.25
7940,1.43,2.96,8.52,7.69,7.47,3.09,1.98,6.86
7941,3.57,5.0,4.32,0.82,4.83,10.4,7.24,3.82
7942,0.8,4.04,10.86,3.02,3.79,6.99,7.63,2.87
7943,1.64,7.49,5.1,2.15,6.45,2.68,9.81,4.68
7944,6.13,1.66,6.8,8.92,7.1,1.36,6.21,1.82
7945,1.16,10.45,0.79,2.14,6.92,9.61,7.84,1.09
7946,4.15,8.91,3.96,7.31,1.61,6.92,0.67,6.47
7947,7.98,8.55,4.24,1.73,3.2,5.72,1.42,7.16
7948,6.03,3.52,3.82,2.38,4.48,10.56,3.42,5.79
7949,1.9,6.96,9.97,6.66,3.85,5.42,3.49,1.75
7950,8.78,5.97,5.28,4.48,4.43,3.82,6.7,0.54
7951,5.74,3.51,7.23,7.46,0.55,9.13,2.44,3.94
7952,6.22,2.42,4.04,8.61,3.6,7.57,6.34,1.2
7953,7.87,3.5,5.76,4.21,0.54,9.78,4.58,3.76
7954,7.44,6.26,3.04,7.82,4.61,7.06,3.57,0.2
7955,4.31,5.71,3.84,9.13,0.53,9.91,5.13,1.44
7956,9.1,8.25,3.27,7.3,1.48,2.16,0.72,7.72
7957,2.83,5.25,6.09,5.77,5.67,0.72,1.29,12.38
7958,9.88,1.26,7.74,5.44,5.92,1.96,3.6,4.2
7959,9.02,8.05,1.42,7.15,1.59,0.79,11.02,0.96
7960,6.92,7.02,5.43,6.66,2.87,3.51,1.8,5.79
7961,9.6,2.4,7.1,7.6,0.6,5.54,5.8,1.36
7962,9.23,5.53,1.9,0.65,1.83,12.05,7.72,1.09
7963,8.04,2.32,3.11,1.11,10.41,9.56,2.99,2.46
7964,8.94,0.89,6.38,7.98,7.36,2.67,4.09,1.69
7965,7.55,8.53,4.68,1.67,0.46,2.27,0.85,13.99
7966,9.63,1.68,2.87,9.46,1.73,3.27,3.98,7.38
7967,1.86,2.25,3.93,3.73,10.73,1.2,14.41,1.89
7968,9.01,7.5,5.8,6.61,1.79,0.68,2.59,6.02
7969,9.57,4.52,3.79,2.8,3.78,6.12,6.08,3.34
7970,2.06,9.11,3.35,10.09,6.39,3.65,5.19,0.16
7971,9.92,2.15,1.56,2.41,11.3,6.16,4.93,1.57
7972,8.47,8.61,5.4,5.76,3.2,1.82,5.63,1.11
7973,9.97,7.69,1.83,3.25,8.42,5.34,1.25,2.25
7974,3.72,1.36,11.49,5.45,6.72,5.96,3.72,1.58
7975,0.9,7.88,9.2,0.76,4.46,9.25,0.79,6.76
7976,1.16,5.31,2.67,7.51,8.56,9.49,1.88,3.42
7977,5.65,6.02,5.82,4.28,4.78,6.53,0.47,6.45
7978,3.45,4.39,8.49,7.49,7.32,1.0,6.82,1.04
7979,2.06,3.05,0.9,2.77,12.1,6.78,12.19,0.15
7980,5.54,8.23,6.88,5.89,0.4,2.12,10.9,0.04
7981,7.32,7.14,4.6,5.77,2.67,7.9,3.59,1.01
7982,7.74,1.86,2.14,5.36,2.6,11.82,2.85,5.63
7983,9.97,3.49,3.0,3.22,6.23,4.52,2.23,7.34
7984,7.44,2.97,1.28,10.42,2.12,8.14,4.67,2.96
7985,1.04,1.79,7.37,4.16,3.26,3.78,13.59,5.01
7986,0.87,6.66,6.75,6.61,2.12,3.72,3.13,10.14
7987,0.78,3.64,6.23,7.95,2.46,5.91,3.34,9.69
7988,4.91,2.48,3.7,1.85,1.73,3.42,14.14,7.77
7989,8.22,2.88,5.51,6.95,2.76,7.7,2.8,3.18
7990,4.56,1.02,7.2,8.43,8.78,2.27,3.87,3.87
7991,2.86,6.02,5.06,8.3,6.34,3.31,4.53,3.58
7992,0.62,4.03,5.26,9.3,2.42,5.79,10.16,2.42
7993,3.13,4.57,8.57,0.8,4.99,10.57,1.96,5.41
7994,4.11,4.06,3.82,10.62,7.58,0.8,5.55,3.46
7995,6.34,3.58,8.97,2.57,0.68,9.37,6.39,2.1
7996,9.8,4.36,3.23,2.33,9.02,3.92,0.47,6.87
7997,4.63,8.67,2.28,4.93,9.45,4.37,3.38,2.29
7998,7.77,7.58,1.98,5.31,2.4,1.32,3.04,10.6
7999,7.71,3.55,8.16,1.17,4.48,1.77,6.7,6.46
8000,9.95,0.98,3.35,4.76,7.43,4.73,0.59,8.21
8001,1.0,0.59,6.04,9.23,8.75,7.69,3.71,2.99
8002,8.79,7.07,3.77,2.26,4.77,8.81,3.06,1.47
8003,2.34,9.41,5.86,5.4,0.5,7.14,7.04,2.31
8004,1.04,5.97,3.95,2.29,5.78,7.2,2.32,11.45
8005,3.92,0.68,2.08,10.12,7.61,2.8,5.17,7.62
8006,5.67,2.03,7.12,5.56,1.27,11.21,1.6,5.54
8007,6.82,2.88,2.82,7.03,9.37,1.47,1.06,8.55
8008,3.76,2.93,5.17,6.76,6.43,9.46,0.31,5.18
8009,0.89,5.17,6.12,6.43,5.74,9.33,3.16,3.16
8010,8.11,7.03,2.65,2.86,6.27,4.16,3.01,5.91
8011,9.79,0.55,7.1,3.52,5.03,4.6,6.97,2.44
8012,7.69,6.6,1.71,9.4,1.38,7.64,1.43,4.15
8013,9.81,7.85,5.73,3.02,6.23,2.7,1.59,3.07
8014,4.08,9.51,5.82,6.28,4.59,1.22,6.11,2.39
8015,9.59,0.94,8.12,6.28,0.97,1.86,10.58,1.66
8016,4.27,4.54,4.35,10.62,6.04,0.7,4.75,4.73
8017,3.14,9.28,8.74,4.89,2.74,6.99,2.84,1.38
8018,9.51,2.12,3.91,4.09,5.77,6.71,5.09,2.8
8019,3.07,8.96,9.21,0.91,4.04,2.39,4.39,7.03
8020,2.21,1.71,4.95,6.23,2.08,4.79,7.97,10.06
8021,4.11,9.88,7.87,2.74,1.64,4.03,3.55,6.18
8022,6.56,3.71,6.77,5.64,6.53,2.93,4.33,3.53
8023,9.84,8.16,7.12,4.79,4.46,2.17,2.96,0.5
8024,6.76,7.11,7.36,5.97,4.65,2.68,2.42,3.05
8025,9.08,5.39,3.07,2.67,8.25,5.1,4.37,2.07
8026,1.25,5.38,7.1,1.61,3.16,8.44,6.44,6.62
8027,9.75,3.36,8.52,2.93,3.6,3.06,3.61,5.17
8028,1.48,2.21,2.05,11.59,10.15,7.3,1.24,3.98
8029,7.6,4.62,1.43,3.98,8.73,5.38,7.7,0.56
8030,4.04,1.8,6.98,10.11,2.14,0.5,5.97,8.46
8031,2.99,4.91,4.02,9.29,8.38,5.77,0.45,4.19
8032,2.31,7.01,0.94,6.93,0.65,7.93,9.99,4.24
8033,2.85,7.77,8.98,7.95,5.6,4.0,1.34,1.51
8034,3.39,6.04,8.18,8.13,0.95,4.22,0.51,8.58
8035,5.35,6.22,3.23,3.12,1.89,10.15,1.97,8.07
8036,4.31,3.41,3.48,2.16,2.36,5.18,7.58,11.52
8037,2.49,5.26,0.62,1.33,12.27,11.58,4.24,2.21
8038,9.22,6.28,6.29,7.18,2.05,1.53,6.28,1.17
8039,3.32,2.14,7.12,4.24,7.85,9.25,4.14,1.94
8040,4.17,2.91,9.19,2.08,9.52,4.01,0.94,7.18
8041,4.93,6.1,9.33,7.69,2.52,6.12,0.5,2.81
8042,2.24,7.6,6.48,7.22,3.03,7.9,1.55,3.98
8043,1.9,10.38,1.33,2.73,9.94,6.36,2.1,5.26
8044,8.23,3.78,3.11,5.17,3.61,3.12,1.57,11.41
8045,7.45,5.15,7.45,4.52,2.7,0.8,5.04,6.89
8046,2.84,10.16,5.76,1.2,4.88,1.63,12.02,1.51
8047,7.1,5.35,8.22,1.19,1.88,10.62,3.9,1.74
8048,1.53,7.13,4.01,8.97,5.64,3.98,2.17,6.57
8049,4.33,7.33,5.62,4.1,4.68,3.47,9.61,0.86
8050,8.19,1.23,9.18,4.16,3.66,4.27,1.65,7.66
8051,3.52,3.12,8.66,0.69,6.84,5.5,10.38,1.29
8052,5.61,2.13,5.65,9.62,2.01,8.49,0.49,6.0
8053,8.86,6.83,2.21,3.68,5.71,2.3,1.3,9.11
8054,3.11,1.14,11.66,6.36,2.03,6.16,1.11,8.43
8055,6.87,8.49,2.27,1.6,7.95,3.45,5.54,3.83
8056,4.42,2.14,4.13,4.46,5.02,7.51,7.13,5.19
8057,8.12,3.58,1.06,8.09,0.57,8.58,0.86,9.14
8058,5.72,5.25,4.54,2.56,7.92,2.51,3.2,8.3
8059,0.94,1.45,11.0,8.48,8.33,3.08,0.54,6.18
8060,2.19,1.56,8.11,0.66,12.84,5.11,3.67,5.86
8061,7.19,3.01,0.63,3.46,10.77,4.33,2.69,7.92
8062,5.55,2.85,8.06,7.13,2.87,1.98,8.73,2.83
8063,8.64,2.01,2.57,9.72,3.02,5.94,7.78,0.32
8064,4.42,8.23,6.52,6.0,6.65,2.84,1.04,4.3
8065,3.55,5.75,8.09,6.3,3.55,3.02,3.64,6.1
8066,3.82,5.34,2.31,9.04,4.12,3.37,10.73,1.27
8067,0.91,9.02,7.84,6.38,6.53,0.66,1.69,6.97
8068,3.22,6.15,1.3,10.37,6.65,6.01,3.52,2.78
8069,8.07,6.78,2.02,3.44,4.14,5.62,8.5,1.43
8070,4.24,6.21,5.39,7.46,0.74,5.84,5.7,4.42
8071,1.97,3.78,3.85,0.84,14.38,9.97,3.59,1.62
8072,9.71,6.19,1.75,7.66,2.2,7.34,1.1,4.05
8073,1.91,3.51,6.79,10.73,1.08,8.96,6.3,0.72
8074,3.45,3.54,0.73,2.28,6.85,9.06,8.57,5.52
8075,6.35,0.61,9.24,6.03,3.85,6.41,7.24,0.27
8076,4.01,5.8,5.53,1.8,10.6,6.36,4.98,0.92
8077,7.95,8.74,2.86,3.94,6.91,5.5,3.1,1.0
8078,1.14,4.31,3.68,10.45,6.24,3.57,3.88,6.73
8079,5.09,4.74,3.59,9.24,5.46,1.63,4.62,5.63
8080,2.47,9.28,2.76,8.44,3.74,6.09,4.64,2.58
8081,9.09,2.1,5.64,9.03,4.03,1.49,6.4,2.22
8082,0.77,1.09,11.44,2.96,4.33,0.7,13.02,5.69
8083,8.98,8.8,5.23,1.19,6.29,3.69,3.23,2.59
8084,4.52,4.31,10.36,3.55,4.91,3.16,1.97,7.22
8085,2.46,0.78,4.06,7.9,11.29,4.3,8.71,0.5
8086,9.9,3.16,1.96,4.81,6.71,7.51,4.71,1.24
8087,9.73,6.72,2.3,7.82,0.75,7.89,1.8,2.99
8088,3.68,5.52,5.1,5.72,9.82,6.7,1.52,1.94
8089,5.02,7.5,5.42,4.64,0.88,1.92,1.18,13.44
8090,0.66,1.69,9.18,0.92,3.3,10.89,2.38,10.98
8091,2.34,2.95,0.69,6.51,9.57,6.11,10.03,1.8
8092,9.56,2.96,3.58,2.32,4.71,10.31,0.4,6.16
8093,7.61,5.75,4.76,6.69,5.48,3.36,6.33,0.02
8094,8.8,7.47,2.09,2.03,3.54,5.14,6.76,4.17
8095,3.25,7.57,5.93,1.54,6.15,5.54,4.92,5.1
8096,3.76,8.65,8.08,0.64,4.1,6.97,7.65,0.15
8097,5.03,0.57,3.2,9.54,9.73,1.93,8.78,1.22
8098,0.84,5.04,3.33,11.61,3.91,1.56,1.69,12.02
8099,3.18,2.5,6.38,8.57,6.63,4.37,0.56,7.81
8100,7.41,7.97,1.59,0.98,8.94,6.19,4.78,2.14
8101,1.35,4.07,7.13,7.69,2.27,9.55,6.8,1.14
8102,6.24,5.74,7.94,2.56,5.17,5.51,2.35,4.49
8103,7.5,7.01,2.72,7.64,1.53,4.54,4.93,4.13
8104,5.07,3.82,7.52,9.43,4.59,3.15,4.54,1.88
8105,5.68,8.84,2.4,3.24,2.96,4.26,9.75,2.87
8106,1.66,1.16,12.38,4.55,4.56,7.55,5.87,2.27
8107,9.53,5.29,6.37,4.59,4.15,3.76,3.21,3.1
8108,7.9,8.36,4.91,5.67,2.35,4.67,1.23,4.91
8109,9.54,2.47,7.76,4.65,2.9,7.97,2.38,2.33
8110,2.0,4.67,1.22,9.54,8.19,2.22,1.35,10.81
8111,6.84,5.26,0.69,6.41,3.93,1.23,2.7,12.94
8112,6.37,7.12,2.74,1.06,1.78,3.38,5.75,11.8
8113,5.62,0.5,3.92,11.76,5.13,1.47,1.75,9.85
8114,4.29,6.05,5.67,4.7,9.22,2.28,5.99,1.8
8115,7.23,1.17,10.47,4.23,5.36,3.41,3.86,4.27
8116,2.75,2.94,9.32,7.52,4.43,7.8,2.01,3.23
8117,7.57,5.07,2.38,2.48,7.42,3.68,6.09,5.31
8118,2.58,7.69,3.47,7.19,8.44,1.18,1.05,8.4
8119,2.52,9.64,7.21,6.62,1.51,7.37,0.76,4.37
8120,3.11,7.2,9.12,7.65,2.74,0.37,1.89,7.92
8121,1.67,10.53,4.22,8.31,6.31,3.64,0.63,4.69
8122,7.6,4.17,3.68,1.53,0.98,5.04,11.48,5.52
8123,8.45,9.0,5.42,5.52,5.48,0.27,4.92,0.94
8124,2.29,7.7,4.94,6.41,1.82,2.72,5.54,8.58
8125,3.5,5.19,9.44,3.97,5.76,2.79,6.15,3.2
8126,4.95,6.26,4.61,8.56,5.35,3.93,2.24,4.1
8127,1.6,0.63,8.02,6.11,9.49,1.96,3.95,8.24
8128,8.94,3.43,7.51,6.51,0.82,4.1,4.72,3.97
8129,4.08,4.44,7.19,8.68,1.6,7.87,0.94,5.2
8130,3.86,1.68,0.62,13.05,7.43,7.71,1.58,4.07
8131,6.21,0.81,10.63,8.48,3.8,1.02,3.3,5.75
8132,4.6,8.31,3.72,9.11,0.61,5.6,2.28,5.77
8133,3.63,5.72,4.81,2.44,4.58,3.21,14.71,0.9
8134,7.03,7.75,1.8,4.98,2.66,6.4,1.66,7.72
8135,4.79,6.24,9.44,1.58,6.02,3.55,7.16,1.22
8136,9.23,2.21,2.43,1.24,6.0,10.75,2.76,5.38
8137,1.33,0.7,10.31,3.17,3.23,9.92,5.21,6.13
8138,8.02,4.42,3.33,3.99,0.61,4.09,1.71,13.83
8139,1.36,8.44,9.04,7.9,2.45,0.49,1.57,8.75
8140,3.68,6.93,9.51,7.06,3.54,3.98,2.01,3.29
8141,2.97,5.56,4.9,8.72,4.48,4.76,2.62,5.99
8142,6.38,2.22,2.05,5.37,3.19,13.42,6.79,0.58
8143,7.55,6.46,3.04,2.69,5.38,9.89,0.37,4.62
8144,4.67,8.3,5.34,8.52,6.32,1.02,3.84,1.99
8145,1.52,1.81,2.56,8.62,11.2,2.82,2.54,8.93
8146,5.44,3.15,3.64,1.66,1.02,14.65,9.34,1.1
8147,2.36,2.45,0.92,1.8,6.53,11.8,6.57,7.57
8148,5.72,4.97,1.88,2.8,3.55,3.85,12.31,4.92
8149,4.36,3.51,0.58,8.39,3.41,10.0,9.72,0.03
8150,7.58,5.92,6.84,6.95,5.02,3.93,1.89,1.87
8151,0.96,4.71,3.38,1.88,3.0,16.46,7.68,1.93
8152,7.49,5.89,6.12,7.36,2.59,6.65,2.08,1.82
8153,8.19,6.11,2.36,8.1,6.94,4.39,2.04,1.87
8154,5.83,3.96,2.77,2.29,3.63,11.4,1.94,8.18
8155,8.53,7.91,3.94,4.86,6.19,2.19,5.07,1.31
8156,7.59,8.46,0.67,6.03,3.89,5.02,6.76,1.58
8157,0.71,7.79,5.16,4.88,6.3,4.44,7.13,3.59
8158,7.17,5.38,0.75,2.59,1.33,7.88,6.53,8.37
8159,8.09,7.93,5.88,7.24,0.81,1.09,1.44,7.52
8160,3.08,4.02,2.51,7.89,6.49,4.25,8.2,3.56
8161,5.73,1.76,9.91,2.73,4.62,0.68,8.11,6.46
8162,9.19,3.42,2.55,0.64,11.46,4.41,3.16,5.17
8163,9.42,1.46,7.01,8.42,2.63,0.92,5.34,4.8
8164,4.27,8.69,7.06,5.69,5.49,5.24,3.34,0.22
8165,5.97,4.73,5.99,1.01,10.65,7.14,0.61,3.9
8166,5.02,2.81,6.25,4.11,9.08,2.14,6.16,4.43
8167,3.39,6.79,3.05,6.67,6.36,3.22,5.26,5.26
8168,9.17,3.69,1.56,2.64,6.12,10.03,3.06,3.73
8169,3.33,6.31,2.2,7.05,4.62,4.26,9.85,2.38
8170,8.35,2.8,7.27,1.32,8.57,3.94,2.71,5.04
8171,4.22,4.27,3.37,5.95,9.5,7.7,4.96,0.03
8172,6.38,7.55,7.29,5.75,6.04,0.48,1.19,5.32
8173,2.0,6.67,6.8,1.86,6.05,10.51,3.7,2.41
8174,0.93,0.58,10.75,1.14,7.51,10.26,0.69,8.14
8175,8.13,5.48,2.77,5.74,7.67,6.21,2.92,1.08
8176,7.27,7.74,1.15,2.71,5.06,1.85,5.49,8.73
8177,3.38,2.46,6.06,1.32,9.21,9.06,7.78,0.73
8178,6.34,6.93,7.96,2.14,4.72,6.29,5.37,0.25
8179,3.47,8.64,4.47,8.97,5.74,4.07,3.28,1.36
8180,9.57,0.95,8.54,7.68,4.03,5.48,0.79,2.96
8181,7.83,6.02,6.02,6.29,5.11,4.33,3.99,0.41
8182,3.98,4.23,3.62,4.57,3.13,4.98,10.63,4.86
8183,4.36,2.97,8.3,8.41,2.6,4.23,4.08,5.05
8184,5.41,5.73,2.37,5.56,1.02,11.27,8.24,0.4
8185,1.97,3.33,1.15,1.79,2.16,12.03,4.82,12.75
8186,1.25,9.5,4.66,3.21,7.94,1.7,8.6,3.14
8187,8.8,8.36,1.26,0.9,9.76,3.15,2.75,5.02
8188,1.57,4.1,6.05,0.6,10.75,8.91,0.8,7.22
8189,7.48,4.62,0.77,6.4,1.8,2.03,12.98,3.92
8190,8.74,7.06,6.98,4.96,1.13,1.29,0.51,9.33
8191,5.29,0.52,3.67,4.93,5.93,5.51,9.33,4.82
8192,5.35,6.69,4.4,8.95,1.25,1.88,1.19,10.29
8193,4.94,7.39,1.25,8.43,6.0,3.63,5.11,3.25
8194,2.35,3.49,1.26,9.9,0.68,8.98,7.69,5.65
8195,8.53,4.15,8.85,3.78,1.36,3.12,8.25,1.96
8196,4.54,1.48,8.01,8.84,4.82,5.11,2.97,4.23
8197,5.24,3.95,1.98,0.66,4.31,11.13,4.37,8.36
8198,5.5,3.36,6.92,1.69,9.52,2.16,9.57,1.28
8199,3.15,9.97,1.28,0.71,1.42,15.5,4.63,3.34
8200,3.79,5.22,9.0,3.34,9.31,3.58,5.57,0.19
8201,9.62,6.6,3.1,6.17,1.59,4.45,7.96,0.51
8202,2.17,7.36,6.64,3.54,1.32,11.16,3.52,4.29
8203,4.55,9.67,8.17,2.1,7.59,1.71,5.31,0.9
8204,1.67,8.8,2.39,10.49,5.24,1.26,4.35,5.8
8205,4.69,0.59,4.78,7.6,5.99,0.56,13.3,2.49
8206,3.85,6.84,8.49,6.83,0.65,7.04,5.56,0.74
8207,8.43,2.21,9.55,6.5,1.93,5.99,1.68,3.71
8208,5.3,8.02,6.99,2.77,1.91,1.22,9.01,4.78
8209,1.87,10.23,8.12,0.59,8.4,6.4,3.92,0.47
8210,1.22,9.59,7.2,7.24,5.54,2.94,5.09,1.18
8211,2.31,1.43,10.31,3.11,1.85,8.09,8.39,4.51
8212,6.72,5.63,3.23,2.22,0.89,4.1,15.25,1.96
8213,9.03,5.04,1.09,1.17,2.57,11.49,7.04,2.57
8214,7.9,5.12,8.27,2.64,7.4,2.03,3.98,2.66
8215,5.19,3.0,7.53,4.26,4.37,9.99,3.95,1.71
8216,7.6,2.61,9.42,6.48,1.28,8.08,1.45,3.08
8217,6.08,7.79,6.9,1.3,8.61,2.92,3.94,2.46
8218,6.31,4.81,5.4,8.78,4.22,3.98,5.73,0.77
8219,8.85,7.73,3.05,7.8,2.32,6.45,1.49,2.31
8220,8.24,6.71,7.29,2.75,4.22,7.19,1.51,2.09
8221,0.83,4.43,8.83,5.07,3.31,9.51,4.52,3.5
8222,2.29,8.83,3.79,3.33,10.25,2.28,2.33,6.9
8223,9.69,3.52,1.16,0.93,8.92,1.28,5.14,9.36
8224,0.72,9.7,5.46,5.8,2.35,8.47,5.29,2.21
8225,4.35,7.23,6.2,2.03,9.29,1.31,3.96,5.63
8226,5.39,0.65,8.48,4.17,1.37,6.48,9.65,3.81
8227,9.05,5.9,6.35,6.76,5.29,1.98,1.83,2.84
8228,8.43,4.42,3.67,6.35,6.83,3.16,3.96,3.18
8229,5.88,7.16,4.13,3.78,8.8,0.92,3.89,5.44
8230,7.2,1.56,4.41,7.12,5.42,4.92,2.89,6.48
8231,9.89,0.72,2.63,2.73,7.64,3.39,8.08,4.92
8232,7.53,6.71,1.34,3.88,10.08,5.01,0.96,4.49
8233,8.65,5.39,8.46,2.9,5.9,0.55,4.0,4.15
8234,9.28,7.84,2.59,2.67,3.84,6.38,5.05,2.35
8235,4.57,2.98,2.55,6.55,5.83,7.04,4.97,5.51
8236,8.89,4.54,7.22,5.34,1.66,6.13,1.41,4.81
8237,0.98,0.97,9.47,1.99,10.96,10.12,0.86,4.65
8238,3.93,7.87,1.73,1.69,10.59,3.97,7.86,2.36
8239,3.91,4.45,8.46,8.76,0.91,7.91,1.61,3.99
8240,4.0,9.17,8.52,2.48,5.99,5.54,4.06,0.24
8241,9.09,3.8,2.23,0.68,7.31,8.63,2.42,5.84
8242,8.49,7.94,1.45,5.54,8.19,4.2,2.24,1.95
8243,3.31,3.58,8.87,1.51,2.15,4.13,8.95,7.5
8244,5.01,8.28,0.57,6.67,9.58,4.11,2.8,2.98
8245,9.65,6.94,2.18,3.74,5.52,3.59,3.53,4.85
8246,1.05,1.37,5.85,4.29,10.97,0.73,5.49,10.25
8247,1.13,7.98,6.94,7.03,1.57,2.54,9.32,3.49
8248,7.74,2.16,6.89,0.64,1.04,7.01,12.27,2.25
8249,4.28,8.2,5.54,7.66,0.69,7.93,5.44,0.26
8250,1.87,8.07,1.05,10.35,5.16,6.62,5.68,1.2
8251,2.14,7.31,1.77,9.42,6.9,0.65,6.66,5.15
8252,5.34,3.33,8.61,2.6,4.27,3.63,4.17,8.05
8253,8.16,8.63,1.55,4.3,5.17,6.98,1.38,3.83
8254,5.8,4.68,8.88,5.37,2.79,0.56,7.81,4.11
8255,4.13,4.73,9.07,3.34,7.68,1.88,8.84,0.33
8256,1.2,9.92,8.18,6.76,2.89,5.97,3.99,1.09
8257,0.58,2.1,3.69,8.16,4.78,12.86,5.82,2.01
8258,8.56,5.9,1.45,4.1,4.55,5.72,6.86,2.86
8259,7.5,2.96,9.19,7.45,3.12,5.04,4.05,0.69
8260,6.48,5.95,0.64,6.62,3.54,1.68,1.07,14.02
8261,8.44,0.97,4.18,8.52,5.44,7.02,1.3,4.13
8262,6.74,8.98,6.61,3.1,6.99,1.44,0.47,5.67
8263,6.84,8.01,8.02,0.98,2.9,8.43,0.97,3.85
8264,3.28,5.1,8.34,5.59,3.15,6.28,2.89,5.37
8265,7.85,2.08,9.82,0.95,1.4,5.22,3.67,9.01
8266,9.35,5.28,8.37,4.82,3.6,3.35,0.83,4.4
8267,3.61,2.53,9.71,2.26,9.65,1.63,0.76,9.85
8268,9.61,3.02,8.16,7.54,5.64,2.91,1.25,1.87
8269,2.59,7.17,7.7,7.88,7.07,5.05,1.11,1.43
8270,0.58,7.42,6.48,9.99,3.57,5.68,4.18,2.1
8271,9.99,5.82,5.78,4.53,1.29,5.55,4.81,2.23
8272,4.74,4.72,1.29,6.51,3.28,8.78,7.77,2.91
8273,1.34,5.09,10.01,5.99,6.17,5.1,5.71,0.59
8274,5.59,3.3,2.26,1.73,8.22,0.81,1.45,16.64
8275,2.49,0.89,9.26,9.0,7.06,2.72,3.1,5.48
8276,1.38,11.02,6.51,1.38,0.63,5.62,10.59,2.87
8277,2.06,2.44,3.22,5.15,6.32,3.68,11.18,5.95
8278,3.05,4.41,2.31,5.72,8.56,8.08,3.4,4.47
8279,3.55,5.54,1.7,0.7,7.28,2.98,4.35,13.9
8280,1.71,9.71,5.64,7.41,5.86,2.15,3.61,3.91
8281,2.45,4.13,0.69,8.89,8.06,6.89,1.77,7.12
8282,4.0,6.67,5.95,1.06,6.8,5.04,1.52,8.96
8283,8.06,6.7,6.05,4.63,6.14,0.86,3.23,4.33
8284,0.7,6.2,5.72,3.01,1.43,14.73,7.18,1.03
8285,0.59,8.37,7.59,4.65,3.15,1.77,10.14,3.74
8286,4.99,4.83,2.92,8.27,3.42,1.25,13.72,0.6
8287,6.93,3.4,6.27,5.13,8.84,2.75,3.98,2.7
8288,9.94,6.0,2.06,7.42,3.47,0.9,0.71,9.5
8289,2.37,9.17,1.18,1.48,2.35,14.53,7.71,1.21
8290,3.5,4.85,9.83,1.62,8.68,5.16,2.38,3.98
8291,2.92,6.66,6.81,8.6,4.81,4.12,4.57,1.51
8292,7.23,2.67,8.28,0.97,3.2,7.3,5.09,5.26
8293,7.47,5.42,6.49,6.41,2.6,1.59,6.31,3.71
8294,3.25,8.29,2.91,5.84,1.11,10.7,0.83,7.07
8295,3.52,8.05,5.01,7.87,5.9,1.26,2.5,5.89
8296,0.74,4.27,2.62,2.42,4.42,14.09,5.5,5.94
8297,1.0,5.19,1.18,7.63,10.66,4.91,5.38,4.05
8298,2.36,8.25,7.02,1.15,6.66,4.79,1.94,7.83
8299,3.56,1.21,1.02,9.8,1.01,12.61,9.64,1.15
8300,7.4,8.38,6.05,2.51,4.64,3.38,5.75,1.89
8301,9.25,5.11,5.54,5.37,4.47,2.61,5.62,2.03
8302,6.68,2.87,6.34,8.01,2.78,8.88,2.1,2.34
8303,2.03,5.93,6.19,2.62,8.64,2.17,12.05,0.37
8304,3.17,7.58,2.09,10.19,1.41,3.21,4.72,7.63
8305,1.97,2.37,7.99,5.91,6.84,4.31,7.03,3.58
8306,6.37,4.55,6.38,7.46,4.52,0.41,3.96,6.35
8307,1.59,9.75,8.56,7.83,1.33,5.45,1.52,3.97
8308,5.22,9.67,4.71,4.39,7.28,5.58,2.98,0.17
8309,3.84,7.08,5.48,4.27,4.77,7.22,0.45,6.89
8310,7.26,1.25,6.06,2.64,5.51,4.7,7.05,5.53
8311,5.92,4.32,8.54,0.69,8.36,4.26,5.71,2.2
8312,9.77,2.82,3.53,8.63,3.5,4.35,7.31,0.09
8313,5.03,5.42,7.79,7.96,3.5,4.53,3.99,1.78
8314,9.34,7.3,6.86,0.99,5.99,4.17,1.05,4.3
8315,2.71,7.74,0.58,5.25,9.13,8.73,2.5,3.36
8316,9.2,3.89,5.95,2.06,3.48,1.08,8.33,6.01
8317,3.95,0.68,5.75,2.54,9.17,3.07,7.92,6.92
8318,5.37,2.17,9.64,3.49,4.49,3.2,10.0,1.64
8319,2.1,8.37,7.74,6.88,2.75,4.29,1.37,6.5
8320,1.25,3.16,2.91,0.96,11.53,0.84,1.52,17.83
8321,4.64,9.84,1.43,8.0,3.79,4.96,7.14,0.2
8322,0.52,5.96,8.54,8.54,5.81,6.09,2.59,1.95
8323,1.22,5.26,7.36,1.48,7.88,7.24,3.98,5.58
8324,1.38,6.44,10.42,1.93,9.2,5.79,3.67,1.17
8325,0.88,6.24,5.44,7.59,9.35,1.04,1.18,8.28
8326,6.32,2.41,9.62,7.01,2.78,4.87,6.73,0.26
8327,7.53,5.03,3.21,2.13,2.38,4.01,6.1,9.61
8328,6.55,3.77,6.98,5.17,3.66,2.28,9.41,2.18
8329,4.68,7.64,7.95,2.84,0.69,7.1,1.12,7.98
8330,5.88,9.74,2.03,5.91,6.04,1.17,6.49,2.74
8331,3.0,4.12,2.04,8.64,7.91,9.41,3.61,1.27
8332,1.92,3.17,6.7,6.86,1.66,5.34,9.73,4.62
8333,1.87,2.92,11.32,5.9,3.05,2.75,1.89,10.3
8334,6.89,1.54,6.24,3.22,3.92,11.08,2.02,5.09
8335,1.06,7.64,8.28,6.49,4.35,2.96,8.92,0.3
8336,2.36,1.59,5.27,2.8,2.17,9.13,3.5,13.18
8337,5.62,6.64,2.1,5.23,2.62,4.43,10.7,2.66
8338,7.32,3.53,2.65,1.08,8.16,8.77,1.88,6.61
8339,6.67,5.72,5.04,5.22,2.08,5.0,6.27,4.0
8340,7.44,2.63,1.08,2.4,9.94,10.9,3.03,2.58
8341,3.14,10.43,3.37,8.22,2.37,4.45,6.25,1.77
8342,7.3,4.68,3.51,7.89,1.89,5.5,1.86,7.37
8343,5.8,5.66,0.49,6.7,6.12,7.48,1.86,5.89
8344,2.68,8.78,4.35,6.07,5.94,7.31,3.43,1.44
8345,4.89,8.17,8.64,5.6,3.98,4.62,1.26,2.84
8346,4.25,4.54,8.88,1.31,1.6,7.24,10.25,1.93
8347,2.33,9.34,2.71,1.26,9.38,7.31,1.16,6.51
8348,7.97,5.61,5.5,7.99,6.12,4.12,2.17,0.52
8349,9.85,4.93,3.69,3.43,4.99,4.98,5.26,2.87
8350,5.61,3.6,0.7,3.66,1.15,13.5,4.66,7.12
8351,9.08,3.77,1.16,3.67,2.91,10.72,0.98,7.71
8352,9.24,1.91,6.65,4.26,5.25,5.39,6.0,1.3
8353,9.14,7.68,2.96,2.42,2.56,4.16,8.96,2.12
8354,0.74,8.37,0.85,10.12,8.07,1.45,9.37,1.03
8355,2.69,3.42,1.55,4.76,6.27,13.44,1.19,6.68
8356,1.15,8.8,8.33,2.64,1.47,4.1,1.52,11.99
8357,0.63,2.35,11.45,5.7,8.56,6.48,1.4,3.43
8358,5.18,3.91,3.62,5.19,10.74,6.76,3.54,1.06
8359,2.61,5.86,2.8,10.24,4.89,8.27,4.58,0.75
8360,2.67,7.65,0.62,1.47,8.01,8.53,7.11,3.94
8361,4.69,4.63,2.22,9.15,4.05,7.82,2.11,5.33
8362,9.89,5.69,0.6,4.31,5.88,4.74,5.0,3.89
8363,3.88,7.22,2.17,2.65,6.54,11.43,0.37,5.74
8364,3.32,6.31,5.36,8.46,2.25,8.57,1.91,3.82
8365,6.36,8.8,2.2,7.59,0.89,9.24,3.96,0.96
8366,3.35,8.6,1.33,8.47,7.19,0.89,9.83,0.34
8367,8.34,1.95,2.01,5.98,2.55,2.65,9.7,6.82
8368,0.61,4.1,6.99,5.5,1.38,12.51,2.39,6.52
8369,9.06,8.76,1.26,3.18,1.1,9.16,7.41,0.07
8370,4.83,9.19,6.7,4.01,3.84,6.3,2.7,2.43
8371,1.46,1.03,3.19,1.11,5.24,13.86,12.57,1.54
8372,8.97,6.37,4.17,4.0,6.21,0.81,5.05,4.42
8373,5.66,3.34,4.03,10.41,5.87,4.36,0.41,5.92
8374,9.19,8.07,0.73,6.39,4.46,5.25,4.8,1.11
8375,5.57,8.52,3.15,8.49,3.92,4.03,3.76,2.56
8376,5.97,2.09,7.76,8.06,1.25,4.02,10.59,0.26
8377,6.92,3.67,1.73,8.76,7.43,6.2,4.53,0.76
8378,4.84,1.99,1.69,3.47,9.01,9.58,4.73,4.69
8379,3.68,7.77,2.55,6.42,3.34,0.66,8.77,6.81
8380,8.06,7.56,2.11,5.72,7.14,1.05,5.41,2.95
8381,6.24,1.84,5.22,10.09,5.64,6.84,0.75,3.38
8382,8.78,3.09,7.97,1.6,8.62,6.01,1.32,2.61
8383,7.71,2.7,6.92,2.84,7.6,3.1,6.41,2.72
8384,8.23,5.49,1.67,1.5,2.58,2.83,1.32,16.38
8385,0.97,10.13,2.84,0.9,2.62,6.64,13.26,2.64
8386,7.72,3.07,2.07,7.84,8.86,5.07,2.3,3.07
8387,5.28,7.38,6.03,8.31,1.32,1.48,3.42,6.78
8388,6.56,8.06,4.49,2.89,2.52,2.9,7.41,5.17
8389,7.43,8.61,0.9,5.02,0.98,5.26,5.91,5.89
8390,9.82,4.87,6.61,5.96,5.34,3.65,1.28,2.47
8391,9.78,3.86,1.94,6.46,5.43,5.78,2.89,3.86
8392,9.0,7.71,1.39,8.47,3.11,2.83,6.1,1.39
8393,8.84,1.53,2.02,10.17,6.74,6.45,3.8,0.45
8394,1.13,5.98,2.55,7.77,6.37,8.63,3.84,3.73
8395,1.21,5.61,9.8,7.27,6.7,5.38,3.43,0.6
8396,9.59,1.51,6.46,6.26,6.03,0.38,2.79,6.98
8397,5.41,9.07,1.6,1.87,8.09,1.59,2.78,9.59
8398,5.69,9.57,2.27,1.45,1.52,10.27,7.4,1.83
8399,2.74,1.83,10.36,3.71,9.56,2.93,8.74,0.13
8400,2.39,3.13,5.15,1.47,12.43,9.43,2.48,3.52
8401,3.34,4.33,2.63,5.58,5.32,9.51,6.99,2.3
8402,7.29,1.56,5.78,3.17,8.59,1.01,2.46,10.14
8403,1.84,1.49,4.57,4.71,6.02,5.59,2.7,13.08
8404,2.45,6.4,9.4,0.96,2.72,3.8,8.57,5.7
8405,9.24,4.89,6.24,1.92,6.6,3.35,6.97,0.79
8406,0.88,1.79,6.97,8.11,8.94,2.0,9.97,1.34
8407,1.17,3.97,1.85,6.69,1.68,2.87,10.14,11.63
8408,8.7,8.09,4.89,6.59,3.97,0.58,0.74,6.44
8409,6.87,0.67,10.63,6.88,4.81,6.25,3.31,0.58
8410,9.3,4.32,3.87,2.63,1.38,0.77,14.17,3.56
8411,9.51,5.77,7.79,0.92,5.3,5.76,2.09,2.86
8412,2.06,5.12,9.74,7.39,6.58,3.6,4.91,0.6
8413,7.11,7.25,5.53,4.24,6.81,4.39,2.77,1.9
8414,4.73,3.88,7.78,5.42,6.33,1.04,4.88,5.94
8415,7.86,9.01,5.85,3.35,3.47,6.62,1.86,1.98
8416,8.12,2.82,9.32,3.07,3.21,2.81,7.24,3.41
8417,8.38,7.33,6.49,3.68,3.97,1.59,8.17,0.39
8418,2.73,2.48,7.67,4.99,8.91,3.79,8.28,1.15
8419,6.91,6.98,5.33,5.9,4.29,6.59,0.81,3.19
8420,9.8,3.4,3.92,5.64,7.72,3.07,1.94,4.51
8421,5.95,7.26,8.38,1.9,7.89,1.52,6.16,0.94
8422,2.96,6.95,4.12,8.15,6.4,7.56,3.48,0.38
8423,3.14,9.88,2.32,6.56,3.74,7.76,2.36,4.24
8424,9.81,3.69,1.07,2.87,5.24,5.74,11.03,0.55
8425,9.85,3.48,4.89,8.71,2.72,3.15,2.8,4.4
8426,3.94,4.68,4.5,8.94,2.78,8.79,3.54,2.83
8427,6.96,1.05,3.88,5.17,4.84,4.66,4.85,8.59
8428,3.63,2.92,10.27,9.09,1.31,7.34,1.79,3.65
8429,3.57,2.99,8.95,7.27,6.76,6.8,3.18,0.48
8430,1.82,9.76,5.93,3.66,5.87,3.04,7.75,2.17
8431,5.31,2.17,1.73,8.5,10.92,5.09,3.6,2.68
8432,6.61,2.92,9.67,6.75,5.32,2.92,4.51,1.3
8433,2.33,8.78,8.07,6.7,6.26,2.96,2.39,2.51
8434,1.57,10.6,8.64,0.72,6.56,4.98,3.74,3.19
8435,4.22,4.22,8.16,8.55,1.97,2.71,0.62,9.55
8436,1.75,4.15,2.18,6.71,3.68,13.69,0.48,7.36
8437,5.7,8.69,1.36,4.54,6.96,7.29,0.45,5.01
8438,9.67,2.01,8.03,1.56,8.15,0.59,1.77,8.22
8439,6.38,6.28,3.61,7.54,6.22,6.26,2.04,1.67
8440,2.87,8.53,1.96,10.62,0.75,9.37,1.18,4.72
8441,7.73,4.91,2.26,2.33,10.16,1.24,7.97,3.4
8442,3.78,5.73,8.68,6.03,6.15,1.75,5.44,2.44
8443,7.94,2.2,7.84,5.75,1.23,3.0,3.04,9.0
8444,4.13,5.02,1.62,6.98,7.22,5.23,2.94,6.86
8445,5.36,1.24,3.92,7.16,4.48,9.49,1.95,6.4
8446,4.87,8.62,3.15,1.9,9.73,0.64,5.11,5.98
8447,9.83,7.47,2.02,1.11,5.19,2.39,9.17,2.82
8448,8.29,0.62,1.14,7.88,3.38,5.93,8.84,3.92
8449,8.18,3.65,3.16,7.41,7.33,3.99,2.73,3.55
8450,0.96,9.63,9.65,7.72,5.33,3.06,0.27,3.38
8451,7.1,7.42,1.11,6.29,3.21,1.55,7.7,5.62
8452,6.64,1.3,10.48,1.77,2.67,6.14,0.77,10.23
8453,2.61,6.1,5.9,1.56,6.29,5.06,8.22,4.26
8454,7.34,1.79,0.65,4.02,11.88,3.52,1.59,9.21
8455,8.48,4.84,3.47,6.43,6.95,4.01,3.33,2.49
8456,2.22,0.65,9.72,2.45,10.96,5.16,3.67,5.17
8457,3.07,9.81,7.86,6.19,5.88,3.39,2.86,0.94
8458,2.35,7.56,9.7,7.28,5.53,2.62,1.93,3.03
8459,2.92,9.85,1.56,3.02,8.87,7.53,0.5,5.75
8460,6.83,1.72,0.84,10.26,2.83,4.43,7.6,5.49
8461,5.29,8.01,8.78,4.49,1.88,1.2,2.52,7.83
8462,4.78,1.69,9.1,1.54,2.93,9.47,10.01,0.48
8463,9.3,5.98,7.43,1.91,4.76,5.87,3.1,1.65
8464,9.77,5.78,3.59,2.53,4.65,5.22,1.88,6.58
8465,4.1,0.7,8.13,2.78,11.32,3.31,1.98,7.68
8466,2.0,5.85,6.92,4.64,3.08,9.85,5.18,2.48
8467,6.68,0.79,2.01,11.48,8.54,1.64,0.49,8.37
8468,9.0,0.78,1.16,7.0,3.64,4.47,2.59,11.36
8469,1.32,2.35,6.16,1.73,12.89,3.73,4.1,7.72
8470,7.86,2.26,1.58,7.97,2.63,11.08,2.77,3.85
8471,6.94,8.52,3.61,5.54,6.71,0.91,4.14,3.63
8472,9.57,5.8,4.95,3.26,4.37,5.32,1.94,4.79
8473,3.07,5.16,5.69,2.63,6.35,0.77,4.43,11.9
8474,8.05,4.4,7.63,0.51,8.27,4.56,1.49,5.09
8475,5.07,6.09,3.58,6.18,8.63,6.77,0.45,3.23
8476,7.79,8.76,5.79,2.99,7.06,3.5,3.34,0.77
8477,4.52,2.67,2.19,11.96,3.31,1.9,11.34,2.11
8478,5.79,2.07,9.89,8.21,0.87,1.9,6.46,4.81
8479,2.4,5.74,2.71,2.17,2.2,8.74,4.77,11.27
8480,4.48,1.87,2.43,1.4,2.06,12.41,14.5,0.85
8481,7.84,5.03,2.16,6.92,6.3,4.07,3.73,3.95
8482,6.86,7.67,6.22,3.7,0.54,8.36,4.98,1.67
8483,0.56,7.89,5.22,3.49,10.34,7.5,2.27,2.73
8484,4.87,3.42,1.72,6.83,8.66,7.71,2.34,4.45
8485,3.91,8.23,2.89,4.81,8.96,3.42,7.77,0.01
8486,4.32,8.78,3.51,3.54,4.99,5.39,2.56,6.91
8487,7.08,3.62,6.32,3.33,5.99,5.48,2.71,5.47
8488,8.39,8.74,2.47,4.36,0.75,8.64,0.69,5.96
8489,2.18,7.74,1.62,7.01,10.48,2.83,7.64,0.5
8490,0.61,8.08,9.58,7.72,2.53,1.73,2.55,7.2
8491,7.43,2.18,9.04,2.04,5.22,8.19,4.78,1.12
8492,8.9,5.2,4.52,5.12,6.23,6.35,0.35,3.33
8493,4.52,4.19,3.93,5.69,7.97,1.45,4.95,7.3
8494,1.2,4.59,10.06,9.58,6.37,2.87,0.52,4.81
8495,5.58,1.88,1.21,1.07,1.2,15.98,1.16,11.92
8496,0.56,9.76,8.29,4.11,2.58,6.07,2.11,6.52
8497,6.36,1.93,4.17,1.83,10.6,10.05,1.68,3.38
8498,2.85,5.97,4.56,5.55,5.11,3.01,3.2,9.75
8499,6.56,5.53,7.68,4.27,5.26,2.72,2.32,5.66
8500,6.55,8.6,2.21,5.44,5.04,2.29,3.13,6.74
8501,6.29,8.39,2.83,6.73,4.09,2.67,5.21,3.79
8502,6.98,3.51,3.97,6.4,9.1,2.3,7.27,0.47
8503,2.04,2.46,4.34,9.82,7.23,2.12,1.27,10.72
8504,7.66,1.73,8.23,6.32,1.23,9.68,3.91,1.24
8505,0.74,9.15,9.68,2.13,3.34,9.02,1.83,4.11
8506,8.64,5.99,3.35,6.35,5.19,2.3,1.95,6.23
8507,4.94,8.13,2.15,5.73,0.62,5.27,6.47,6.69
8508,4.6,2.07,5.14,3.5,6.81,5.96,6.86,5.06
8509,6.59,4.19,2.55,5.25,6.76,7.29,1.24,6.13
8510,9.88,2.13,4.66,4.07,1.7,9.18,5.66,2.72
8511,3.0,4.82,5.74,9.19,7.09,6.45,0.59,3.12
8512,9.24,3.24,4.92,8.87,0.38,1.57,1.81,9.97
8513,1.24,3.11,11.37,3.94,0.76,1.88,1.47,16.23
8514,1.11,7.74,4.96,10.42,7.66,4.68,0.34,3.09
8515,2.23,5.31,0.62,2.83,8.09,10.29,1.87,8.76
8516,6.74,5.02,1.6,7.57,4.31,5.54,8.79,0.43
8517,5.87,8.85,8.31,4.97,2.99,2.46,1.6,4.95
8518,6.79,2.2,4.92,6.37,4.11,9.83,3.28,2.5
8519,5.24,4.69,5.4,7.25,4.05,4.8,1.16,7.41
8520,7.82,0.76,9.06,3.69,9.29,4.75,3.14,1.49
8521,5.55,5.71,6.74,5.7,5.45,6.49,1.23,3.13
8522,2.48,7.46,2.56,8.95,0.68,8.66,7.21,2.0
8523,2.4,2.66,4.91,11.95,6.86,0.81,6.55,3.86
8524,5.64,7.08,1.6,6.17,9.67,3.28,6.19,0.37
8525,8.81,4.77,4.67,6.79,4.61,2.69,2.19,5.47
8526,6.0,0.53,10.69,6.75,3.72,3.63,1.99,6.69
8527,9.69,6.67,1.41,5.47,5.92,3.07,2.75,5.02
8528,0.93,3.94,10.28,6.75,4.26,2.41,0.82,10.61
8529,3.26,2.08,10.5,7.7,6.52,2.0,1.1,6.84
8530,8.37,1.59,8.35,4.47,1.75,6.66,3.25,5.56
8531,6.79,8.78,4.51,6.69,5.03,5.46,0.51,2.23
8532,9.01,1.43,1.05,3.44,6.71,1.52,16.46,0.38
8533,1.89,4.12,3.89,6.35,0.65,3.95,12.33,6.82
8534,1.58,6.46,8.02,8.72,6.73,0.78,6.31,1.4
8535,1.43,6.61,0.54,3.5,8.44,4.18,8.98,6.32
8536,2.19,1.4,9.63,7.92,1.8,9.92,5.65,1.49
8537,5.1,2.71,6.69,2.82,9.98,6.46,1.09,5.15
8538,3.94,2.71,7.06,0.91,4.05,7.92,5.23,8.18
8539,1.96,9.03,2.53,5.57,6.83,8.26,3.14,2.68
8540,8.96,8.02,4.16,4.37,5.56,2.3,5.04,1.59
8541,9.04,2.28,9.01,0.78,6.86,6.54,3.74,1.75
8542,8.8,4.54,1.97,5.08,9.8,0.79,4.05,4.97
8543,9.44,6.52,7.37,5.91,1.12,1.15,1.5,6.99
8544,1.77,8.88,6.48,5.01,4.84,7.36,4.63,1.03
8545,4.01,3.15,7.64,2.33,2.09,6.14,7.85,6.79
8546,2.79,7.8,5.9,8.8,4.47,6.16,2.67,1.41
8547,8.55,1.94,2.66,10.46,1.73,2.32,0.88,11.46
8548,2.89,1.09,7.09,3.43,5.66,4.58,12.49,2.77
8549,5.95,1.15,3.52,8.71,9.8,2.18,8.28,0.41
8550,7.95,3.15,5.14,6.22,0.54,0.78,13.73,2.49
8551,7.93,1.97,6.19,8.01,7.76,0.5,6.08,1.56
8552,6.09,9.33,5.51,0.63,4.68,0.8,5.01,7.95
8553,5.51,8.83,6.48,2.84,6.08,0.58,9.39,0.29
8554,6.47,2.53,7.54,2.85,6.33,2.38,5.54,6.36
8555,7.55,8.92,2.18,1.18,2.8,6.82,10.21,0.34
8556,4.35,2.66,5.08,1.07,4.24,12.13,3.07,7.4
8557,1.37,3.06,6.47,7.5,6.62,9.2,5.41,0.37
8558,9.83,6.81,1.02,5.57,4.34,5.3,0.49,6.64
8559,5.87,6.23,2.58,5.8,4.69,2.57,11.71,0.55
8560,5.57,8.24,2.05,1.82,8.96,6.64,0.7,6.02
8561,5.89,2.46,4.49,7.21,2.92,10.67,4.37,1.99
8562,7.49,9.28,7.1,3.13,3.48,4.76,0.66,4.1
8563,2.76,10.28,7.17,7.38,5.97,2.09,0.87,3.48
8564,4.41,9.99,6.75,5.99,4.4,2.33,5.68,0.45
8565,3.32,3.71,3.94,4.31,1.98,2.09,10.31,10.34
8566,3.1,0.92,9.0,1.86,11.84,6.33,6.48,0.47
8567,9.22,3.44,3.75,1.19,1.68,13.19,2.08,5.45
8568,3.84,1.59,8.56,3.67,7.07,8.49,6.05,0.73
8569,2.48,10.63,0.99,10.3,5.06,2.94,2.69,4.91
8570,9.49,2.92,1.55,4.32,10.47,2.71,1.19,7.35
8571,4.39,0.69,7.23,10.04,7.89,1.65,6.45,1.66
8572,7.48,4.62,2.22,9.27,1.71,3.93,5.43,5.34
8573,2.2,3.95,2.04,10.5,3.47,8.5,3.7,5.64
8574,6.58,3.08,1.3,7.3,5.5,10.69,4.42,1.13
8575,3.17,5.16,3.56,8.97,7.7,2.38,7.33,1.73
8576,6.84,7.65,4.28,3.93,2.84,8.54,4.05,1.87
8577,7.4,7.82,6.11,6.67,0.59,6.3,4.82,0.29
8578,5.3,5.95,4.72,3.74,6.84,7.89,5.42,0.14
8579,6.1,7.41,7.91,0.5,6.49,7.12,3.57,0.9
8580,7.54,2.49,5.0,3.47,3.73,0.75,10.62,6.4
8581,4.53,2.32,0.88,10.64,3.74,2.5,2.86,12.53
8582,2.69,0.9,4.03,1.5,7.2,3.5,5.26,14.92
8583,2.71,3.42,4.3,9.83,6.69,0.97,9.43,2.65
8584,6.83,6.01,4.88,1.21,1.93,9.24,1.66,8.24
8585,2.21,3.21,1.49,6.85,11.62,8.9,1.38,4.34
8586,1.97,5.72,1.16,10.77,6.3,0.96,9.97,3.15
8587,2.82,0.81,6.59,5.64,8.98,7.34,6.32,1.5
8588,4.16,1.83,4.73,4.76,10.4,0.93,4.35,8.84
8589,8.27,1.85,7.43,3.4,6.25,0.71,11.43,0.66
8590,1.76,2.76,9.26,1.0,7.41,1.78,12.76,3.27
8591,7.92,0.9,2.66,0.86,6.34,1.88,11.21,8.23
8592,5.87,6.74,6.06,8.27,2.74,2.95,2.42,4.95
8593,6.2,6.06,4.98,7.12,5.4,6.68,3.01,0.55
8594,8.66,8.93,4.96,1.03,0.48,8.01,5.85,2.08
8595,2.56,1.68,11.65,0.85,1.67,2.03,10.13,9.43
8596,3.05,5.0,5.93,4.28,2.91,11.02,6.45,1.36
8597,4.36,0.91,4.44,0.89,8.2,6.23,13.09,1.88
8598,3.85,3.1,4.34,6.54,3.78,9.3,3.57,5.52
8599,8.85,1.15,4.94,1.46,3.9,11.6,7.18,0.92
8600,4.18,4.19,8.78,4.5,1.72,6.42,7.53,2.68
8601,2.42,1.69,10.61,4.63,9.37,3.13,0.85,7.3
8602,4.42,2.58,8.69,6.19,8.66,4.24,5.07,0.15
8603,5.39,7.18,6.26,0.71,0.55,7.44,10.77,1.7
8604,7.89,3.84,5.53,6.15,6.59,0.74,5.37,3.89
8605,1.71,2.32,10.21,8.5,7.25,6.1,3.75,0.16
8606,6.1,4.94,5.94,4.05,9.48,2.13,2.72,4.64
8607,0.94,3.54,1.26,13.33,7.85,3.1,5.91,4.07
8608,0.88,4.21,8.63,1.29,8.24,3.02,7.27,6.46
8609,4.23,6.05,2.19,2.47,6.68,4.13,6.78,7.47
8610,7.27,4.76,7.42,6.49,5.92,0.9,2.97,4.27
8611,3.18,5.32,1.94,4.4,10.68,7.84,3.74,2.9
8612,2.73,3.08,2.97,6.94,1.74,11.99,9.83,0.72
8613,4.01,1.0,10.48,2.71,8.32,1.0,2.66,9.82
8614,3.93,7.39,2.28,1.19,9.69,6.32,5.55,3.65
8615,1.64,4.79,3.64,4.28,10.05,4.04,2.85,8.71
8616,2.67,9.24,1.29,6.48,7.74,7.88,2.36,2.34
8617,5.66,8.6,4.33,7.84,3.64,2.03,1.91,5.99
8618,9.96,6.75,2.69,8.23,1.91,0.39,8.25,1.82
8619,2.01,8.72,8.86,4.5,1.83,7.11,3.67,3.3
8620,1.28,2.35,7.25,1.35,1.01,12.52,13.69,0.55
8621,2.78,1.27,1.15,10.7,8.76,7.55,1.18,6.61
8622,1.39,8.98,5.76,2.64,5.09,6.41,9.39,0.34
8623,4.08,6.82,2.35,7.49,0.62,1.8,5.26,11.58
8624,8.43,1.69,9.38,0.84,9.05,0.81,4.73,5.07
8625,8.79,6.33,5.02,6.35,1.4,4.22,6.08,1.81
8626,8.44,4.74,8.79,3.97,5.32,0.32,2.76,5.66
8627,4.6,1.95,10.49,3.7,8.6,6.18,1.26,3.22
8628,8.34,2.41,1.09,10.81,8.43,5.05,2.04,1.83
8629,2.2,9.34,6.64,8.03,5.21,3.73,2.52,2.33
8630,9.12,5.46,1.32,7.99,4.06,5.79,0.86,5.4
8631,2.06,8.33,7.49,8.68,3.82,2.62,5.78,1.22
8632,2.74,8.64,0.55,9.23,5.43,3.24,9.72,0.45
8633,7.71,3.48,3.38,6.99,5.75,1.59,5.14,5.96
8634,7.29,6.45,2.64,7.71,2.17,2.08,1.14,10.52
8635,4.75,4.09,2.74,3.79,7.13,1.49,11.7,4.31
8636,6.87,7.48,5.92,3.32,1.43,4.74,2.69,7.55
8637,2.39,10.14,5.87,6.69,2.73,2.17,1.85,8.16
8638,4.69,9.0,1.13,9.06,3.92,2.95,4.26,4.99
8639,3.65,7.5,3.53,3.82,2.96,12.1,4.81,1.63
8640,1.01,6.03,10.47,4.83,3.71,2.79,8.8,2.36
8641,9.89,2.58,4.16,4.51,4.52,2.34,3.71,8.29
8642,5.17,7.78,7.72,3.24,4.86,1.08,5.22,4.93
8643,4.12,8.61,6.89,5.35,5.37,4.59,4.93,0.14
8644,2.67,9.7,5.04,3.97,2.83,8.8,1.51,5.48
8645,7.99,5.15,5.5,5.34,6.2,6.31,2.85,0.66
8646,3.98,1.92,5.33,2.64,10.66,4.19,9.04,2.24
8647,5.6,4.0,0.81,5.81,4.83,5.67,0.88,12.4
8648,4.15,9.32,6.13,6.78,6.17,4.67,1.04,1.74
8649,5.5,7.51,6.74,3.12,1.49,9.23,5.93,0.48
8650,3.78,2.65,5.8,7.1,4.96,4.8,8.44,2.47
8651,6.79,7.95,7.69,1.75,5.14,2.54,5.24,2.9
8652,3.51,4.31,9.23,5.67,1.11,2.64,3.61,9.92
8653,6.17,7.62,6.98,3.94,5.24,4.63,3.38,2.04
8654,6.79,1.34,2.98,0.66,7.23,11.17,2.39,7.44
8655,3.7,6.98,9.65,6.53,6.2,1.1,4.4,1.44
8656,8.38,3.29,2.09,8.16,4.6,1.46,6.89,5.13
8657,4.45,7.41,8.7,7.11,2.99,2.3,2.52,4.52
8658,2.6,8.72,9.43,6.64,4.33,0.44,4.87,2.97
8659,5.41,5.84,7.06,1.56,9.08,2.82,5.36,2.87
8660,8.53,5.15,7.64,1.21,6.75,0.89,0.89,8.94
8661,3.3,3.01,3.96,2.74,6.25,6.64,2.19,11.91
8662,4.63,3.77,9.61,1.18,9.97,2.75,3.28,4.81
8663,4.12,4.82,3.35,0.97,5.87,8.14,3.78,8.95
8664,2.66,9.76,8.23,4.84,4.02,2.51,5.57,2.41
8665,7.28,4.83,0.53,8.31,6.47,1.23,10.33,1.02
8666,2.68,5.52,6.45,7.62,7.98,4.2,5.01,0.54
8667,7.63,7.69,7.32,2.57,4.19,4.79,3.68,2.13
8668,8.26,0.87,2.2,6.72,1.78,3.41,9.68,7.08
8669,5.96,0.91,5.16,9.03,4.65,5.69,3.6,5.0
8670,8.52,6.01,2.85,1.61,7.33,6.0,3.5,4.18
8671,1.31,3.12,5.78,9.21,2.31,10.33,5.25,2.69
8672,1.31,2.64,2.97,12.69,7.78,3.71,1.83,7.07
8673,9.51,3.47,4.65,3.82,5.36,1.93,3.87,7.39
8674,5.55,1.27,9.36,6.61,3.4,7.33,4.98,1.5
8675,9.49,7.17,2.43,7.81,3.32,4.66,1.71,3.41
8676,0.94,4.59,2.49,5.36,5.82,1.02,15.67,4.11
8677,5.99,5.27,0.81,3.44,2.26,3.57,4.31,14.35
8678,5.12,7.86,2.31,4.13,1.57,12.18,4.24,2.59
8679,7.46,9.1,6.65,5.46,1.85,3.09,5.05,1.34
8680,5.68,3.06,4.32,4.94,5.72,10.46,4.96,0.86
8681,9.91,0.44,8.95,3.9,2.67,6.56,7.23,0.34
8682,8.8,1.25,1.31,4.12,5.49,5.2,12.88,0.95
8683,0.72,5.36,6.7,5.34,1.72,4.17,7.51,8.48
8684,1.01,7.66,8.18,2.07,1.45,9.28,3.72,6.63
8685,3.91,1.47,6.1,5.27,10.2,5.92,0.97,6.16
8686,7.65,0.9,6.9,6.04,2.03,5.59,1.94,8.95
8687,5.53,7.73,5.53,2.99,6.75,2.72,1.47,7.28
8688,2.75,3.96,7.44,2.77,4.06,2.83,3.78,12.41
8689,8.02,4.89,1.56,6.53,6.18,4.69,3.83,4.3
8690,3.34,4.96,3.31,10.11,2.77,2.53,7.38,5.6
8691,2.34,9.31,9.03,0.67,3.32,3.52,11.09,0.72
8692,3.69,8.92,1.25,10.3,6.5,5.28,1.39,2.67
8693,6.28,6.16,3.66,4.18,8.42,0.78,7.2,3.32
8694,9.44,2.42,6.85,3.46,5.94,4.92,5.18,1.79
8695,5.86,9.03,1.82,7.99,4.71,6.63,2.96,1.0
8696,7.21,5.23,2.87,1.6,3.04,8.33,6.55,5.17
8697,0.56,10.78,9.44,3.89,6.19,4.81,2.93,1.4
8698,7.26,1.7,3.3,9.04,8.86,4.46,0.84,4.54
8699,0.71,5.71,4.67,1.79,8.54,10.13,4.91,3.54
8700,4.16,1.57,1.56,11.41,9.26,2.24,4.62,5.18
8701,9.77,1.74,4.99,2.31,3.14,7.51,9.25,1.29
8702,7.27,6.41,4.65,2.52,3.42,7.75,1.43,6.55
8703,8.24,4.34,6.96,4.32,5.98,6.45,3.57,0.14
8704,6.19,3.82,6.07,6.12,7.08,5.09,1.73,3.9
8705,1.19,5.1,8.86,7.68,0.6,10.45,1.94,4.18
8706,9.8,2.24,1.67,6.86,3.82,8.61,0.79,6.21
8707,5.01,3.85,8.71,1.42,6.23,7.9,4.32,2.56
8708,7.27,9.03,3.22,6.05,0.9,0.75,3.99,8.79
8709,7.12,2.77,9.72,7.31,6.23,3.21,3.43,0.21
8710,3.66,4.67,5.28,2.58,1.6,12.88,5.69,3.64
8711,8.54,3.74,8.24,6.19,2.15,3.78,4.73,2.63
8712,3.68,10.37,2.86,1.6,1.62,4.65,0.84,14.38
8713,9.1,7.04,3.77,4.17,7.46,3.75,3.63,1.08
8714,0.8,2.48,0.73,7.01,5.99,12.87,4.32,5.8
8715,1.83,0.89,7.11,9.92,0.78,3.36,5.52,10.59
8716,3.59,8.97,3.0,9.36,0.9,3.52,6.68,3.98
8717,1.52,2.44,8.01,7.98,1.25,12.46,2.01,4.33
8718,5.95,0.74,2.27,5.63,3.08,4.38,11.07,6.88
8719,8.36,8.24,3.08,0.96,6.79,5.59,6.93,0.05
8720,9.98,4.57,4.1,1.78,5.95,6.86,0.43,6.33
8721,5.27,8.32,5.04,3.8,3.35,0.72,9.98,3.52
8722,8.02,1.9,8.37,6.16,5.96,0.41,5.1,4.08
8723,4.21,0.71,5.71,10.66,2.7,7.34,2.98,5.69
8724,9.77,2.7,9.07,0.56,6.62,5.06,4.54,1.68
8725,5.09,7.09,1.57,3.4,2.74,7.96,8.93,3.22
8726,5.95,0.9,8.53,1.88,0.67,14.29,6.0,1.78
8727,7.77,5.05,8.69,2.26,8.11,2.0,0.68,5.44
8728,4.56,5.24,6.89,0.47,4.12,7.25,9.8,1.67
8729,5.85,4.27,5.49,4.46,2.48,3.45,7.92,6.08
8730,2.12,9.74,4.32,1.32,2.31,4.23,8.02,7.94
8731,1.88,7.96,6.69,7.01,5.52,4.79,0.72,5.43
8732,7.99,6.13,7.98,6.12,4.98,1.27,4.92,0.61
8733,3.72,3.56,9.23,0.88,4.5,1.05,6.13,10.93
8734,9.0,5.45,7.55,5.37,5.48,1.42,1.17,4.56
8735,6.29,3.43,2.7,8.7,7.55,6.59,2.68,2.06
8736,6.94,0.57,8.56,8.71,0.65,1.91,8.0,4.66
8737,7.98,7.19,0.43,8.06,2.1,8.86,1.82,3.56
8738,1.61,3.75,1.77,8.51,7.34,9.42,1.76,5.84
8739,1.06,6.39,5.36,8.21,5.23,4.4,5.74,3.61
8740,1.96,7.92,4.54,0.7,6.6,5.84,10.72,1.72
8741,8.85,6.2,5.27,5.88,3.37,4.19,1.66,4.58
8742,4.41,7.44,8.23,5.57,1.09,7.74,5.18,0.34
8743,7.21,5.63,4.19,6.95,0.81,2.3,2.53,10.38
8744,3.85,10.32,4.58,5.34,5.17,6.21,2.23,2.3
8745,9.74,5.02,4.67,5.62,6.18,3.58,5.1,0.09
8746,6.04,5.0,4.33,3.05,4.16,2.58,7.55,7.29
8747,2.41,6.19,4.1,3.36,2.07,10.92,0.83,10.12
8748,4.21,3.61,2.84,10.7,9.25,0.56,2.31,6.52
8749,0.51,3.04,5.84,2.81,11.19,4.09,3.89,8.63
8750,6.82,5.89,6.32,2.07,6.31,3.55,4.88,4.16
8751,3.62,9.03,3.38,5.44,7.29,1.41,4.52,5.31
8752,1.7,5.57,5.76,3.35,6.46,3.03,5.05,9.08
8753,1.28,2.06,2.91,12.93,6.94,4.15,5.43,4.3
8754,4.93,2.47,7.85,5.89,3.76,1.52,8.88,4.7
8755,3.52,1.59,10.99,7.75,6.24,4.26,1.48,4.17
8756,1.0,6.81,9.72,4.37,3.46,0.89,13.33,0.42
8757,9.41,4.05,0.58,8.41,2.14,0.68,2.44,12.29
8758,1.27,4.74,4.17,5.86,11.58,1.14,5.17,6.07
8759,1.7,9.45,8.98,0.86,9.44,0.87,1.28,7.42
8760,2.68,1.54,2.95,5.57,2.59,7.11,15.18,2.38
8761,7.17,3.97,3.83,8.61,4.18,5.47,2.16,4.61
8762,1.79,8.49,2.97,10.42,3.51,6.8,1.34,4.68
8763,7.23,9.0,7.6,3.57,6.29,3.96,1.33,1.02
8764,0.63,1.46,7.23,2.02,11.74,4.63,9.99,2.3
8765,1.98,3.52,6.75,0.83,3.64,10.42,5.99,6.87
8766,3.25,7.7,7.28,4.4,6.45,5.86,0.85,4.21
8767,7.99,1.54,9.26,3.46,3.34,1.15,10.57,2.69
8768,3.33,9.62,6.75,6.8,3.61,4.0,4.67,1.22
8769,1.47,7.23,10.24,1.32,5.48,8.71,0.55,5.0
8770,9.03,8.32,0.57,1.17,9.32,6.87,1.83,2.89
8771,0.62,0.98,5.21,4.61,3.53,4.09,8.57,12.39
8772,7.44,8.99,1.26,6.26,1.85,7.12,7.0,0.08
8773,6.02,4.88,6.28,3.02,1.65,2.04,12.84,3.27
8774,6.51,0.68,0.99,10.55,7.95,4.48,2.55,6.29
8775,3.01,5.55,4.6,9.71,7.47,1.02,2.73,5.91
8776,6.79,8.08,5.47,7.0,4.56,4.48,0.97,2.65
8777,2.57,5.93,9.59,5.28,4.08,7.6,3.65,1.3
8778,7.79,4.47,6.19,6.68,1.58,1.32,0.63,11.34
8779,4.03,5.0,1.35,8.57,1.99,7.74,0.88,10.44
8780,2.03,6.8,4.02,10.6,7.95,2.28,4.82,1.5
8781,1.56,1.09,12.05,2.61,5.64,11.01,1.27,4.77
8782,5.76,2.84,10.07,3.28,6.43,2.51,8.8,0.31
8783,6.29,2.78,8.28,2.79,2.39,7.32,9.13,1.02
8784,5.83,5.57,6.36,7.98,5.04,1.37,6.68,1.17
8785,3.67,5.61,9.25,4.71,5.32,6.98,0.45,4.01
8786,8.46,0.65,3.23,5.35,9.51,5.34,3.83,3.63
8787,1.18,1.73,11.0,9.94,2.4,4.97,0.76,8.02
8788,6.8,1.76,6.09,1.29,4.46,2.68,11.9,5.02
8789,3.48,4.89,0.58,10.48,7.58,4.39,5.0,3.6
8790,9.9,0.77,3.87,4.59,7.85,4.41,1.94,6.67
8791,6.92,2.85,7.3,5.41,4.26,7.44,1.28,4.54
8792,7.03,4.44,1.89,9.42,3.54,1.26,2.76,9.66
8793,4.22,2.08,1.92,10.1,5.6,4.96,4.19,6.93
8794,5.39,2.16,8.06,6.39,4.89,5.02,1.64,6.45
8795,1.41,6.05,1.03,10.6,4.84,8.12,6.19,1.76
8796,2.23,10.6,1.85,8.61,6.31,0.57,6.68,3.15
8797,6.34,6.31,3.35,5.96,6.37,2.83,6.06,2.78
8798,4.1,1.53,8.21,5.34,6.66,4.95,8.18,1.03
8799,9.34,6.65,6.21,4.77,3.4,1.55,2.06,6.02
8800,3.72,2.97,5.83,7.64,2.92,2.2,1.55,13.17
8801,5.23,6.93,3.59,1.14,6.99,10.7,1.68,3.74
8802,6.56,3.8,1.63,6.87,8.94,7.94,3.78,0.48
8803,1.07,4.58,1.95,9.21,6.8,8.29,3.85,4.25
8804,9.32,2.44,2.84,2.54,1.98,3.31,9.47,8.1
8805,9.24,5.0,1.03,1.09,8.27,8.24,1.27,5.86
8806,2.12,6.32,8.26,6.7,0.74,10.08,2.8,2.98
8807,4.49,6.04,5.14,2.51,5.04,9.75,0.5,6.53
8808,1.48,6.02,6.98,2.77,9.74,6.45,1.15,5.41
8809,2.31,5.12,4.78,5.04,3.02,8.54,9.62,1.57
8810,2.94,7.17,7.72,4.68,7.58,1.28,5.99,2.64
8811,4.29,4.86,5.68,3.6,2.84,1.76,6.21,10.76
8812,1.0,0.67,8.58,5.74,11.07,3.37,3.1,6.47
8813,0.7,10.46,5.48,5.75,2.37,4.62,7.72,2.9
8814,3.88,7.55,4.78,7.97,6.33,0.47,8.47,0.55
8815,2.34,6.53,8.6,7.56,3.12,0.92,2.41,8.52
8816,1.61,8.63,2.34,4.71,9.77,6.82,3.4,2.72
8817,1.75,0.78,11.89,2.93,7.34,2.02,5.33,7.96
8818,3.43,1.41,9.57,9.18,4.07,2.89,2.48,6.97
8819,4.95,3.18,2.91,8.24,4.76,2.5,7.88,5.58
8820,1.28,9.42,2.13,7.7,7.49,2.71,9.23,0.04
8821,3.47,5.35,7.1,8.71,3.0,4.0,6.97,1.4
8822,7.54,9.03,5.92,1.05,0.48,2.95,0.78,12.25
8823,7.77,5.51,0.69,9.2,2.04,3.99,8.24,2.56
8824,1.26,9.16,4.37,6.65,6.98,2.37,7.02,2.19
8825,7.99,3.98,0.97,9.89,2.12,8.35,4.32,2.38
8826,2.03,1.26,12.14,1.54,7.47,1.09,7.14,7.33
8827,3.24,9.71,8.86,6.56,2.79,2.52,6.07,0.25
8828,4.83,6.0,8.33,1.89,8.15,4.61,0.4,5.79
8829,2.01,3.72,2.92,2.36,14.03,0.93,7.43,6.6
8830,4.06,3.45,2.18,3.69,6.02,1.84,12.01,6.75
8831,4.16,7.3,1.01,7.98,8.54,2.82,3.47,4.72
8832,3.94,4.49,0.57,11.28,1.81,4.19,11.99,1.73
8833,8.79,5.44,3.92,6.25,1.51,6.1,2.55,5.44
8834,7.96,1.13,8.69,3.12,4.82,4.3,8.32,1.66
8835,8.52,5.49,6.16,3.13,1.41,6.0,6.03,3.26
8836,6.27,6.1,4.94,1.83,9.5,7.57,1.31,2.48
8837,4.35,1.63,7.82,3.43,5.7,0.78,10.72,5.57
8838,4.98,8.89,8.67,5.4,1.42,1.37,5.38,3.89
8839,7.23,5.89,8.91,1.13,7.86,4.58,1.95,2.45
8840,5.0,5.51,4.2,3.94,6.83,4.14,1.0,9.38
8841,2.97,2.14,5.85,9.19,4.22,0.76,12.2,2.67
8842,3.65,6.52,5.39,3.36,0.9,12.98,2.71,4.49
8843,9.35,6.37,2.71,8.46,2.53,0.37,0.66,9.55
8844,8.11,4.96,1.1,3.99,4.35,3.08,7.56,6.85
8845,9.97,6.23,3.49,3.4,1.31,9.81,4.29,1.5
8846,8.44,1.18,9.96,0.83,3.73,3.17,7.99,4.7
8847,9.89,4.82,5.96,5.03,1.69,5.96,5.19,1.46
8848,8.46,7.05,7.03,3.87,0.8,8.42,0.69,3.68
8849,7.12,6.57,7.39,2.52,3.17,0.71,7.17,5.35
8850,2.74,3.04,3.18,6.53,7.64,10.86,0.59,5.42
8851,6.95,2.9,3.77,5.87,7.5,8.44,0.59,3.98
8852,6.68,5.59,1.49,6.82,2.91,0.61,5.8,10.1
8853,2.46,9.74,7.01,3.45,7.89,5.8,0.47,3.18
8854,5.1,2.21,9.5,3.54,4.66,7.5,0.75,6.74
8855,7.53,7.74,5.86,1.23,7.49,1.52,3.24,5.39
8856,3.27,4.22,6.87,6.14,5.7,7.43,3.95,2.42
8857,2.07,4.92,8.75,6.81,0.8,2.5,10.48,3.67
8858,9.23,5.97,3.91,3.74,8.29,4.11,0.95,3.8
8859,4.06,5.78,9.04,5.2,4.45,1.17,5.22,5.08
8860,5.67,6.3,3.0,0.55,7.5,7.5,0.88,8.6
8861,1.19,3.95,2.0,3.7,3.69,4.76,3.26,17.45
8862,9.47,8.37,0.71,5.68,3.95,6.14,2.45,3.23
8863,4.34,9.27,4.07,8.16,0.87,4.26,8.35,0.68
8864,5.31,4.15,5.23,8.23,3.23,5.16,7.65,1.04
8865,9.98,2.23,6.74,5.42,4.02,6.53,1.72,3.36
8866,1.58,5.37,2.56,11.76,8.76,3.07,2.67,4.23
8867,0.81,9.13,0.83,2.89,10.11,10.54,2.77,2.92
8868,1.79,5.45,4.61,4.05,2.65,4.07,16.27,1.11
8869,0.78,5.42,8.06,7.3,3.0,5.48,6.24,3.72
8870,6.55,2.22,8.53,6.29,2.8,3.87,1.96,7.78
8871,7.67,1.7,4.89,8.06,2.62,3.64,7.44,3.98
8872,6.96,3.13,2.15,9.67,2.57,6.53,2.48,6.51
8873,2.87,0.64,4.12,11.93,8.9,3.06,6.34,2.14
8874,9.51,4.39,4.38,1.43,8.53,6.24,5.2,0.32
8875,4.64,3.8,2.82,6.46,2.55,2.41,13.65,3.67
8876,8.86,5.16,7.24,2.86,3.67,1.48,5.69,5.04
8877,6.99,6.76,7.09,3.92,4.74,3.92,5.12,1.46
8878,7.14,2.51,8.78,1.41,5.34,3.06,11.67,0.09
8879,3.8,7.87,3.32,6.24,7.65,6.95,1.84,2.33
8880,3.7,6.8,6.14,9.32,6.96,2.89,0.33,3.86
8881,7.58,9.01,0.55,4.42,5.93,2.7,2.83,6.98
8882,6.34,9.6,4.4,7.22,0.46,3.23,5.59,3.16
8883,4.08,5.07,9.2,3.75,2.66,9.68,5.45,0.11
8884,2.88,7.8,2.57,6.42,0.65,1.8,9.92,7.96
8885,1.47,5.18,7.85,4.31,6.95,9.03,3.6,1.61
8886,3.91,3.53,2.89,8.83,10.4,5.18,3.74,1.52
8887,7.01,7.17,4.3,6.02,4.15,6.88,2.01,2.46
8888,8.29,5.94,3.94,8.2,4.77,4.51,4.08,0.27
8889,5.22,8.65,1.45,3.34,6.23,3.15,8.08,3.88
8890,7.83,3.72,3.14,5.67,3.9,2.9,10.88,1.96
8891,6.69,5.2,4.92,6.17,5.82,1.63,9.47,0.1
8892,4.36,6.95,7.56,6.55,2.04,5.43,0.44,6.67
8893,1.21,10.81,8.45,1.12,1.63,5.15,4.8,6.83
8894,6.55,4.48,2.58,1.47,11.21,2.31,6.44,4.96
8895,9.22,4.26,7.04,2.12,7.95,5.18,2.36,1.87
8896,8.02,6.23,1.54,6.79,7.05,6.7,1.38,2.29
8897,2.24,3.32,2.33,8.75,3.62,7.18,2.76,9.8
8898,4.3,8.66,8.41,2.1,3.76,1.54,9.23,2.0
8899,8.27,4.56,5.91,4.29,4.8,4.08,4.69,3.4
8900,7.76,1.39,4.91,5.91,2.19,5.33,1.95,10.56
8901,0.63,4.66,3.65,4.19,4.55,6.56,10.09,5.67
8902,6.4,7.48,7.51,3.73,1.77,3.65,3.47,5.99
8903,5.23,2.04,8.26,1.92,3.19,4.36,3.14,11.86
8904,2.03,7.98,2.56,6.69,4.53,4.56,3.33,8.32
8905,5.55,8.57,3.03,5.09,8.81,4.98,1.82,2.15
8906,6.44,5.16,7.06,7.98,1.58,4.29,3.45,4.04
8907,8.94,1.86,5.5,8.89,6.02,5.76,2.76,0.27
8908,1.36,1.85,6.33,6.34,9.99,1.0,7.18,5.95
8909,5.52,4.84,1.91,10.01,5.34,6.06,3.53,2.79
8910,7.84,4.63,8.64,1.5,8.39,5.27,1.98,1.75
8911,5.37,9.5,1.35,1.93,4.06,11.79,3.24,2.76
8912,9.53,1.56,4.22,6.93,5.62,1.53,0.87,9.74
8913,9.27,0.86,1.78,8.56,7.52,2.78,2.55,6.68
8914,6.1,2.86,6.51,9.36,6.66,4.02,1.66,2.83
8915,4.78,5.21,9.1,4.99,0.46,0.74,8.88,5.84
8916,1.44,7.74,3.52,2.66,8.44,3.38,10.87,1.95
8917,9.05,0.98,7.58,8.6,5.89,0.87,6.84,0.19
8918,8.9,4.4,4.94,2.05,3.61,1.52,4.89,9.69
8919,3.82,5.62,7.83,5.8,3.59,4.84,7.51,0.99
8920,3.39,1.12,3.19,6.93,1.44,11.6,7.84,4.49
8921,1.4,6.59,7.6,2.54,5.2,8.47,1.25,6.95
8922,5.04,5.13,7.19,2.36,9.24,2.5,5.83,2.71
8923,0.66,5.22,10.49,2.95,1.07,5.91,2.08,11.62
8924,3.2,7.55,9.56,5.54,4.28,6.0,1.83,2.04
8925,9.89,2.38,1.41,4.04,3.34,5.76,6.53,6.65
8926,3.8,4.91,3.8,3.89,4.85,8.58,0.79,9.38
8927,5.7,2.48,0.87,2.16,1.73,1.92,14.58,10.56
8928,9.46,5.81,6.0,1.22,8.11,4.84,1.87,2.69
8929,8.14,5.73,0.48,4.16,5.59,4.06,1.61,10.23
8930,7.61,0.7,7.69,9.26,0.52,6.01,1.11,7.1
8931,6.71,6.48,1.45,2.06,9.68,1.02,8.05,4.55
8932,1.46,5.73,3.66,7.04,1.87,9.45,1.06,9.73
8933,0.91,1.69,4.98,4.43,10.19,11.04,4.47,2.29
8934,7.2,6.24,5.76,4.27,4.03,5.94,1.04,5.52
8935,1.92,5.97,3.48,10.93,6.52,1.39,4.95,4.84
8936,4.19,6.46,1.86,9.6,5.29,4.78,5.16,2.66
8937,2.56,1.89,8.46,3.83,6.64,5.25,3.62,7.75
8938,6.87,4.46,8.16,1.25,5.41,6.2,0.97,6.68
8939,1.01,6.33,10.62,5.38,5.09,7.2,1.62,2.75
8940,9.62,7.19,2.04,1.66,1.85,7.09,1.3,9.25
8941,8.74,8.72,7.03,1.11,4.14,5.77,2.22,2.27
8942,0.58,0.64,0.83,6.17,5.73,9.04,6.96,10.05
8943,8.29,2.18,1.2,7.83,1.65,6.03,1.88,10.94
8944,5.25,5.99,1.61,0.99,12.91,3.19,8.32,1.74
8945,9.0,6.67,0.63,4.52,5.33,5.78,2.68,5.39
8946,6.03,6.54,4.77,3.15,6.83,4.4,0.48,7.8
8947,7.73,1.24,3.47,4.29,1.77,10.09,1.66,9.75
8948,1.84,10.11,5.02,1.75,9.64,3.06,7.34,1.24
8949,7.16,4.95,1.02,5.04,4.88,8.91,7.84,0.2
8950,3.77,10.35,6.52,6.68,2.6,1.0,2.61,6.47
8951,5.32,2.96,5.36,10.28,0.54,0.75,9.31,5.48
8952,5.94,7.48,2.88,6.15,1.86,1.66,3.34,10.69
8953,0.7,4.46,1.46,2.47,5.59,4.94,19.63,0.75
8954,3.01,5.28,4.89,9.12,5.22,2.68,2.05,7.75
8955,2.66,8.04,1.02,6.31,8.0,7.91,4.68,1.38
8956,4.98,1.91,1.22,9.23,8.9,7.93,1.0,4.83
8957,9.36,5.19,8.27,4.47,4.51,2.17,4.08,1.95
8958,5.01,7.69,2.06,5.58,1.39,11.71,2.81,3.75
8959,3.82,7.75,8.29,3.13,2.26,1.53,8.28,4.94
8960,4.84,10.03,8.25,4.22,1.11,6.72,4.38,0.45
8961,7.66,8.22,5.38,2.18,1.87,7.28,0.5,6.91
8962,2.93,0.66,5.8,10.81,9.8,3.67,4.11,2.22
8963,5.22,2.73,5.94,4.24,3.08,1.74,1.76,15.29
8964,4.67,2.4,1.68,12.27,3.23,7.76,3.97,4.02
8965,7.54,4.57,6.75,5.19,5.24,1.93,1.0,7.78
8966,7.8,3.03,3.09,4.22,5.63,8.72,0.95,6.56
8967,4.44,4.33,7.81,1.87,8.72,2.86,1.31,8.66
8968,8.91,1.76,8.41,6.14,0.86,6.43,6.87,0.62
8969,7.97,4.06,1.85,3.13,7.34,4.71,9.85,1.09
8970,5.87,0.7,1.07,12.9,6.12,4.8,7.16,1.38
8971,6.61,3.76,6.58,6.08,4.04,6.19,2.15,4.59
8972,4.24,9.42,2.4,1.62,5.79,5.91,10.03,0.59
8973,8.04,5.12,2.28,6.17,2.02,2.92,2.1,11.35
8974,9.67,1.39,6.94,1.61,1.16,7.74,9.35,2.14
8975,8.63,3.08,5.02,3.04,2.76,1.47,8.84,7.16
8976,4.61,4.41,2.03,1.99,11.05,9.82,1.2,4.89
8977,6.59,9.11,6.48,0.51,3.71,4.27,8.62,0.71
8978,9.17,8.15,7.34,5.92,4.6,1.35,1.79,1.68
8979,8.88,3.82,0.84,8.06,4.1,5.03,9.2,0.07
8980,9.1,5.11,1.32,4.2,4.51,3.81,5.49,6.46
8981,0.8,6.16,3.03,1.44,11.95,4.97,5.58,6.07
8982,7.33,4.74,2.41,8.37,3.31,0.92,6.69,6.23
8983,2.43,4.51,2.17,6.35,5.76,9.42,7.75,1.61
8984,2.38,0.78,10.05,1.16,8.73,5.55,9.07,2.28
8985,0.55,0.83,7.62,5.64,12.0,5.62,1.74,6.0
8986,3.56,1.08,1.95,5.47,11.28,7.44,1.49,7.73
8987,3.51,5.34,8.13,4.05,1.61,9.88,1.81,5.67
8988,7.17,9.33,7.6,1.15,1.59,7.47,2.23,3.46
8989,4.57,3.1,6.58,2.99,7.8,4.36,8.94,1.66
8990,9.48,1.3,6.9,3.25,4.88,8.27,2.2,3.72
8991,0.78,6.49,3.1,4.37,0.78,15.87,4.62,3.99
8992,3.49,3.81,9.07,7.36,6.61,2.17,4.27,3.22
8993,7.52,6.81,8.04,6.72,5.21,2.03,0.56,3.11
8994,4.3,5.77,7.9,6.84,4.02,3.7,1.91,5.56
8995,8.1,7.68,5.86,4.31,2.36,6.0,3.89,1.8
8996,1.5,6.1,6.7,3.06,0.99,9.68,5.77,6.2
8997,3.43,2.58,5.9,9.65,1.04,6.74,5.49,5.17
8998,2.52,8.78,4.06,3.85,7.11,3.63,5.36,4.69
8999,8.22,2.85,5.4,2.38,9.74,6.24,2.06,3.11
9000,3.63,7.17,6.05,2.93,1.31,9.75,3.37,5.79
9001,8.13,6.76,1.41,2.79,2.94,7.15,2.19,8.63
9002,6.89,5.93,8.77,1.08,0.92,2.3,4.81,9.3
9003,9.08,7.59,5.74,5.44,4.24,3.7,4.02,0.19
9004,2.2,4.98,6.59,3.6,0.67,0.75,4.78,16.43
9005,9.29,3.99,1.49,5.98,1.6,8.06,1.45,8.14
9006,6.99,7.13,8.2,1.81,7.45,1.96,3.34,3.12
9007,8.59,1.04,5.63,8.43,5.77,5.36,0.95,4.23
9008,4.31,3.69,7.25,6.69,5.21,0.5,2.64,9.71
9009,6.01,8.63,1.8,7.14,0.73,10.35,0.75,4.59
9010,6.91,7.24,6.76,0.47,0.75,8.39,6.14,3.34
9011,8.06,6.65,6.57,7.4,4.6,3.4,2.84,0.48
9012,2.77,5.41,7.42,8.58,5.87,2.37,3.54,4.04
9013,8.15,8.76,5.07,4.38,6.73,2.49,0.56,3.86
9014,7.99,4.93,8.88,0.85,8.08,4.64,2.4,2.23
9015,7.0,8.79,2.62,6.0,3.82,5.76,3.01,3.0
9016,1.55,6.32,7.32,4.72,9.58,3.06,3.51,3.94
9017,9.54,0.49,0.78,8.95,2.74,0.89,6.87,9.74
9018,8.36,4.17,5.42,3.03,1.27,4.86,2.81,10.08
9019,5.16,7.99,0.47,10.38,4.96,5.99,0.25,4.8
9020,4.4,1.85,1.47,0.76,7.77,8.38,6.73,8.64
9021,1.15,3.17,11.19,4.99,7.26,6.28,0.41,5.55
9022,2.39,7.43,7.22,7.13,7.67,1.95,1.28,4.93
9023,1.65,9.16,9.32,5.74,1.78,4.61,4.53,3.21
9024,6.35,5.71,3.0,9.04,4.39,4.04,3.89,3.58
9025,5.57,6.25,5.29,7.79,0.47,9.21,0.67,4.75
9026,3.47,4.9,4.16,5.62,8.54,2.61,7.48,3.22
9027,6.49,5.57,7.74,1.83,4.39,5.86,2.3,5.82
9028,6.4,5.21,1.3,3.38,11.43,8.07,3.49,0.72
9029,9.82,7.82,2.48,3.4,5.76,4.85,0.81,5.06
9030,8.9,7.7,7.79,1.29,4.8,2.7,4.66,2.16
9031,9.76,2.61,2.77,1.29,4.89,12.42,1.17,5.09
9032,8.44,8.41,0.53,7.31,6.16,5.86,1.88,1.41
9033,0.58,9.59,5.98,1.21,7.74,2.44,6.9,5.56
9034,3.29,4.15,9.03,4.52,6.56,4.71,7.18,0.56
9035,5.93,0.66,3.15,10.53,5.05,4.35,1.48,8.85
9036,3.42,5.36,3.85,1.43,6.47,10.5,5.91,3.06
9037,3.28,4.96,10.15,6.74,7.17,3.65,0.21,3.84
9038,8.09,6.18,0.62,5.36,6.97,1.23,6.32,5.23
9039,9.7,3.56,6.48,8.07,3.21,4.33,1.19,3.46
9040,3.04,9.91,1.99,3.16,4.74,0.81,8.34,8.01
9041,1.33,1.06,10.86,1.36,4.29,0.89,9.04,11.17
9042,7.44,5.03,6.88,0.82,1.01,6.99,6.58,5.25
9043,1.95,2.07,6.43,0.62,9.81,11.06,2.35,5.71
9044,1.84,1.62,10.23,6.47,9.17,1.2,2.18,7.29
9045,8.51,2.87,4.67,4.6,2.33,3.05,11.95,2.02
9046,3.91,9.75,8.15,6.99,3.11,2.2,4.49,1.4
9047,6.22,6.29,3.13,3.21,1.82,2.78,3.52,13.03
9048,9.02,3.67,1.42,2.59,7.42,6.13,3.38,6.37
9049,8.13,4.07,6.2,7.97,5.21,1.08,4.07,3.27
9050,3.48,3.11,1.4,10.34,1.47,10.4,2.85,6.95
9051,6.69,1.33,9.39,2.42,5.77,2.14,4.65,7.61
9052,1.66,1.95,6.98,9.94,5.41,2.5,5.93,5.63
9053,5.61,9.18,2.76,6.09,3.57,7.11,3.92,1.76
9054,4.51,4.12,1.87,10.79,0.8,10.57,0.95,6.39
9055,4.34,2.49,2.96,4.6,3.59,8.79,3.96,9.27
9056,0.78,11.1,8.85,5.06,1.14,4.99,3.42,4.66
9057,9.24,5.96,4.28,5.38,3.71,2.56,8.36,0.51
9058,0.54,9.19,2.99,3.12,8.03,4.03,3.53,8.57
9059,1.06,10.41,2.42,1.69,7.82,2.4,2.5,11.7
9060,9.03,5.28,2.19,1.5,9.95,4.17,1.51,6.37
9061,0.73,8.86,7.2,8.82,0.87,6.49,1.27,5.76
9062,8.82,4.14,1.16,5.03,3.13,4.53,5.27,7.92
9063,8.4,2.7,1.36,2.08,11.74,7.41,4.48,1.83
9064,7.47,6.36,7.36,5.46,5.13,5.27,1.17,1.78
9065,5.39,2.93,9.06,8.83,6.63,0.87,5.38,0.91
9066,6.88,4.9,7.09,4.42,7.12,4.41,4.15,1.03
9067,4.49,0.6,6.86,3.48,8.2,5.01,2.67,8.69
9068,1.98,0.98,2.92,2.04,2.7,15.58,7.7,6.1
9069,1.32,7.75,1.17,2.46,7.79,11.32,2.29,5.9
9070,2.49,5.76,10.15,3.92,5.44,1.44,6.1,4.7
9071,9.41,4.04,3.29,1.5,0.91,9.64,9.62,1.59
9072,9.81,4.93,3.57,4.63,0.73,2.79,5.81,7.73
9073,3.89,9.6,1.41,7.96,0.46,9.88,4.22,2.58
9074,8.0,2.56,3.86,3.73,2.96,8.71,3.94,6.24
9075,5.85,3.83,9.79,7.66,3.99,3.52,1.23,4.13
9076,7.25,6.67,5.93,2.04,3.25,9.23,4.6,1.03
9077,4.28,10.0,3.94,7.85,2.58,6.22,2.38,2.75
9078,5.68,2.89,3.46,1.13,2.52,6.09,12.77,5.46
9079,7.88,8.39,3.13,7.64,3.2,1.12,1.67,6.97
9080,1.02,8.62,7.25,4.39,0.77,9.06,1.23,7.66
9081,8.03,8.92,5.7,5.45,4.14,2.56,1.21,3.99
9082,0.99,8.5,2.01,10.58,0.85,2.38,10.91,3.78
9083,9.54,2.03,4.76,1.07,8.09,0.82,2.71,10.98
9084,0.72,10.78,1.13,7.44,0.84,11.6,2.44,5.05
9085,0.65,4.94,5.08,1.02,2.32,9.89,10.97,5.13
9086,4.58,3.61,10.47,5.33,7.64,4.44,1.09,2.84
9087,3.68,5.18,8.45,8.5,6.07,4.79,1.41,1.92
9088,8.35,5.56,8.56,1.27,7.16,5.83,1.01,2.26
9089,2.88,0.88,0.93,10.97,10.61,5.99,3.82,3.92
9090,4.85,7.03,2.9,2.9,7.87,7.57,1.44,5.44
9091,2.67,8.46,2.21,5.5,1.53,13.08,5.66,0.89
9092,6.32,9.24,6.93,4.46,2.9,5.83,1.32,3.0
9093,3.74,5.11,3.29,6.28,4.65,5.22,1.63,10.08
9094,7.49,2.7,0.59,1.72,1.84,5.4,14.86,5.4
9095,2.72,1.98,4.53,8.2,1.01,12.62,4.69,4.25
9096,0.93,0.56,4.19,13.36,4.91,0.93,14.83,0.29
9097,3.73,10.33,3.55,2.68,0.7,10.88,5.63,2.5
9098,9.7,7.17,2.78,5.73,4.02,2.41,3.42,4.77
9099,9.27,8.3,3.53,5.99,0.39,3.74,1.89,6.89
9100,8.92,8.08,2.51,0.83,5.53,3.22,5.67,5.24
9101,3.69,6.38,2.58,8.45,0.73,10.3,6.5,1.37
9102,6.37,4.0,6.02,2.8,0.94,8.12,5.4,6.35
9103,8.13,2.29,9.45,5.29,0.38,8.19,2.87,3.4
9104,9.67,2.51,1.21,3.57,2.7,2.68,13.31,4.35
9105,0.53,5.85,2.19,5.98,1.73,10.19,1.92,11.61
9106,5.0,4.4,6.05,4.17,7.08,0.8,8.54,3.96
9107,9.84,8.42,3.33,4.94,4.15,3.05,2.88,3.39
9108,1.39,2.54,3.8,12.59,2.41,5.14,4.69,7.44
9109,6.3,7.5,1.61,8.67,5.88,3.03,1.25,5.76
9110,3.62,8.72,7.56,5.92,3.94,5.95,3.36,0.93
9111,4.46,6.93,9.33,3.96,6.05,0.62,1.6,7.05
9112,9.82,4.08,0.53,7.25,3.85,4.12,4.2,6.15
9113,6.37,7.13,0.82,1.67,1.42,8.52,4.16,9.91
9114,9.35,6.96,4.93,6.23,0.78,4.92,5.1,1.73
9115,1.18,6.49,10.47,4.64,7.76,0.48,8.19,0.79
9116,1.33,3.28,1.17,8.88,6.2,1.16,5.31,12.67
9117,3.81,2.63,4.91,4.26,4.09,10.77,3.81,5.72
9118,1.49,8.84,3.3,9.09,4.73,4.04,2.15,6.36
9119,8.79,2.79,6.61,7.09,3.49,6.57,3.78,0.88
9120,1.39,10.46,7.79,1.74,2.86,9.55,4.53,1.68
9121,3.84,1.8,4.19,1.43,6.71,11.77,0.75,9.51
9122,8.78,1.44,1.28,5.0,6.11,9.42,0.83,7.14
9123,5.57,6.81,7.18,7.0,4.55,4.61,2.23,2.05
9124,1.61,8.57,0.79,10.78,6.21,3.58,4.01,4.45
9125,5.24,1.81,5.77,9.12,8.45,3.71,2.54,3.36
9126,9.1,6.13,4.07,0.88,1.62,5.65,12.11,0.44
9127,3.18,9.3,5.49,6.33,2.62,3.47,5.59,4.02
9128,5.56,4.6,9.55,3.58,4.39,6.12,3.26,2.94
9129,9.16,6.43,7.5,1.11,0.72,2.45,10.17,2.46
9130,8.48,8.65,3.26,7.29,5.27,1.06,2.26,3.73
9131,0.66,7.7,2.55,0.73,9.37,2.35,1.7,14.94
9132,5.67,3.4,5.88,3.06,6.41,8.13,2.72,4.73
9133,9.69,5.35,0.8,0.61,10.14,3.98,5.15,4.28
9134,5.23,5.93,9.59,3.65,7.61,1.18,4.48,2.33
9135,5.53,6.13,6.24,4.92,6.13,6.0,3.73,1.32
9136,5.64,4.56,1.41,10.85,4.14,7.74,3.45,2.21
9137,3.32,5.47,3.59,7.5,7.7,3.26,2.72,6.44
9138,4.21,0.84,9.28,7.36,7.92,1.0,6.69,2.7
9139,2.94,3.72,1.69,6.17,6.35,3.61,12.46,3.06
9140,1.99,8.77,5.33,0.95,5.98,2.0,7.37,7.61
9141,4.88,8.8,1.43,8.61,2.74,2.66,3.95,6.93
9142,3.31,9.53,9.02,7.0,4.53,4.37,0.3,1.94
9143,5.87,7.37,1.74,7.91,6.11,4.41,0.34,6.25
9144,1.71,2.52,8.06,8.21,6.39,8.16,2.67,2.28
9145,5.48,4.88,2.78,6.79,3.13,5.22,8.06,3.66
9146,1.06,10.43,7.52,7.81,4.38,0.69,3.49,4.62
9147,3.3,10.38,3.51,8.55,4.65,3.6,4.43,1.58
9148,1.0,9.71,9.28,3.2,2.66,2.76,9.02,2.37
9149,3.38,9.37,6.08,8.38,1.24,0.41,5.01,6.13
9150,3.22,2.81,10.86,5.36,8.77,3.81,0.77,4.4
9151,2.06,0.74,10.61,5.48,2.34,2.8,4.66,11.31
9152,5.81,7.23,2.87,2.38,6.15,2.29,4.12,9.15
9153,3.2,8.14,8.23,6.1,1.48,5.73,6.63,0.49
9154,3.82,1.51,6.98,0.75,6.08,5.8,11.26,3.8
9155,7.65,6.32,6.48,3.9,1.51,3.79,5.46,4.89
9156,1.68,8.24,9.67,5.3,5.12,5.53,3.38,1.08
9157,6.39,6.78,1.64,9.11,6.04,6.53,2.72,0.79
9158,9.21,7.7,0.44,5.1,5.63,7.32,0.28,4.32
9159,1.58,5.71,8.01,8.58,7.59,0.75,7.48,0.3
9160,3.94,2.62,11.02,0.97,0.87,11.55,1.73,7.3
9161,1.01,1.93,3.91,0.91,14.09,2.12,10.42,5.61
9162,5.42,3.42,1.62,8.97,6.42,5.97,2.7,5.48
9163,6.35,5.44,2.59,1.96,6.88,8.3,3.4,5.08
9164,5.4,5.54,7.39,5.07,2.62,2.75,10.67,0.56
9165,2.97,9.39,4.32,2.72,7.88,4.29,2.86,5.57
9166,3.53,0.78,8.79,5.26,9.63,6.08,1.3,4.63
9167,9.1,2.29,8.13,2.61,6.73,3.5,3.5,4.14
9168,5.26,7.26,7.44,7.91,0.93,2.69,6.42,2.09
9169,6.22,8.35,6.04,1.86,4.83,5.07,4.56,3.07
9170,6.32,0.67,7.64,8.65,7.6,3.0,5.12,1.0
9171,4.89,1.95,3.57,9.95,6.88,2.89,2.09,7.78
9172,0.97,8.37,5.36,1.4,10.27,7.13,4.03,2.47
9173,9.15,4.27,8.66,0.81,3.57,4.95,2.81,5.78
9174,6.08,7.9,1.14,1.2,1.46,8.57,3.46,10.19
9175,1.02,4.76,6.16,0.92,10.5,5.37,2.21,9.06
9176,5.93,0.62,1.83,6.8,8.86,6.25,4.7,5.01
9177,1.27,9.49,3.8,8.31,2.03,1.75,0.67,12.68
9178,7.96,4.82,3.5,5.15,5.78,7.01,0.4,5.38
9179,2.54,4.62,0.82,3.01,10.67,7.63,8.11,2.6
9180,2.86,0.82,1.18,13.62,7.31,7.4,5.46,1.35
9181,1.8,9.26,7.09,7.61,6.99,0.54,2.02,4.69
9182,2.43,5.54,5.68,8.53,7.02,3.13,1.08,6.59
9183,1.8,9.74,9.02,2.68,6.11,5.35,4.94,0.36
9184,9.54,6.87,0.87,0.79,4.7,6.53,9.31,1.39
9185,1.92,2.63,7.55,10.38,1.98,8.08,0.38,7.08
9186,3.14,7.11,8.62,2.6,1.84,9.73,6.89,0.07
9187,2.88,9.4,3.86,2.19,7.19,8.39,3.01,3.08
9188,4.04,5.58,4.86,5.68,7.13,3.86,3.29,5.56
9189,4.13,9.98,3.87,1.9,7.11,7.07,0.47,5.47
9190,7.93,5.83,3.11,1.14,8.34,7.8,4.94,0.91
9191,1.67,3.72,10.38,5.19,2.01,7.78,6.16,3.09
9192,9.76,7.24,1.37,7.32,3.49,3.75,6.2,0.87
9193,7.73,1.81,4.49,7.85,8.11,4.85,2.3,2.86
9194,1.36,1.8,3.5,2.52,7.39,5.38,13.13,4.92
9195,6.15,7.33,1.74,4.7,2.37,11.74,4.47,1.5
9196,7.78,9.01,6.93,4.57,1.82,3.93,1.18,4.78
9197,4.87,3.79,4.41,2.26,8.66,9.41,5.71,0.89
9198,1.7,9.69,7.99,3.68,0.65,5.46,7.05,3.78
9199,3.15,3.7,1.35,10.03,6.49,0.79,1.68,12.81
9200,7.78,9.05,0.7,2.95,0.68,8.49,6.43,3.92
9201,5.2,7.74,0.51,5.19,3.77,10.14,4.74,2.71
9202,9.27,5.15,6.87,0.42,3.93,5.4,3.66,5.3
9203,6.64,1.98,8.09,2.79,7.76,6.55,3.57,2.62
9204,2.38,8.46,6.9,8.4,2.97,4.72,3.3,2.87
9205,6.94,1.92,10.1,2.64,3.9,8.48,5.7,0.32
9206,5.79,8.04,5.0,5.48,4.85,0.76,8.28,1.8
9207,4.45,8.63,6.26,7.88,0.79,3.04,7.79,1.16
9208,6.2,8.13,8.3,1.92,1.9,7.05,2.64,3.86
9209,1.91,4.99,3.1,1.45,5.66,12.62,1.23,9.04
9210,3.75,4.92,5.52,1.12,3.19,11.36,8.5,1.64
9211,6.31,2.24,8.67,6.88,7.56,4.11,2.02,2.21
9212,7.98,6.46,6.8,5.2,0.6,1.43,7.4,4.13
9213,6.94,7.02,1.85,6.12,8.49,3.89,3.26,2.43
9214,9.18,1.73,0.71,10.81,5.48,3.31,3.1,5.68
9215,1.69,10.85,3.08,4.1,2.55,7.23,5.9,4.6
9216,4.95,6.07,7.6,5.74,1.0,6.58,6.53,1.53
9217,3.26,9.42,2.39,3.25,7.3,7.73,5.32,1.33
9218,5.11,4.26,10.03,6.0,4.14,3.34,1.49,5.63
9219,6.39,3.65,6.75,5.02,8.35,4.97,4.22,0.65
9220,9.1,7.51,7.53,3.74,5.21,0.94,3.21,2.76
9221,3.63,4.24,3.15,8.41,2.74,1.47,1.6,14.76
9222,1.83,9.5,2.52,7.99,1.15,1.98,1.88,13.15
9223,2.68,5.25,10.09,1.24,1.58,4.82,5.99,8.35
9224,3.52,8.33,6.57,5.68,1.41,0.71,6.4,7.38
9225,4.91,1.87,8.39,7.33,1.17,10.01,1.23,5.09
9226,7.47,7.52,0.56,5.27,3.57,5.63,9.34,0.64
9227,6.6,8.49,8.14,2.27,3.08,6.58,4.6,0.24
9228,5.25,1.47,4.16,5.44,9.83,8.08,4.2,1.57
9229,0.58,9.29,4.95,9.51,5.36,3.05,2.9,4.36
9230,9.58,7.42,6.14,2.92,3.63,3.3,6.06,0.95
9231,6.2,7.72,4.82,1.31,1.92,10.99,4.38,2.66
9232,2.52,6.2,4.51,8.25,6.82,4.62,4.59,2.49
9233,4.17,6.47,7.32,5.96,3.93,2.0,9.8,0.35
9234,4.47,6.06,5.12,8.62,6.17,4.85,4.19,0.52
9235,9.11,3.85,3.69,0.97,10.04,8.06,0.57,3.71
9236,7.01,5.86,6.53,4.96,5.15,2.78,6.62,1.09
9237,4.04,6.75,0.73,10.02,7.3,4.91,4.23,2.02
9238,6.01,7.52,3.05,3.51,1.99,2.6,6.61,8.71
9239,2.5,8.57,5.33,5.05,9.12,3.44,2.86,3.13
9240,8.45,1.01,5.98,9.22,2.26,7.88,2.96,2.24
9241,2.24,7.3,6.99,8.92,5.78,3.63,0.55,4.59
9242,3.7,2.78,0.86,9.27,8.45,3.69,6.14,5.11
9243,2.21,5.54,8.44,5.61,3.36,3.63,7.5,3.71
9244,3.89,2.59,10.2,4.25,7.5,2.56,4.78,4.23
9245,7.2,6.59,3.62,1.9,5.61,5.42,4.28,5.38
9246,4.76,1.08,10.08,8.63,3.05,7.97,2.08,2.35
9247,8.8,4.65,0.62,4.77,0.71,7.52,8.06,4.87
9248,3.88,3.68,1.78,7.02,1.3,9.98,11.8,0.56
9249,2.86,10.04,6.31,3.55,6.83,4.19,0.85,5.37
9250,0.5,8.23,0.9,1.43,13.41,4.95,5.08,5.5
9251,1.48,3.47,9.76,6.61,7.52,2.1,2.24,6.82
9252,9.82,1.94,5.83,5.61,4.47,1.0,2.42,8.91
9253,3.51,8.25,2.2,4.47,7.73,0.79,8.22,4.83
9254,1.28,4.04,8.74,1.66,5.14,10.11,6.29,2.74
9255,9.54,7.29,4.55,2.7,2.66,2.24,5.19,5.83
9256,5.59,2.03,7.57,1.24,7.02,10.66,4.1,1.79
9257,6.0,2.73,3.24,9.03,7.43,4.82,4.14,2.61
9258,4.78,7.72,1.5,4.22,2.89,1.99,11.71,5.19
9259,2.6,5.31,2.65,11.64,8.24,0.56,7.96,1.04
9260,6.82,9.17,7.76,5.34,1.57,5.72,1.04,2.58
9261,9.69,7.24,2.45,4.38,2.43,8.65,0.71,4.45
9262,4.42,1.71,9.94,2.52,1.32,9.07,6.2,4.82
9263,7.41,8.37,5.77,1.49,6.34,5.41,1.79,3.42
9264,2.75,5.22,8.08,5.94,2.82,6.17,5.83,3.19
9265,4.14,8.17,2.29,9.92,6.68,5.65,0.24,2.91
9266,6.86,2.29,6.24,0.83,4.52,3.4,1.32,14.54
9267,6.92,4.94,4.73,2.94,5.05,7.41,6.31,1.7
9268,3.29,9.46,5.78,1.6,7.97,2.2,5.71,3.99
9269,5.6,2.53,9.92,3.05,3.31,4.59,2.65,8.35
9270,5.32,8.56,2.76,6.97,6.99,5.26,3.59,0.55
9271,3.09,1.76,9.02,6.89,2.39,8.34,3.17,5.34
9272,5.96,7.64,6.03,5.05,2.87,2.42,6.15,3.88
9273,6.29,3.37,5.05,3.36,0.97,1.09,6.29,13.58
9274,9.25,4.79,4.78,1.78,5.89,1.7,7.08,4.73
9275,4.59,9.87,7.09,4.49,5.98,3.4,2.26,2.32
9276,0.58,10.62,3.53,5.04,9.2,6.67,2.73,1.63
9277,6.86,9.22,1.12,8.65,4.45,0.76,7.07,1.87
9278,1.97,1.7,3.52,7.84,7.92,0.79,13.4,2.86
9279,7.0,8.51,4.87,6.11,3.95,5.52,0.43,3.61
9280,6.55,7.04,2.4,5.94,1.17,0.78,11.07,5.05
9281,9.3,2.89,4.63,6.97,1.63,5.39,1.31,7.88
9282,3.17,1.74,7.8,7.47,2.98,8.6,2.78,5.46
9283,7.31,8.99,5.18,6.67,3.56,2.8,4.92,0.57
9284,7.75,4.57,2.54,3.93,1.87,7.35,5.68,6.31
9285,8.97,6.53,2.14,7.44,5.91,5.37,0.79,2.85
9286,8.38,5.25,4.96,7.34,5.3,2.34,1.35,5.08
9287,4.24,4.74,6.63,2.98,5.96,4.71,4.97,5.77
9288,9.64,4.15,7.58,6.29,2.84,5.25,0.26,3.99
9289,4.71,1.88,6.44,3.8,3.77,3.18,11.86,4.36
9290,1.08,2.76,7.97,10.53,4.74,3.9,3.52,5.5
9291,5.76,5.58,2.67,5.0,1.0,9.2,2.0,8.79
9292,1.63,6.92,3.54,9.7,0.96,11.36,4.95,0.94
9293,8.56,5.79,3.08,2.36,9.69,6.12,4.29,0.11
9294,7.97,7.83,1.16,0.8,2.26,1.65,13.64,4.69
9295,4.32,9.71,7.44,4.65,0.91,4.47,5.51,2.99
9296,5.11,0.52,8.2,10.25,1.37,5.94,4.95,3.66
9297,2.21,8.9,6.3,0.5,5.54,3.48,7.64,5.43
9298,8.08,1.21,5.62,0.52,8.15,5.96,0.83,9.63
9299,4.83,5.92,2.39,7.87,8.19,2.22,5.57,3.01
9300,8.36,2.44,6.06,0.92,2.08,12.8,2.28,5.06
9301,8.91,8.49,4.11,0.42,6.78,5.93,3.6,1.76
9302,4.3,6.24,7.32,7.15,2.22,3.37,6.95,2.45
9303,8.76,3.09,2.28,4.24,6.1,2.07,13.39,0.07
9304,0.6,3.89,11.77,3.0,5.78,5.22,0.57,9.17
9305,4.09,5.65,8.23,6.54,2.78,3.23,9.39,0.09
9306,5.4,5.48,9.7,2.59,7.35,0.61,0.68,8.19
9307,2.73,6.77,5.16,1.85,11.07,8.28,2.52,1.62
9308,4.86,0.64,1.16,11.75,6.96,2.96,11.54,0.13
9309,5.63,5.34,4.94,2.15,6.46,3.63,8.94,2.91
9310,7.74,7.72,4.91,0.85,7.29,7.02,1.3,3.17
9311,1.74,10.67,6.84,3.99,3.09,1.01,0.7,11.96
9312,4.21,7.65,2.23,0.86,1.77,10.4,0.86,12.02
9313,3.31,4.15,4.02,9.53,8.55,3.88,6.25,0.31
9314,3.01,7.67,8.55,4.15,3.19,0.82,0.98,11.63
9315,2.75,2.72,8.42,1.3,4.0,0.99,14.91,4.91
9316,8.15,7.81,4.64,7.44,2.56,4.99,4.08,0.33
9317,4.98,9.6,8.0,2.55,3.6,7.38,3.83,0.06
9318,3.96,1.48,3.32,10.92,7.11,1.51,1.09,10.61
9319,7.97,4.96,8.63,4.97,5.56,1.95,0.34,5.62
9320,9.27,2.92,1.09,6.75,8.09,0.76,6.17,4.95
9321,9.55,3.8,8.42,5.89,1.89,1.92,8.03,0.5
9322,6.43,8.39,7.29,6.39,0.46,2.55,5.25,3.24
9323,3.94,4.49,6.89,7.31,7.82,4.22,2.95,2.38
9324,4.35,3.97,2.52,8.32,3.24,9.58,0.78,7.24
9325,6.31,2.32,7.92,4.68,2.36,8.86,5.57,1.98
9326,1.95,5.16,9.32,2.27,3.07,3.65,8.76,5.82
9327,9.65,0.95,5.27,8.29,1.93,2.87,3.3,7.74
9328,2.82,7.26,1.43,0.59,1.6,10.02,7.08,9.2
9329,4.6,7.29,1.94,4.18,8.77,1.97,1.45,9.8
9330,3.94,8.3,1.43,5.03,6.53,6.96,4.04,3.77
9331,9.47,6.53,5.03,0.89,5.2,2.04,5.72,5.12
9332,2.02,4.16,1.34,5.72,4.9,13.46,5.01,3.39
9333,7.61,8.86,4.8,3.67,6.99,1.95,3.56,2.56
9334,7.17,8.68,6.53,3.6,2.61,0.76,7.0,3.65
9335,9.82,2.54,6.8,1.36,3.42,1.18,12.62,2.26
9336,2.17,8.31,5.62,9.16,5.71,0.38,3.17,5.48
9337,3.87,0.52,8.76,5.55,7.32,1.78,4.96,7.24
9338,2.9,2.38,6.38,3.64,10.99,8.68,3.65,1.38
9339,2.98,0.96,2.03,8.56,6.5,4.78,3.27,10.92
9340,7.86,0.76,9.62,6.85,7.08,2.59,1.58,3.66
9341,7.73,3.61,6.97,2.77,3.3,1.66,2.09,11.87
9342,2.61,6.73,9.5,7.67,3.75,4.9,3.31,1.53
9343,8.89,3.1,9.06,5.72,3.41,3.96,5.28,0.58
9344,5.42,1.82,1.79,0.69,11.89,3.39,5.74,9.26
9345,4.18,9.22,3.96,3.68,6.76,3.61,2.05,6.54
9346,5.53,2.98,6.08,9.3,3.07,7.7,3.41,1.93
9347,9.5,5.89,6.13,4.79,4.64,4.8,2.23,2.02
9348,4.4,8.32,5.55,1.34,3.11,4.68,9.5,3.1
9349,9.86,1.77,3.53,4.52,9.41,4.42,3.9,2.59
9350,6.35,7.99,6.14,2.51,5.11,6.53,3.39,1.98
9351,5.48,6.94,6.55,2.85,3.65,7.04,4.52,2.97
9352,7.54,1.69,10.26,3.75,1.23,3.35,7.25,4.93
9353,6.63,9.36,0.55,0.52,10.84,3.76,5.22,3.12
9354,3.76,4.87,3.76,2.64,6.55,10.8,5.12,2.5
9355,4.17,9.07,8.7,0.89,4.09,1.97,9.63,1.48
9356,9.42,5.68,2.24,3.35,8.11,7.09,2.57,1.54
9357,3.26,5.17,7.53,2.14,3.04,10.82,4.86,3.18
9358,7.64,1.53,7.27,7.16,5.54,2.83,7.98,0.05
9359,9.8,4.68,3.86,4.27,1.52,2.53,3.17,10.17
9360,6.31,3.77,9.11,3.88,3.76,8.04,1.12,4.01
9361,7.0,3.4,2.59,8.1,5.94,6.59,2.73,3.65
9362,4.29,5.14,4.51,7.88,3.13,9.77,1.55,3.73
9363,7.91,7.47,5.51,0.47,8.14,5.71,3.61,1.18
9364,4.01,0.75,6.08,10.5,5.07,7.05,2.43,4.11
9365,9.37,2.03,6.22,7.52,1.68,6.4,3.92,2.86
9366,3.42,6.53,2.68,8.07,7.57,2.79,2.36,6.58
9367,4.16,1.38,4.56,5.49,4.45,11.03,1.53,7.4
9368,3.82,1.32,3.52,6.03,12.29,3.59,6.4,3.03
9369,5.32,9.65,5.07,1.17,5.78,0.55,7.66,4.8
9370,9.38,4.81,2.95,5.89,6.26,4.3,0.83,5.58
9371,7.18,1.89,8.19,4.52,7.0,1.66,4.73,4.83
9372,4.14,6.38,3.55,0.88,2.16,11.14,7.71,4.04
9373,5.54,1.09,2.41,6.54,1.22,7.91,2.37,12.92
9374,9.54,7.52,1.26,7.02,4.7,3.07,5.06,1.83
9375,8.23,8.38,5.31,5.93,4.08,3.89,1.03,3.15
9376,7.81,3.44,3.48,5.16,7.85,7.7,3.83,0.73
9377,0.93,10.68,7.94,4.32,2.0,8.37,4.37,1.39
9378,7.29,8.53,7.64,3.02,3.74,0.52,8.94,0.32
9379,1.09,8.75,5.07,2.01,1.54,5.22,12.28,4.04
9380,9.47,3.62,6.23,0.98,2.02,7.29,4.36,6.03
9381,4.84,3.23,3.46,3.0,6.67,9.99,5.13,3.68
9382,1.07,8.36,8.63,4.82,6.59,2.11,7.74,0.68
9383,3.25,7.86,5.14,3.28,3.53,0.75,13.3,2.89
9384,6.71,8.92,7.9,0.88,4.06,4.34,4.78,2.41
9385,6.69,7.42,3.8,2.47,4.5,5.1,2.5,7.52
9386,5.54,8.06,5.94,3.96,1.56,2.62,6.36,5.96
9387,2.47,1.87,9.68,4.04,0.71,3.87,5.22,12.14
9388,5.11,6.54,3.15,4.85,2.0,4.63,11.05,2.67
9389,4.63,9.29,1.21,7.27,7.74,3.62,1.84,4.4
9390,8.48,7.29,0.6,8.86,1.18,7.8,4.45,1.34
9391,7.74,4.41,8.55,4.1,6.31,1.75,5.96,1.18
9392,8.04,7.7,2.12,3.62,8.43,4.88,4.32,0.89
9393,3.2,7.39,7.65,1.28,8.29,4.78,4.11,3.3
9394,0.98,4.47,8.88,9.23,7.12,0.8,4.31,4.21
9395,3.52,4.94,1.44,7.82,3.5,10.09,6.37,2.32
9396,5.39,0.89,2.57,2.54,8.48,0.87,3.09,16.17
9397,5.2,8.66,4.31,7.59,6.73,0.96,1.88,4.67
9398,6.81,1.65,5.72,10.23,7.74,2.59,3.26,2.0
9399,3.2,10.29,6.92,5.46,0.77,2.81,8.91,1.64
9400,4.29,2.64,8.35,1.75,10.51,6.35,4.49,1.62
9401,1.84,2.33,1.26,3.81,12.43,0.7,12.9,4.73
9402,1.57,5.99,10.55,6.94,5.08,3.84,3.16,2.87
9403,1.16,8.45,9.64,5.6,3.54,1.08,4.09,6.44
9404,6.64,8.11,4.04,5.92,6.11,1.53,0.55,7.1
9405,1.36,1.16,8.92,5.08,8.76,6.03,6.43,2.26
9406,1.38,8.0,3.15,3.65,8.5,1.02,5.98,8.32
9407,1.45,5.49,1.53,2.35,8.87,2.5,7.01,10.8
9408,1.91,4.44,4.51,3.31,2.91,10.35,6.58,5.99
9409,7.33,7.64,4.28,4.58,7.55,3.84,3.45,1.33
9410,0.79,1.72,4.34,3.95,9.01,5.76,13.53,0.9
9411,8.72,5.07,4.53,6.82,3.6,4.74,5.98,0.54
9412,3.04,3.92,3.36,0.68,13.57,7.37,6.42,1.64
9413,5.54,4.84,8.59,7.07,5.58,2.15,2.31,3.92
9414,4.01,4.19,2.22,7.0,1.93,0.76,13.73,6.16
9415,0.66,4.28,6.59,10.21,1.22,3.47,3.48,10.09
9416,2.03,9.12,3.45,6.27,6.35,6.58,1.82,4.38
9417,4.45,2.4,6.01,5.64,9.14,4.4,1.7,6.26
9418,0.67,5.41,6.2,9.19,3.97,5.89,5.64,3.03
9419,5.93,1.72,6.63,9.75,5.23,3.78,6.11,0.85
9420,1.38,3.66,4.17,4.33,10.52,7.58,5.74,2.62
9421,0.95,6.96,7.34,8.09,7.42,2.32,3.03,3.89
9422,3.38,0.67,3.07,7.98,2.51,1.89,18.15,2.35
9423,7.27,6.64,4.13,2.01,0.52,2.46,2.05,14.92
9424,9.59,0.48,7.91,2.6,5.75,7.29,0.95,5.43
9425,4.38,8.68,2.15,2.42,5.74,1.21,4.81,10.61
9426,0.76,8.05,10.4,3.83,5.87,5.28,5.67,0.14
9427,7.43,2.52,2.73,5.62,3.35,4.2,11.23,2.92
9428,6.87,4.6,6.03,4.84,2.95,3.95,0.88,9.88
9429,2.45,8.88,4.58,2.33,1.4,8.76,8.17,3.43
9430,0.92,5.83,1.42,8.16,5.03,8.12,10.37,0.15
9431,9.27,6.75,6.63,6.76,4.85,3.79,0.32,1.63
9432,6.92,3.42,7.44,5.31,1.99,5.99,6.05,2.88
9433,8.08,3.85,5.59,7.64,3.81,0.63,6.11,4.29
9434,4.89,3.71,8.45,1.68,6.46,9.74,2.12,2.95
9435,4.35,4.07,6.34,4.11,0.99,5.66,6.54,7.94
9436,5.56,7.52,2.98,0.81,8.08,5.46,1.93,7.66
9437,2.38,2.67,5.91,1.96,1.2,9.81,7.48,8.59
9438,9.61,5.49,6.27,3.64,3.5,6.43,3.73,1.33
9439,9.31,1.09,6.61,5.63,3.1,3.89,6.52,3.85
9440,1.69,2.09,11.71,6.09,1.68,6.36,8.54,1.84
9441,7.74,2.77,4.51,9.19,4.09,7.67,1.26,2.77
9442,7.96,5.8,7.04,3.07,2.87,2.76,6.05,4.45
9443,5.84,3.1,9.7,4.27,7.66,2.21,4.84,2.38
9444,7.64,4.47,2.44,5.9,4.49,5.5,1.27,8.29
9445,5.03,7.52,5.95,3.87,8.68,1.95,3.19,3.81
9446,8.57,1.83,5.93,2.46,5.49,7.67,5.98,2.07
9447,6.23,2.03,0.91,2.43,12.68,5.82,1.63,8.27
9448,3.64,2.47,10.91,5.08,3.07,1.89,4.39,8.55
9449,3.43,9.25,8.87,2.61,6.88,0.61,8.15,0.2
9450,0.59,10.29,5.81,2.99,6.72,0.91,7.42,5.27
9451,2.42,9.43,6.16,5.07,3.41,7.42,4.66,1.43
9452,1.43,6.04,6.04,1.4,8.44,8.81,0.4,7.44
9453,7.14,8.29,3.35,8.3,1.38,5.83,1.55,4.16
9454,2.67,3.34,1.53,11.88,8.76,3.34,6.13,2.35
9455,7.16,8.47,3.52,6.41,5.03,3.29,0.48,5.64
9456,4.74,7.85,5.06,4.31,5.39,3.03,3.39,6.23
9457,5.78,2.54,7.84,5.7,3.02,2.9,11.64,0.58
9458,3.0,9.44,2.2,3.62,6.27,9.42,4.49,1.56
9459,4.54,2.44,8.16,1.11,6.02,5.71,5.24,6.78
9460,7.09,0.71,7.57,0.78,8.09,3.62,11.52,0.62
9461,3.24,3.79,7.65,7.04,8.24,2.24,5.61,2.19
9462,4.82,2.34,2.18,4.72,5.81,8.06,3.72,8.35
9463,9.2,0.97,6.8,8.27,4.44,0.88,3.07,6.37
9464,6.75,7.3,8.05,5.49,3.72,5.43,0.22,3.04
9465,6.12,2.72,9.7,1.0,9.01,3.59,0.4,7.46
9466,6.91,1.43,5.51,10.41,4.58,6.2,3.14,1.82
9467,4.66,4.4,7.76,7.84,2.89,1.56,10.71,0.18
9468,3.05,5.09,6.2,3.84,2.9,8.36,7.77,2.79
9469,6.66,9.43,3.46,7.7,2.5,2.22,5.32,2.71
9470,1.81,8.64,5.78,8.95,0.82,7.9,0.96,5.14
9471,0.51,3.76,4.55,5.81,3.96,6.9,3.02,11.49
9472,6.51,8.01,5.36,1.48,1.65,8.69,3.56,4.74
9473,2.58,7.62,4.33,4.21,7.98,2.74,5.11,5.43
9474,8.55,2.18,1.64,3.27,5.55,8.41,9.61,0.79
9475,8.28,0.71,3.78,8.61,2.1,9.02,0.66,6.84
9476,6.38,8.77,6.37,4.99,5.99,3.87,3.41,0.22
9477,4.54,6.05,6.46,3.36,5.53,3.1,7.29,3.67
9478,9.72,1.19,2.77,5.19,7.86,2.37,9.52,1.38
9479,5.29,7.66,0.51,9.32,7.6,3.65,3.38,2.59
9480,0.76,4.27,4.13,7.37,2.46,7.09,8.88,5.04
9481,2.9,6.51,9.41,4.76,5.28,7.01,3.7,0.43
9482,4.62,9.27,6.68,7.16,1.64,6.88,3.1,0.65
9483,1.39,9.32,1.54,10.16,8.33,6.08,2.67,0.51
9484,8.8,2.55,3.96,8.46,5.0,1.36,7.99,1.88
9485,8.6,7.74,2.68,4.46,3.43,8.44,0.92,3.73
9486,5.27,2.48,3.31,8.08,10.03,3.08,4.05,3.7
9487,8.68,2.29,2.3,6.44,5.44,7.46,4.78,2.61
9488,5.57,5.44,8.0,5.53,0.92,7.61,3.11,3.82
9489,6.17,9.23,4.21,8.09,4.37,0.89,2.52,4.52
9490,2.33,3.8,11.05,6.37,2.73,0.49,11.47,1.76
9491,2.87,9.55,7.67,6.18,4.69,4.15,2.52,2.37
9492,7.87,7.63,5.24,6.82,0.81,6.98,0.94,3.71
9493,5.1,5.59,2.44,2.69,2.89,13.34,4.33,3.62
9494,6.06,4.4,4.36,2.97,10.37,5.63,6.06,0.15
9495,1.96,4.89,10.87,3.09,9.34,2.14,4.0,3.71
9496,1.51,5.95,2.78,8.7,1.26,2.31,2.3,15.19
9497,0.87,3.68,3.06,4.72,9.23,2.02,14.42,2.0
9498,3.69,8.15,3.09,5.76,5.02,7.41,6.37,0.51
9499,2.77,8.41,0.61,11.0,5.1,4.14,7.14,0.83
9500,5.41,6.46,4.44,2.63,2.64,5.89,1.32,11.21
9501,9.6,2.43,8.63,3.41,2.34,6.28,6.58,0.73
9502,8.28,0.49,9.84,6.21,6.77,2.86,4.37,1.18
9503,0.58,1.95,5.18,12.43,7.35,7.8,2.98,1.73
9504,3.86,7.13,8.38,7.83,5.02,2.25,2.62,2.91
9505,4.34,3.92,1.66,5.66,8.15,2.59,12.41,1.27
9506,6.7,1.5,2.48,1.71,5.08,7.77,2.74,12.02
9507,2.48,2.57,10.05,1.08,8.71,5.09,1.6,8.42
9508,1.02,10.03,6.66,8.26,6.6,3.8,2.45,1.18
9509,7.4,4.18,8.93,1.95,1.86,5.75,8.44,1.49
9510,2.19,10.49,3.15,5.08,2.9,3.78,6.15,6.26
9511,1.98,2.07,7.75,6.81,6.81,6.15,3.15,5.28
9512,6.27,6.23,8.19,4.19,6.65,5.43,0.43,2.61
9513,0.53,9.09,6.58,8.41,2.21,5.33,6.45,1.4
9514,1.45,5.62,7.41,3.89,1.27,8.94,1.46,9.96
9515,9.33,4.46,2.09,4.89,2.46,1.94,7.54,7.29
9516,5.84,7.62,7.12,0.88,5.47,2.02,2.68,8.37
9517,3.97,8.79,6.59,5.14,5.61,0.6,9.23,0.07
9518,1.99,5.79,8.67,8.3,6.25,3.43,3.03,2.54
9519,1.51,7.96,5.4,7.71,4.04,6.25,3.92,3.21
9520,3.68,1.63,11.11,7.67,0.98,3.45,3.73,7.75
9521,6.72,4.1,4.89,6.09,1.81,7.69,2.24,6.46
9522,7.68,7.26,4.22,7.15,2.6,6.02,3.81,1.26
9523,9.76,2.31,0.57,0.9,4.17,10.06,4.46,7.77
9524,7.46,3.21,3.22,1.37,0.92,7.1,13.26,3.46
9525,5.93,7.29,8.13,2.69,1.56,2.56,3.01,8.83
9526,4.8,7.59,7.63,5.74,5.28,5.64,3.23,0.09
9527,9.81,4.87,1.7,0.8,1.17,7.44,6.86,7.35
9528,4.23,3.88,0.62,10.86,4.9,10.15,5.06,0.3
9529,8.53,7.58,6.75,5.85,3.97,3.97,2.63,0.72
9530,7.0,5.87,6.43,3.59,2.83,1.93,5.71,6.64
9531,1.18,1.06,1.1,2.34,9.48,12.46,11.24,1.14
9532,1.63,4.81,6.24,6.44,5.18,5.82,2.6,7.28
9533,4.02,1.98,3.72,2.33,12.42,8.32,4.79,2.42
9534,3.61,2.62,9.06,1.5,3.13,8.03,5.85,6.2
9535,1.54,5.34,9.88,8.08,5.65,0.94,2.28,6.29
9536,5.76,0.79,7.01,7.43,5.82,2.58,2.85,7.76
9537,3.21,10.08,4.92,5.82,2.93,8.1,1.93,3.01
9538,5.75,0.61,3.93,6.35,5.1,9.0,2.7,6.56
9539,5.45,9.09,3.27,4.33,4.84,2.75,3.41,6.86
9540,5.27,9.03,5.51,6.08,6.69,2.66,2.87,1.89
9541,7.9,8.82,5.65,2.75,4.34,6.92,3.36,0.26
9542,4.36,6.79,9.18,5.78,2.52,4.87,5.91,0.59
9543,3.95,0.94,10.82,9.52,6.0,4.04,3.5,1.23
9544,7.08,2.05,6.01,0.62,1.3,11.8,5.82,5.32
9545,5.51,7.31,3.54,7.35,4.91,5.08,5.89,0.41
9546,3.49,2.98,4.44,2.33,12.92,8.44,2.54,2.86
9547,1.7,0.7,7.99,4.74,2.97,7.54,5.4,8.96
9548,1.46,2.81,5.72,1.17,5.44,11.38,10.14,1.88
9549,5.39,2.81,6.06,4.9,7.05,1.06,1.38,11.35
9550,7.73,1.02,9.99,4.44,3.24,3.86,5.59,4.13
9551,5.59,5.85,1.21,10.63,0.8,1.29,5.74,8.89
9552,6.74,6.53,3.51,3.66,5.54,7.33,5.65,1.04
9553,8.95,4.46,3.46,4.6,0.77,9.08,0.81,7.87
9554,5.77,5.15,4.81,9.63,4.12,4.89,2.97,2.66
9555,3.66,5.49,7.58,8.59,0.59,0.58,4.15,9.36
9556,0.57,4.98,8.26,2.57,6.01,4.73,12.5,0.38
9557,6.58,1.46,0.55,7.75,6.76,3.6,7.1,6.2
9558,4.69,8.38,0.74,2.8,4.47,12.46,2.23,4.23
9559,6.57,7.8,5.71,2.49,5.96,6.23,3.27,1.97
9560,1.07,6.85,3.15,1.72,10.35,4.51,3.79,8.56
9561,6.44,6.71,6.02,8.32,4.89,2.04,2.05,3.53
9562,3.2,8.08,7.56,3.03,1.35,3.57,10.85,2.36
9563,5.75,7.65,6.14,8.16,1.65,6.78,2.47,1.4
9564,0.62,4.9,4.14,0.61,9.53,5.81,9.2,5.19
9565,6.39,5.71,5.25,1.59,9.79,2.12,5.23,3.92
9566,7.11,4.3,6.81,2.71,2.84,3.37,2.31,10.55
9567,2.47,7.15,6.84,2.2,10.67,6.03,2.7,1.94
9568,9.53,8.51,4.86,1.01,6.59,0.69,2.44,6.37
9569,3.41,4.01,6.35,2.16,3.01,3.74,6.64,10.68
9570,7.13,7.32,3.77,1.56,3.36,5.39,3.47,8.0
9571,3.42,10.13,5.6,4.16,2.28,1.54,4.57,8.3
9572,4.24,7.01,4.1,7.45,7.02,1.14,3.42,5.62
9573,5.63,6.29,2.31,6.03,3.79,9.6,2.51,3.84
9574,2.92,4.58,1.65,7.87,9.67,3.23,7.22,2.86
9575,3.8,6.96,8.63,1.2,3.45,2.49,6.05,7.42
9576,8.2,6.37,8.14,0.37,6.6,4.7,5.39,0.23
9577,5.62,8.26,6.64,2.24,6.74,2.66,1.55,6.29
9578,7.44,3.91,9.23,6.53,4.91,1.96,0.55,5.47
9579,3.01,3.15,2.73,7.63,4.95,11.81,2.45,4.27
9580,6.47,6.45,4.85,6.61,2.16,6.8,6.0,0.66
9581,5.7,1.54,9.47,6.83,6.2,1.37,4.56,4.33
9582,6.85,1.6,9.59,1.47,5.72,6.14,5.44,3.19
9583,2.93,2.1,10.79,6.18,4.18,7.63,1.78,4.41
9584,8.71,6.93,7.34,1.94,0.55,2.65,3.68,8.2
9585,3.28,0.85,9.22,0.85,10.92,3.88,4.94,6.06
9586,5.52,5.05,7.4,8.37,5.04,2.23,3.64,2.75
9587,4.77,2.34,9.29,8.03,4.0,1.77,7.64,2.16
9588,3.64,5.82,2.15,10.54,5.74,7.06,3.69,1.36
9589,6.56,1.39,4.29,7.04,1.34,12.73,3.24,3.41
9590,1.04,2.3,5.82,5.83,1.64,8.55,5.88,8.94
9591,3.97,2.23,2.53,10.31,4.36,10.89,4.19,1.52
9592,3.49,2.36,10.17,5.85,4.28,1.8,1.39,10.66
9593,9.34,1.78,5.67,3.55,6.64,4.06,2.74,6.22
9594,7.73,8.3,1.22,2.9,3.56,4.28,1.18,10.83
9595,6.26,1.87,9.05,3.95,6.73,6.65,4.77,0.72
9596,4.29,6.51,8.25,6.8,2.72,4.51,4.69,2.23
9597,4.25,3.88,7.15,3.71,7.93,4.61,6.15,2.32
9598,8.51,5.71,4.62,3.76,0.63,4.43,1.38,10.96
9599,9.36,3.62,3.86,5.77,0.98,9.27,0.48,6.66
9600,5.03,6.85,6.57,6.57,6.39,1.08,4.49,3.02
9601,2.16,4.88,9.9,4.0,3.93,4.9,1.69,8.54
9602,6.96,1.86,1.09,4.92,2.41,10.12,2.14,10.5
9603,3.59,3.65,4.03,4.5,11.65,1.85,8.98,1.75
9604,3.04,8.07,2.44,4.04,3.1,8.19,3.39,7.73
9605,1.06,10.32,7.37,2.2,7.1,7.77,1.34,2.84
9606,7.44,1.16,5.35,6.55,1.06,2.28,5.94,10.22
9607,6.99,4.54,0.7,5.94,3.88,6.03,9.4,2.52
9608,2.44,7.34,8.23,7.46,3.78,3.5,3.19,4.06
9609,4.43,0.64,10.05,4.0,0.97,8.5,8.9,2.51
9610,9.01,5.58,4.94,1.43,9.16,2.41,6.41,1.06
9611,6.47,3.61,2.09,2.0,6.76,3.78,2.77,12.52
9612,7.45,5.15,7.56,7.13,3.18,4.54,2.57,2.42
9613,8.46,3.76,6.01,6.92,2.3,5.89,1.86,4.8
9614,8.99,1.08,7.43,2.82,7.76,4.77,3.83,3.32
9615,2.07,6.58,8.48,1.92,5.71,3.94,11.18,0.12
9616,3.98,1.54,4.57,9.26,1.1,1.82,2.63,15.1
9617,9.99,3.64,2.19,4.39,4.62,2.05,11.81,1.31
9618,5.58,5.62,6.05,2.35,1.35,3.31,15.4,0.34
9619,5.73,4.08,6.26,1.58,2.19,9.85,8.7,1.61
9620,4.65,9.07,8.75,6.94,0.95,4.05,0.7,4.89
9621,2.85,2.77,8.34,7.25,1.03,1.06,3.16,13.54
9622,1.78,1.25,10.11,7.86,4.28,2.55,1.56,10.61
9623,8.55,6.79,1.34,7.94,5.08,1.24,3.23,5.83
9624,8.14,1.8,1.04,1.64,2.56,13.49,4.59,6.74
9625,2.32,2.43,7.47,8.99,5.24,8.78,0.99,3.78
9626,8.22,4.73,0.99,5.03,3.79,0.75,1.92,14.57
9627,4.74,5.78,4.24,9.25,7.89,1.34,0.95,5.81
9628,8.57,5.32,7.76,5.71,1.76,1.7,1.11,8.07
9629,6.39,4.68,4.43,2.64,3.63,3.64,1.03,13.56
9630,2.42,3.75,4.7,6.44,9.54,4.06,5.97,3.12
9631,3.23,7.03,7.26,7.16,5.86,2.77,0.66,6.03
9632,7.15,2.49,1.36,3.28,12.27,1.7,8.91,2.84
9633,6.51,7.83,0.61,5.59,5.05,3.69,8.26,2.46
9634,9.82,6.59,3.22,0.78,5.27,5.25,3.36,5.71
9635,3.99,9.42,7.6,3.63,2.72,5.38,1.53,5.73
9636,2.36,1.65,6.02,5.99,10.47,2.45,8.23,2.83
9637,0.77,2.26,4.48,9.4,9.17,4.32,7.26,2.34
9638,8.47,6.18,0.64,7.75,4.19,2.88,1.33,8.56
9639,0.53,10.51,4.97,7.49,6.62,1.29,7.32,1.27
9640,9.78,5.66,1.61,4.89,4.34,4.0,5.91,3.81
9641,2.9,0.98,8.54,2.04,10.96,5.03,5.46,4.09
9642,4.52,5.75,4.77,8.14,1.36,3.7,2.99,8.77
9643,7.5,2.49,9.44,2.96,4.49,2.2,2.4,8.52
9644,8.53,0.8,6.5,6.75,1.77,2.53,5.59,7.53
9645,1.66,2.93,0.7,1.17,7.46,2.67,17.82,5.59
9646,9.81,0.5,2.64,7.25,7.39,1.23,8.55,2.63
9647,7.88,5.09,6.3,5.76,2.42,1.59,4.4,6.56
9648,7.86,8.74,6.99,3.87,4.64,1.61,4.49,1.8
9649,3.93,7.3,2.68,8.24,6.79,1.35,9.62,0.09
9650,5.56,1.47,9.27,2.43,5.91,2.93,11.96,0.47
9651,3.48,6.71,4.36,3.97,4.09,1.1,9.11,7.18
9652,7.67,4.08,4.97,4.28,2.02,7.3,4.56,5.12
9653,2.04,5.28,0.94,11.07,7.8,2.36,7.27,3.24
9654,9.03,0.68,7.85,8.6,1.57,4.77,3.22,4.28
9655,9.42,2.39,5.19,2.5,4.01,8.32,3.24,4.93
9656,2.67,2.54,2.65,7.87,8.47,4.27,9.9,1.63
9657,6.09,8.77,2.8,5.28,6.74,3.76,1.57,4.99
9658,8.7,5.73,4.39,3.41,4.81,6.69,5.23,1.04
9659,1.23,3.89,11.03,9.1,5.73,6.01,2.24,0.77
9660,2.25,8.06,6.26,4.05,6.55,0.64,11.34,0.85
9661,2.64,9.87,4.25,8.88,3.11,5.78,5.02,0.45
9662,2.4,3.0,8.43,3.18,3.36,1.73,15.49,2.41
9663,6.99,4.87,0.62,3.23,10.16,8.7,0.7,4.73
9664,1.05,5.01,1.0,1.81,14.79,10.73,0.46,5.15
9665,2.88,7.44,6.38,6.31,6.5,3.96,3.85,2.68
9666,7.0,2.84,8.69,5.53,2.34,7.67,2.74,3.19
9667,6.21,3.41,5.49,5.12,7.25,8.23,1.24,3.05
9668,2.43,4.71,4.19,1.24,6.59,12.36,2.45,6.03
9669,5.1,4.08,8.27,7.85,6.49,3.85,3.03,1.33
9670,3.59,2.29,6.22,1.47,12.11,2.04,10.44,1.84
9671,9.74,8.13,1.5,1.14,2.59,9.42,3.93,3.55
9672,8.12,2.5,2.0,7.89,5.79,1.08,4.76,7.86
9673,1.97,0.8,5.41,3.57,7.68,7.61,6.44,6.52
9674,2.88,4.24,10.95,4.89,2.9,4.58,2.54,7.02
9675,5.94,1.19,1.64,10.49,7.7,3.31,8.04,1.69
9676,6.61,7.96,5.74,1.25,3.04,4.04,3.16,8.2
9677,4.21,2.47,2.49,3.82,5.74,0.81,11.09,9.37
9678,1.65,2.71,5.71,7.71,7.91,2.12,9.66,2.53
9679,7.45,2.07,2.81,7.84,7.3,4.06,7.22,1.25
9680,8.41,8.9,2.79,7.86,0.85,4.04,2.64,4.51
9681,6.9,4.39,8.66,0.42,6.8,2.68,9.37,0.78
9682,3.89,1.12,3.05,9.17,1.61,7.74,7.16,6.26
9683,9.49,3.05,6.15,8.46,1.01,0.85,1.83,9.16
9684,8.47,2.27,6.23,8.43,0.62,6.52,2.48,4.98
9685,1.47,7.69,3.42,4.5,1.15,2.36,16.73,2.68
9686,6.27,6.46,3.07,2.66,5.14,8.11,3.7,4.59
9687,9.28,1.23,4.54,9.78,2.07,3.03,1.02,9.05
9688,6.8,3.6,1.79,7.4,8.47,3.12,4.46,4.36
9689,8.28,3.68,1.94,1.6,4.03,11.47,3.96,5.04
9690,3.98,4.54,9.67,2.87,3.47,3.42,6.88,5.17
9691,5.04,8.93,0.75,7.35,0.61,5.08,8.48,3.76
9692,2.41,9.33,4.17,6.18,1.37,1.8,2.25,12.49
9693,4.21,1.54,9.83,3.89,9.2,3.6,5.84,1.89
9694,6.73,6.58,4.64,1.85,8.07,4.86,4.38,2.89
9695,4.3,2.81,8.33,7.72,5.51,2.17,5.35,3.81
9696,6.05,9.52,4.86,1.59,4.48,0.61,12.0,0.89
9697,5.78,2.63,6.72,5.7,3.13,7.97,5.61,2.46
9698,4.01,1.69,4.93,11.32,1.13,8.73,2.16,6.03
9699,5.08,5.7,6.11,3.29,6.92,3.45,9.38,0.07
9700,3.63,3.09,5.48,10.72,6.59,5.33,1.48,3.68
9701,3.44,4.7,1.36,5.3,4.62,10.69,9.8,0.09
9702,8.77,4.78,7.51,7.13,4.44,3.4,1.37,2.6
9703,0.81,2.93,7.43,4.69,8.73,7.99,3.36,4.06
9704,9.94,0.89,0.52,6.68,10.08,4.06,7.2,0.63
9705,5.42,7.29,2.44,1.59,0.85,12.53,1.91,7.97
9706,4.84,4.25,4.23,1.1,10.78,1.23,8.82,4.75
9707,6.09,3.47,7.11,5.64,1.72,7.22,4.05,4.7
9708,7.62,2.08,4.48,8.09,1.26,10.05,2.91,3.51
9709,2.53,9.39,9.17,5.88,3.41,5.98,1.82,1.82
9710,2.43,7.25,3.48,9.4,3.07,5.9,6.68,1.79
9711,9.46,3.76,3.12,5.18,1.64,6.0,4.26,6.58
9712,4.85,5.73,9.03,3.87,7.55,1.28,3.99,3.7
9713,7.58,6.53,6.6,0.49,3.08,0.59,4.75,10.38
9714,1.49,3.68,8.27,5.52,5.14,0.79,12.8,2.31
9715,2.87,2.89,10.13,1.4,8.72,1.98,10.12,1.89
9716,3.64,5.69,9.8,6.64,5.75,1.6,4.01,2.87
9717,7.41,6.39,3.05,8.0,4.04,0.6,1.16,9.35
9718,4.65,6.0,1.72,1.32,8.67,7.87,0.79,8.98
9719,7.0,6.04,3.38,8.05,7.0,4.7,3.3,0.53
9720,7.5,2.96,1.09,8.2,9.47,2.6,2.53,5.65
9721,7.38,4.88,5.79,5.48,2.98,4.33,7.01,2.15
9722,4.71,1.14,2.21,12.01,6.95,1.23,7.62,4.13
9723,1.24,9.39,4.66,4.51,0.64,8.12,3.4,8.04
9724,5.59,9.33,4.57,0.58,2.05,9.6,2.79,5.49
9725,1.76,0.75,6.54,6.72,7.43,6.86,9.72,0.22
9726,7.79,4.73,3.41,7.89,6.82,2.25,4.63,2.48
9727,5.31,8.53,7.5,3.04,4.34,5.24,3.57,2.47
9728,1.01,10.42,7.7,1.17,0.6,10.62,1.29,7.19
9729,6.54,3.37,6.42,8.99,3.47,4.2,2.88,4.13
9730,5.93,7.35,8.53,4.62,6.61,1.29,1.61,4.06
9731,2.53,8.65,7.95,6.42,1.21,2.69,0.78,9.77
9732,5.05,1.14,8.23,3.31,8.48,5.22,6.41,2.16
9733,4.09,1.27,5.76,2.78,6.39,5.68,6.77,7.26
9734,5.73,5.51,0.91,10.63,2.9,9.11,1.1,4.11
9735,5.0,1.71,6.57,0.59,10.82,2.94,1.11,11.26
9736,7.64,4.52,6.66,7.43,4.49,6.0,1.65,1.61
9737,5.89,7.16,1.96,3.35,8.14,2.35,3.27,7.88
9738,3.72,5.26,8.03,1.61,9.21,7.06,4.19,0.92
9739,9.19,7.01,6.49,0.51,6.76,6.32,1.37,2.35
9740,7.84,7.52,4.25,5.33,7.38,1.95,1.68,4.05
9741,5.91,7.0,1.71,7.29,7.23,4.38,2.83,3.65
9742,7.81,5.16,1.93,6.85,6.6,6.87,0.65,4.13
9743,5.84,3.05,6.82,2.92,3.01,11.04,7.09,0.23
9744,0.78,3.13,4.82,3.08,4.4,15.8,6.38,1.61
9745,5.72,7.35,8.07,4.72,2.22,7.46,1.2,3.26
9746,3.35,7.52,3.02,5.45,3.31,7.99,5.08,4.28
9747,6.18,2.92,7.57,3.99,5.41,1.63,9.52,2.78
9748,1.51,4.89,5.91,6.54,1.43,4.69,2.88,12.15
9749,4.82,4.7,3.31,8.62,2.55,7.14,1.1,7.76
9750,0.58,10.86,7.45,7.65,1.45,1.16,6.66,4.19
9751,2.6,8.28,8.52,3.75,3.55,4.51,7.05,1.74
9752,1.54,2.25,10.37,8.8,6.07,3.45,2.79,4.73
9753,1.73,10.66,2.5,0.52,9.25,10.08,4.81,0.45
9754,8.93,6.88,5.35,1.22,1.29,4.49,0.88,10.96
9755,3.38,8.48,3.71,5.47,1.0,8.22,8.62,1.12
9756,5.03,0.59,5.07,4.45,3.1,8.67,4.38,8.71
9757,7.93,2.77,8.24,3.65,7.61,5.22,2.23,2.35
9758,2.08,0.75,3.24,5.43,4.37,12.06,8.9,3.17
9759,4.52,9.19,3.57,5.6,0.69,9.72,5.46,1.25
9760,3.33,7.4,9.73,3.42,4.52,7.57,3.75,0.28
9761,4.15,4.73,3.37,7.94,7.89,6.16,4.68,1.08
9762,8.88,1.24,8.66,3.15,1.06,6.69,4.36,5.96
9763,6.51,6.53,4.6,2.86,4.63,6.84,7.34,0.69
9764,2.25,0.79,6.89,9.0,9.87,7.35,2.95,0.9
9765,5.28,9.84,1.53,4.09,3.96,5.47,8.26,1.57
9766,6.45,4.21,6.28,4.61,1.35,9.04,0.95,7.11
9767,5.81,8.78,7.37,7.19,3.43,4.54,1.93,0.95
9768,3.28,6.38,4.0,9.39,8.17,3.93,2.3,2.55
9769,9.33,2.86,1.68,7.71,3.55,0.7,13.8,0.37
9770,1.92,2.59,9.7,3.1,0.64,6.3,9.74,6.01
9771,6.68,4.52,7.73,4.61,3.55,2.07,8.24,2.6
9772,4.35,9.41,5.32,1.1,4.47,9.44,0.3,5.61
9773,2.95,7.2,1.19,11.23,8.2,1.33,3.1,4.8
9774,8.84,3.32,3.64,8.88,3.86,6.6,1.94,2.92
9775,6.3,5.54,7.1,2.05,6.12,6.21,2.35,4.33
9776,9.82,7.62,6.79,0.49,6.41,3.28,4.81,0.78
9777,8.57,0.84,1.18,3.92,3.96,11.64,9.67,0.22
9778,5.32,5.06,2.81,3.53,10.12,6.21,0.7,6.25
9779,7.57,6.47,8.07,4.88,2.73,0.92,3.0,6.36
9780,9.29,8.72,3.72,3.61,4.17,2.83,1.97,5.69
9781,0.94,4.18,2.71,4.45,4.18,10.2,2.58,10.76
9782,9.58,0.94,3.13,6.77,1.0,11.98,4.9,1.7
9783,8.81,8.67,3.51,3.6,2.09,1.15,10.91,1.26
9784,1.73,5.31,5.23,8.37,1.36,3.34,11.06,3.6
9785,3.03,8.9,2.84,1.59,7.19,3.7,8.18,4.57
9786,4.52,1.58,8.56,0.9,10.51,3.67,3.04,7.22
9787,4.43,10.02,1.96,3.9,4.75,6.54,5.55,2.85
9788,1.56,5.85,10.25,6.59,0.44,3.65,10.0,1.66
9789,2.89,8.96,8.44,2.36,8.37,1.57,6.28,1.13
9790,1.25,5.23,10.87,1.27,1.66,11.45,3.08,5.19
9791,9.34,5.31,2.58,5.97,0.88,3.55,7.06,5.31
9792,3.03,8.37,4.71,8.56,0.48,4.46,4.95,5.44
9793,3.64,8.05,8.15,2.1,3.64,8.57,2.45,3.4
9794,9.84,7.62,2.49,7.49,3.96,4.02,3.65,0.93
9795,2.77,5.62,9.32,2.6,1.13,3.33,12.2,3.03
9796,7.48,6.94,5.26,5.37,4.28,5.38,0.37,4.92
9797,4.89,1.8,4.76,10.72,5.47,3.35,5.16,3.85
9798,7.23,9.07,6.23,1.01,2.31,8.34,4.49,1.32
9799,8.31,4.24,2.9,7.24,4.56,1.54,2.34,8.87
9800,3.38,6.05,3.3,6.03,3.07,1.14,14.38,2.65
9801,6.62,3.67,6.96,7.74,0.91,3.17,10.37,0.56
9802,5.62,2.79,4.22,7.43,3.14,6.67,2.59,7.54
9803,5.24,6.26,4.81,5.7,0.52,1.83,4.65,10.99
9804,8.24,7.36,5.41,4.71,5.78,4.21,2.6,1.69
9805,3.63,7.44,2.56,10.08,0.58,4.02,9.52,2.17
9806,8.11,3.04,1.21,2.87,7.34,0.85,6.04,10.54
9807,9.01,1.56,0.59,6.57,2.16,1.24,17.35,1.52
9808,7.25,1.1,9.12,7.55,3.97,1.3,7.89,1.82
9809,7.9,3.64,8.79,3.63,4.4,3.49,5.27,2.88
9810,6.18,9.37,2.39,2.87,8.38,0.78,6.87,3.16
9811,6.7,4.01,9.58,1.41,0.48,9.43,6.4,1.99
9812,4.08,1.65,2.02,1.9,2.77,9.88,10.93,6.77
9813,3.78,3.3,8.59,3.17,1.03,12.48,5.24,2.41
9814,1.06,6.81,7.74,5.14,3.47,6.19,4.75,4.84
9815,4.57,0.77,7.04,9.79,7.18,6.47,0.79,3.39
9816,0.96,9.15,2.69,2.91,8.13,4.79,1.06,10.31
9817,7.18,6.4,3.07,3.01,6.75,4.05,6.79,2.75
9818,3.74,8.02,4.34,2.26,2.98,6.51,2.19,9.96
9819,8.93,5.59,3.64,4.9,1.52,0.52,1.92,12.98
9820,8.83,2.19,3.18,0.98,4.21,8.97,10.86,0.78
9821,3.48,4.88,10.48,6.25,1.61,1.47,7.16,4.67
9822,3.43,4.6,2.38,3.25,6.76,5.24,3.96,10.38
9823,4.01,6.27,4.73,1.25,9.71,5.45,4.62,3.96
9824,4.2,2.96,9.52,5.94,2.61,6.9,3.82,4.05
9825,6.8,4.6,5.68,6.81,6.02,3.49,0.75,5.85
9826,1.01,6.2,4.87,8.54,2.0,7.3,8.91,1.17
9827,0.97,9.8,7.22,0.78,3.68,2.23,6.32,9.0
9828,6.86,3.09,9.07,6.44,3.94,4.8,2.21,3.59
9829,9.16,1.83,0.91,7.65,2.75,1.86,6.89,8.95
9830,2.93,1.22,1.37,7.15,3.44,15.83,5.12,2.94
9831,9.23,4.69,2.3,8.22,1.08,7.17,7.05,0.26
9832,2.42,4.73,0.82,5.87,0.95,5.66,17.44,2.11
9833,0.98,3.68,11.33,6.81,3.34,7.29,3.4,3.17
9834,4.16,7.4,7.96,3.99,4.73,1.46,6.68,3.62
9835,3.3,4.03,6.87,3.33,9.42,4.61,3.25,5.19
9836,0.82,1.27,12.56,5.52,3.97,6.23,8.54,1.09
9837,6.53,8.22,8.02,6.06,4.49,3.82,2.13,0.73
9838,1.43,2.38,6.46,2.59,7.99,1.11,5.31,12.73
9839,3.89,2.97,7.2,8.07,2.27,1.15,5.2,9.25
9840,3.18,1.38,0.99,10.29,8.64,2.92,4.86,7.74
9841,9.23,4.51,5.23,1.14,9.37,5.91,2.71,1.9
9842,6.11,4.69,7.72,1.28,5.49,2.61,11.82,0.28
9843,7.87,0.72,1.23,0.85,8.17,2.32,5.62,13.22
9844,3.67,3.3,8.84,5.06,8.36,4.8,2.18,3.79
9845,8.94,4.71,6.97,2.33,6.5,1.92,8.5,0.13
9846,5.98,2.57,1.76,0.63,1.6,12.98,12.95,1.53
9847,1.28,4.54,5.01,11.51,2.41,2.63,4.37,8.25
9848,2.71,8.52,8.4,2.66,8.57,1.42,7.6,0.12
9849,9.93,6.25,2.53,4.17,6.16,4.63,1.64,4.69
9850,6.62,2.13,5.16,1.74,7.95,5.88,1.63,8.89
9851,2.96,4.45,10.83,7.62,6.96,1.59,1.07,4.52
9852,3.31,1.32,2.84,10.65,4.67,4.36,7.21,5.64
9853,8.77,3.81,6.91,5.34,5.47,1.92,6.1,1.68
9854,3.03,8.02,3.38,0.75,3.99,5.51,9.1,6.22
9855,5.79,1.82,8.25,1.96,10.9,2.12,1.27,7.89
9856,4.75,5.02,2.2,9.74,0.48,7.72,1.8,8.29
9857,7.55,4.73,4.01,6.81,4.12,8.49,4.0,0.29
9858,9.35,4.38,4.06,1.83,6.24,4.82,6.47,2.85
9859,8.44,4.01,1.59,8.0,8.52,3.05,6.11,0.28
9860,3.82,7.23,1.34,3.74,10.26,8.66,3.39,1.56
9861,9.74,6.76,1.67,8.11,5.1,4.15,3.33,1.14
9862,7.35,2.88,9.12,2.39,2.34,2.48,5.92,7.52
9863,2.25,2.39,11.51,9.41,6.43,4.6,2.9,0.51
9864,3.36,6.25,8.25,4.51,7.9,3.18,1.62,4.93
9865,0.96,10.71,9.09,7.43,1.99,2.69,4.79,2.34
9866,3.93,0.85,9.13,7.85,3.64,6.77,4.43,3.4
9867,6.35,3.38,6.75,1.84,1.89,7.23,2.96,9.6
9868,2.09,2.26,5.31,1.48,12.11,5.77,1.34,9.64
9869,3.98,1.89,9.5,3.22,0.95,6.89,5.49,8.08
9870,2.83,7.71,2.73,10.14,5.28,4.56,3.11,3.64
9871,2.87,3.05,4.6,0.72,3.91,2.1,3.93,18.82
9872,4.07,8.34,5.23,1.24,7.03,4.62,6.94,2.53
9873,9.4,2.49,8.38,3.8,5.17,6.48,1.17,3.11
9874,0.54,7.1,4.75,8.8,6.56,2.08,4.5,5.67
9875,5.94,6.93,7.82,6.54,4.92,3.26,1.95,2.64
9876,8.32,2.25,5.31,8.81,0.56,4.32,3.41,7.02
9877,6.62,7.87,3.66,6.39,5.25,3.93,0.83,5.45
9878,3.73,3.66,8.46,3.02,8.29,0.78,8.28,3.78
9879,0.97,3.49,9.11,4.64,2.5,10.05,8.14,1.1
9880,4.99,7.13,6.62,1.13,3.38,6.6,3.1,7.05
9881,5.98,1.69,1.1,4.46,12.16,4.19,1.92,8.5
9882,6.23,6.15,1.73,5.42,4.36,9.29,6.04,0.78
9883,4.67,6.01,2.5,7.06,2.4,8.39,3.26,5.71
9884,0.74,10.79,6.84,4.3,1.95,4.96,2.96,7.46
9885,0.93,3.76,6.52,7.16,7.14,4.62,7.13,2.74
9886,3.5,6.82,4.68,9.9,0.63,5.75,0.79,7.93
9887,9.1,5.75,6.42,5.29,1.67,3.32,6.24,2.21
9888,4.77,5.29,6.7,7.59,6.58,1.32,2.59,5.16
9889,0.91,6.2,9.52,4.28,1.15,6.88,6.93,4.13
9890,2.17,1.22,7.09,8.04,9.03,7.66,3.84,0.95
9891,9.37,0.58,2.79,7.63,9.14,5.79,0.62,4.08
9892,4.89,1.72,10.2,2.65,5.0,5.12,3.66,6.76
9893,8.4,0.68,4.42,9.49,1.83,1.66,13.05,0.47
9894,4.63,6.6,2.11,9.13,7.45,1.92,3.83,4.33
9895,3.56,5.66,2.16,4.83,3.86,1.33,5.32,13.28
9896,1.57,4.66,1.78,11.57,0.6,12.43,5.45,1.94
9897,6.82,2.28,7.76,4.36,5.91,0.8,8.85,3.22
9898,2.65,0.72,11.04,2.68,8.54,1.08,11.68,1.61
9899,9.71,1.52,3.77,0.62,9.31,3.21,2.09,9.77
9900,9.08,3.45,1.75,2.62,9.28,2.1,2.66,9.06
9901,7.6,8.05,1.84,2.08,9.33,4.49,0.48,6.13
9902,6.05,2.36,8.03,6.66,4.58,4.12,2.11,6.09
9903,1.35,7.8,7.72,1.46,5.03,4.18,6.05,6.41
9904,0.57,10.26,3.6,2.07,6.73,2.65,5.94,8.18
9905,7.53,8.21,5.57,5.03,2.38,2.89,0.79,7.6
9906,9.22,1.01,6.73,3.98,0.54,3.83,4.6,10.09
9907,5.16,8.02,2.46,4.82,4.46,3.88,0.73,10.47
9908,6.79,1.14,2.91,7.15,3.81,8.51,2.59,7.1
9909,8.42,0.94,10.07,3.86,0.59,3.47,6.24,6.41
9910,7.78,3.95,3.08,2.49,5.98,7.01,6.15,3.56
9911,4.29,3.19,8.12,5.57,1.92,1.28,14.71,0.92
9912,8.69,0.54,7.13,2.93,5.85,9.54,1.77,3.55
9913,3.28,5.83,2.39,10.44,3.17,2.94,3.07,8.88
9914,7.62,6.81,7.05,6.87,4.29,2.68,2.53,2.15
9915,7.46,4.8,6.63,6.42,4.14,1.77,4.25,4.53
9916,0.82,3.78,3.43,5.83,2.9,11.09,6.08,6.07
9917,8.43,1.75,5.02,3.1,2.39,12.42,1.03,5.86
9918,3.37,7.21,1.57,2.73,5.24,3.88,8.5,7.5
9919,6.46,5.59,7.43,6.32,0.52,2.66,9.58,1.44
9920,8.2,7.0,7.81,2.9,0.98,1.16,1.24,10.71
9921,8.12,7.3,7.13,3.79,6.28,2.23,2.77,2.38
9922,3.38,1.44,0.97,4.53,14.55,8.9,3.14,3.09
9923,4.11,5.47,2.41,1.82,3.02,7.6,3.6,11.97
9924,7.38,8.73,2.06,7.44,6.77,1.55,3.42,2.65
9925,9.54,0.94,9.35,7.32,2.05,1.73,1.43,7.64
9926,7.67,1.23,7.21,5.18,1.82,6.39,8.0,2.5
9927,6.2,9.19,5.97,5.98,3.72,4.47,1.87,2.6
9928,0.94,10.29,6.54,2.24,5.08,9.15,2.14,3.62
9929,9.09,4.67,6.54,7.22,1.34,0.98,6.12,4.04
9930,5.95,8.52,0.93,5.51,9.35,6.12,2.45,1.17
9931,9.84,5.11,8.34,1.92,1.33,8.5,1.72,3.24
9932,8.28,6.33,2.01,1.29,3.26,3.7,11.02,4.11
9933,3.34,8.23,7.98,0.52,7.32,2.4,4.68,5.53
9934,5.54,3.74,5.53,8.22,4.03,4.95,3.67,4.32
9935,1.61,6.54,0.78,9.96,6.13,1.47,10.44,3.07
9936,4.31,9.18,4.0,2.69,8.06,3.11,8.59,0.06
9937,9.38,5.28,4.57,4.09,5.74,3.42,1.81,5.71
9938,1.17,3.3,5.01,2.95,4.31,12.19,1.35,9.72
9939,0.86,5.41,3.59,4.16,6.74,2.49,9.3,7.45
9940,4.29,7.9,8.33,0.65,4.87,2.96,3.52,7.48
9941,7.6,2.19,2.39,7.78,5.07,9.69,1.16,4.12
9942,8.44,2.55,3.5,2.25,7.25,1.9,13.96,0.15
9943,4.69,8.07,5.05,4.99,4.23,7.51,1.59,3.87
9944,3.83,8.32,2.32,7.28,2.86,4.02,9.9,1.47
9945,4.92,3.63,9.92,2.8,0.66,0.86,9.78,7.43
9946,0.73,2.12,6.63,8.49,8.55,7.76,2.88,2.84
9947,4.54,3.03,9.92,5.0,2.87,8.6,1.63,4.41
9948,2.1,5.94,4.23,3.73,7.51,1.26,12.75,2.48
9949,4.46,6.28,3.25,8.45,7.19,6.32,3.27,0.78
9950,9.49,5.48,5.39,4.41,6.85,2.93,0.58,4.87
9951,6.06,4.7,2.03,2.9,5.42,1.0,7.79,10.1
9952,1.22,9.48,2.1,6.5,9.89,7.15,0.86,2.8
9953,9.85,7.71,2.56,5.48,5.35,3.79,3.95,1.31
9954,8.46,4.2,6.71,1.86,5.16,2.88,4.43,6.3
9955,7.83,3.85,6.13,0.75,5.5,8.94,6.81,0.19
9956,1.24,3.57,5.18,7.16,3.54,6.0,3.7,9.61
9957,9.34,5.72,6.01,0.71,9.01,0.74,6.57,1.9
9958,1.83,9.42,6.15,1.36,1.21,5.41,2.51,12.11
9959,0.58,6.63,3.03,10.69,1.13,10.91,0.84,6.19
9960,9.57,2.52,8.86,5.07,5.01,0.31,4.59,4.07
9961,1.98,3.19,8.43,3.34,8.45,2.91,0.94,10.76
9962,2.41,1.94,8.76,3.95,0.6,2.63,8.5,11.21
9963,7.21,5.43,5.51,7.44,3.08,1.27,7.87,2.19
9964,8.74,1.08,3.25,6.64,9.01,6.13,2.83,2.32
9965,2.21,4.03,7.89,4.36,7.18,7.26,0.47,6.6
9966,7.44,1.09,3.59,0.71,10.87,2.47,8.45,5.38
9967,1.59,9.58,7.02,4.2,3.36,3.21,6.46,4.58
9968,4.99,1.26,3.3,3.54,5.24,12.28,1.3,8.09
9969,8.18,8.81,3.53,4.61,2.26,2.71,8.26,1.64
9970,9.52,2.12,1.9,5.23,0.98,10.02,3.86,6.37
9971,6.42,2.87,9.61,3.11,1.83,6.15,8.94,1.07
9972,2.79,4.19,2.77,6.52,4.79,10.88,3.21,4.85
9973,5.62,7.41,6.76,8.03,1.3,2.75,7.98,0.15
9974,4.03,8.11,4.41,2.07,8.06,3.97,4.12,5.23
9975,7.57,4.08,1.64,1.92,7.68,10.94,5.18,0.99
9976,1.82,7.73,9.24,3.0,8.88,5.8,0.42,3.11
9977,3.9,8.05,9.34,6.07,1.08,1.83,7.13,2.6
9978,7.73,4.99,4.34,1.65,10.13,3.74,7.37,0.05
9979,1.48,8.2,1.73,7.77,4.37,5.08,4.02,7.35
9980,5.39,6.89,2.96,2.28,6.62,1.23,1.5,13.13
9981,9.78,4.28,7.91,6.9,1.4,3.57,6.05,0.11
9982,2.95,7.1,1.89,2.14,6.11,4.69,10.71,4.41
9983,5.16,9.53,1.34,1.39,5.68,0.75,5.6,10.55
9984,9.12,1.87,7.41,2.07,2.92,4.92,1.77,9.92
9985,1.72,2.73,11.25,4.74,3.72,5.46,8.7,1.68
9986,8.14,4.63,3.54,6.36,1.2,1.37,0.99,13.77
9987,0.52,5.44,9.79,1.24,6.63,7.87,1.36,7.15
9988,3.61,6.99,3.15,5.34,10.15,4.2,5.82,0.74
9989,6.41,5.14,2.15,2.11,0.9,11.42,4.51,7.36
9990,6.24,0.6,1.84,9.49,10.57,7.12,2.62,1.52
9991,8.32,4.88,5.27,1.56,7.41,7.18,2.82,2.56
9992,7.03,7.55,7.98,5.62,2.37,3.24,5.16,1.05
9993,3.59,4.4,7.56,5.07,8.78,1.56,5.36,3.68
9994,5.44,5.07,5.19,2.65,4.36,6.09,9.34,1.86
9995,6.89,4.4,4.06,6.87,7.2,6.85,2.56,1.17
9996,5.96,8.97,6.08,6.07,3.24,2.84,6.75,0.09
9997,4.56,2.37,10.89,4.09,2.18,4.37,11.48,0.06
9998,4.24,7.05,2.55,7.27,1.9,2.33,10.14,4.52
9999,3.93,8.05,8.23,5.52,3.95,3.88,2.44,4.0
10000,3.48,0.81,9.1,2.25,9.14,2.1,10.48,2.64
